scenario,planner,seed,k_samples,t_horizon,grad_steps,alpha,reached_goal,collision_free,success,steps,final_distance,min_goal_distance,cumulative_cost,collisions,mean_control_delta,control_roughness,avg_control_ms,total_control_ms,episode_ms,sample_budget,p95_control_ms,max_control_ms,control_deadline_ms,avg_control_slot_ms,deadline_misses,deadline_feasible,real_time_success
box_detour_open,diff_mppi_3,7956,256,16,3,0.01,0,1,0,420,0.453317,0.068107,12.0135,0,0.384222,0.293351,2.54103,1067.23,1091.45,1720320,3.0541,3.5285,0,2.54126,0,1,0
box_detour_open,diff_mppi_3,7963,256,16,3,0.01,0,1,0,420,0.411327,0.0546531,11.5498,0,0.382063,0.389489,2.39291,1005.02,1028.55,1720320,2.4236,2.7508,0,2.39309,0,1,0
box_detour_open,diff_mppi_3,7970,256,16,3,0.01,0,1,0,420,0.545233,0.0956168,14.3219,0,0.351289,0.243429,2.39457,1005.72,1031.65,1720320,2.4204,2.7345,0,2.39479,0,1,0
box_detour_open,diff_mppi_3,7977,256,16,3,0.01,0,1,0,420,0.47786,0.0762702,12.7768,0,0.385494,0.322523,2.4376,1023.79,1055.39,1720320,2.5546,2.9505,0,2.43794,0,1,0
box_detour_open,diff_mppi_3,7984,256,16,3,0.01,0,1,0,420,0.519907,0.0580655,14.3693,0,0.350146,0.272146,2.41426,1013.99,1037.19,1720320,2.4505,2.6449,0,2.41452,0,1,0
box_detour_open,diff_mppi_3,7991,256,16,3,0.01,0,1,0,420,0.464265,0.0606564,12.4714,0,0.389369,0.325817,2.41215,1013.1,1038.76,1720320,2.4612,2.8534,0,2.4124,0,1,0
box_detour_open,diff_mppi_3,7998,256,16,3,0.01,0,1,0,420,0.474166,0.0539602,13.5446,0,0.402843,0.383436,2.4077,1011.23,1036.57,1720320,2.4447,2.7445,0,2.40794,0,1,0
box_detour_open,diff_mppi_3,8005,256,16,3,0.01,0,1,0,420,0.496264,0.0670645,13.8039,0,0.356822,0.283009,2.4187,1015.85,1039.67,1720320,2.5089,2.773,0,2.41893,0,1,0
box_detour_open,diff_mppi_3,8012,256,16,3,0.01,0,1,0,420,0.395906,0.0596636,10.8015,0,0.369431,0.317854,2.42362,1017.92,1046.82,1720320,2.5423,2.7774,0,2.4239,0,1,0
box_detour_open,diff_mppi_3,8019,256,16,3,0.01,0,1,0,420,0.450346,0.075005,11.8604,0,0.351145,0.237192,2.42046,1016.59,1045.39,1720320,2.5567,2.6914,0,2.42072,0,1,0
box_detour_open,diff_mppi_3,8026,256,16,3,0.01,0,1,0,420,0.487147,0.0734405,12.9416,0,0.365345,0.303583,2.45611,1031.56,1069.44,1720320,2.5566,2.9887,0,2.45649,0,1,0
box_detour_open,diff_mppi_3,8033,256,16,3,0.01,0,1,0,420,0.468941,0.0539122,12.418,0,0.386718,0.341642,2.43617,1023.19,1051.94,1720320,2.5595,2.7258,0,2.43647,0,1,0
box_detour_open,diff_mppi_3,8040,256,16,3,0.01,0,1,0,420,0.432052,0.0670165,11.8494,0,0.350584,0.251507,2.41656,1014.96,1042.6,1720320,2.4662,2.679,0,2.41683,0,1,0
box_detour_open,diff_mppi_3,8047,256,16,3,0.01,0,1,0,420,0.477754,0.0726617,12.7215,0,0.382832,0.325319,2.43414,1022.34,1049.61,1720320,2.5248,2.7681,0,2.43438,0,1,0
box_detour_open,diff_mppi_3,8054,256,16,3,0.01,0,1,0,420,0.504929,0.0704618,13.6856,0,0.350898,0.276843,2.43596,1023.1,1050.51,1720320,2.5335,3.1777,0,2.43619,0,1,0
box_detour_open,diff_mppi_3,8061,256,16,3,0.01,0,1,0,420,0.512474,0.0725771,13.9414,0,0.362968,0.293126,2.42064,1016.67,1042.54,1720320,2.4486,2.543,0,2.42086,0,1,0
box_detour_open,diff_mppi_3,8068,256,16,3,0.01,0,1,0,420,0.458726,0.0582442,11.7615,0,0.351895,0.264297,2.4226,1017.49,1043.89,1720320,2.4607,2.6223,0,2.42283,0,1,0
box_detour_open,diff_mppi_3,8075,256,16,3,0.01,0,1,0,420,0.380828,0.0509328,10.6272,0,0.367496,0.31817,2.43041,1020.77,1047.98,1720320,2.4658,2.8638,0,2.43067,0,1,0
box_detour_open,diff_mppi_3,8082,256,16,3,0.01,0,1,0,420,0.409499,0.0494591,10.7607,0,0.359568,0.256827,2.45981,1033.12,1067.31,1720320,2.5396,2.6976,0,2.46012,0,1,0
box_detour_open,diff_mppi_3,8089,256,16,3,0.01,0,1,0,420,0.486933,0.0499816,12.5445,0,0.360693,0.348705,2.59779,1091.07,1118.64,1720320,3.7135,8.3624,0,2.59812,0,1,0
box_detour_open,diff_mppi_3,8096,256,16,3,0.01,0,1,0,420,0.453044,0.0574625,11.6585,0,0.347356,0.255395,2.43068,1020.89,1046,1720320,2.4863,2.8346,0,2.43097,0,1,0
box_detour_open,diff_mppi_3,8103,256,16,3,0.01,0,1,0,420,0.424365,0.0862311,10.9156,0,0.340291,0.259936,2.42722,1019.43,1045.18,1720320,2.4811,2.6888,0,2.42744,0,1,0
box_detour_open,diff_mppi_3,8110,256,16,3,0.01,0,1,0,420,0.441065,0.0469354,11.6416,0,0.349511,0.234155,2.44053,1025.02,1056.85,1720320,2.4802,2.7078,0,2.44081,0,1,0
box_detour_open,diff_mppi_3,8117,256,16,3,0.01,0,1,0,420,0.454397,0.0759008,12.5495,0,0.410178,0.439298,2.43558,1022.94,1051.4,1720320,2.475,2.8281,0,2.43588,0,1,0
box_detour_open,diff_mppi_3,8124,256,16,3,0.01,0,1,0,420,0.567481,0.0762018,15.5512,0,0.367167,0.264448,2.42942,1020.36,1047.44,1720320,2.4637,2.658,0,2.42967,0,1,0
box_detour_open,diff_mppi_3,8131,256,16,3,0.01,0,1,0,420,0.453579,0.0658593,11.9003,0,0.366393,0.282609,2.46399,1034.88,1066.18,1720320,2.5755,3.07,0,2.46429,0,1,0
box_detour_open,diff_mppi_3,8138,256,16,3,0.01,0,1,0,420,0.41285,0.0522097,11.0142,0,0.36755,0.298396,2.44171,1025.52,1052.08,1720320,2.5089,2.8221,0,2.44201,0,1,0
box_detour_open,diff_mppi_3,8145,256,16,3,0.01,0,1,0,420,0.461536,0.0558917,12.7684,0,0.408882,0.372616,2.42743,1019.52,1048.23,1720320,2.4583,2.7912,0,2.42768,0,1,0
box_detour_open,diff_mppi_3,8152,256,16,3,0.01,0,1,0,420,0.438849,0.0503683,11.7936,0,0.345872,0.22884,2.4295,1020.39,1048.07,1720320,2.4916,2.792,0,2.42972,0,1,0
box_detour_open,diff_mppi_3,8159,256,16,3,0.01,0,1,0,420,0.445458,0.0662154,12.1569,0,0.355313,0.265808,2.44264,1025.91,1050.35,1720320,2.4834,5.4337,0,2.4429,0,1,0
box_detour_open,mppi,7956,256,16,0,0,0,1,0,420,0.486987,0.054513,13.5863,0,0.368538,0.25612,0.104724,43.9839,53.0968,1720320,0.1129,0.1459,0,0.104849,0,1,0
box_detour_open,mppi,7963,256,16,0,0,0,1,0,420,0.443867,0.0608274,12.8465,0,0.353842,0.237071,0.108598,45.6112,54.1076,1720320,0.1257,0.1662,0,0.108746,0,1,0
box_detour_open,mppi,7970,256,16,0,0,0,1,0,420,0.510002,0.0642438,13.7246,0,0.344301,0.235887,0.113519,47.6781,54.9924,1720320,0.1278,1.4511,0,0.113657,0,1,0
box_detour_open,mppi,7977,256,16,0,0,0,1,0,420,0.56024,0.0902136,15.8254,0,0.361727,0.249377,0.10879,45.6916,53.2916,1720320,0.1287,0.1582,0,0.108919,0,1,0
box_detour_open,mppi,7984,256,16,0,0,0,1,0,420,0.497,0.0574958,14.0983,0,0.341434,0.22128,0.105395,44.266,51.566,1720320,0.1245,0.1559,0,0.105535,0,1,0
box_detour_open,mppi,7991,256,16,0,0,0,1,0,420,0.509501,0.0584943,14.6422,0,0.368457,0.246003,0.109568,46.0184,53.6169,1720320,0.1274,0.1761,0,0.109745,0,1,0
box_detour_open,mppi,7998,256,16,0,0,0,1,0,420,0.500389,0.0459649,13.6943,0,0.347764,0.213463,0.099428,41.7598,47.1968,1720320,0.1154,0.1762,0,0.0995474,0,1,0
box_detour_open,mppi,8005,256,16,0,0,0,1,0,420,0.550819,0.0658612,15.9938,0,0.358772,0.254405,0.10216,42.9074,48.9362,1720320,0.1224,0.1904,0,0.102277,0,1,0
box_detour_open,mppi,8012,256,16,0,0,0,1,0,420,0.467556,0.0348007,13.6718,0,0.367653,0.283303,0.101099,42.4618,48.7589,1720320,0.1199,0.1701,0,0.101223,0,1,0
box_detour_open,mppi,8019,256,16,0,0,0,1,0,420,0.523203,0.063544,14.4651,0,0.368858,0.285413,0.109537,46.0055,53.9908,1720320,0.1305,0.205,0,0.109688,0,1,0
box_detour_open,mppi,8026,256,16,0,0,0,1,0,420,0.535843,0.0554573,15.4795,0,0.352809,0.252436,0.111321,46.7549,55.8535,1720320,0.136,0.1828,0,0.111475,0,1,0
box_detour_open,mppi,8033,256,16,0,0,0,1,0,420,0.510296,0.0485234,13.9432,0,0.385595,0.345586,0.113297,47.5849,56.9673,1720320,0.1291,0.1649,0,0.113455,0,1,0
box_detour_open,mppi,8040,256,16,0,0,0,1,0,420,0.471911,0.0476349,13.1727,0,0.375991,0.317206,0.113634,47.7264,57.5551,1720320,0.1231,0.1675,0,0.113781,0,1,0
box_detour_open,mppi,8047,256,16,0,0,0,1,0,420,0.49526,0.0612925,13.6909,0,0.394274,0.34859,0.107498,45.1492,53.2144,1720320,0.1226,0.1873,0,0.107643,0,1,0
box_detour_open,mppi,8054,256,16,0,0,0,1,0,420,0.486618,0.0504213,13.4973,0,0.368627,0.299313,0.10449,43.8859,50.7092,1720320,0.1202,0.1454,0,0.104609,0,1,0
box_detour_open,mppi,8061,256,16,0,0,0,1,0,420,0.541479,0.065257,15.2836,0,0.369033,0.303089,0.105474,44.2991,51.1137,1720320,0.1266,0.1754,0,0.105599,0,1,0
box_detour_open,mppi,8068,256,16,0,0,0,1,0,420,0.519358,0.0478612,14.2192,0,0.350405,0.245349,0.105147,44.1618,51.3717,1720320,0.1187,0.1756,0,0.105274,0,1,0
box_detour_open,mppi,8075,256,16,0,0,0,1,0,420,0.553981,0.0767633,15.4698,0,0.33635,0.215311,0.103725,43.5646,49.6941,1720320,0.1128,0.1485,0,0.103848,0,1,0
box_detour_open,mppi,8082,256,16,0,0,0,1,0,420,0.541371,0.0572283,15.1931,0,0.371063,0.288074,0.112584,47.2852,56.8749,1720320,0.126,0.1703,0,0.112725,0,1,0
box_detour_open,mppi,8089,256,16,0,0,0,1,0,420,0.528711,0.0823057,14.875,0,0.342462,0.233569,0.103288,43.3808,49.8536,1720320,0.1269,0.1699,0,0.103439,0,1,0
box_detour_open,mppi,8096,256,16,0,0,0,1,0,420,0.54196,0.069776,15.2677,0,0.35379,0.260235,0.116209,48.8076,58.2042,1720320,0.139,0.1801,0,0.116354,0,1,0
box_detour_open,mppi,8103,256,16,0,0,0,1,0,420,0.466941,0.0787517,12.6878,0,0.332175,0.223448,0.105945,44.4968,51.1376,1720320,0.1261,0.1688,0,0.106065,0,1,0
box_detour_open,mppi,8110,256,16,0,0,0,1,0,420,0.481339,0.045619,13.4208,0,0.358027,0.238001,0.112769,47.3629,55.7298,1720320,0.1332,0.1899,0,0.112915,0,1,0
box_detour_open,mppi,8117,256,16,0,0,0,1,0,420,0.531886,0.0812895,14.4542,0,0.339178,0.214136,0.107049,44.9607,51.1471,1720320,0.1245,0.1607,0,0.107177,0,1,0
box_detour_open,mppi,8124,256,16,0,0,0,1,0,420,0.530528,0.0559872,14.5847,0,0.349628,0.214322,0.105344,44.2445,53.3411,1720320,0.1191,0.1615,0,0.105483,0,1,0
box_detour_open,mppi,8131,256,16,0,0,0,1,0,420,0.482163,0.0679962,13.658,0,0.372469,0.291595,0.104465,43.8755,50.5897,1720320,0.1155,0.1889,0,0.10459,0,1,0
box_detour_open,mppi,8138,256,16,0,0,0,1,0,420,0.496336,0.0338947,13.3115,0,0.362428,0.278386,0.105447,44.2879,51.0685,1720320,0.1352,0.6187,0,0.105583,0,1,0
box_detour_open,mppi,8145,256,16,0,0,0,1,0,420,0.481469,0.0706757,14.1302,0,0.384165,0.271121,0.107205,45.0262,51.8999,1720320,0.1323,0.2113,0,0.107351,0,1,0
box_detour_open,mppi,8152,256,16,0,0,0,1,0,420,0.555831,0.0754841,16.0979,0,0.385377,0.318711,0.106432,44.7013,54.3237,1720320,0.1187,0.2119,0,0.10657,0,1,0
box_detour_open,mppi,8159,256,16,0,0,0,1,0,420,0.488125,0.0485304,14.4586,0,0.38045,0.295404,0.110579,46.4433,55.4738,1720320,0.1416,0.1863,0,0.11073,0,1,0
box_detour_open,oi_face_mppi,7956,256,16,0,0,0,1,0,420,0.394766,0.133026,12.085,0,0.628189,0.602811,0.151873,63.7865,74.0201,1720320,0.1743,0.2352,0,0.152028,0,1,0
box_detour_open,oi_face_mppi,7963,256,16,0,0,0,1,0,420,0.379764,0.202274,11.4786,0,0.436769,0.285058,0.146614,61.5777,70.2916,1720320,0.1676,0.2108,0,0.146784,0,1,0
box_detour_open,oi_face_mppi,7970,256,16,0,0,0,1,0,420,0.448136,0.0645689,12.9988,0,0.607501,0.529371,0.148867,62.524,71.228,1720320,0.1699,0.5839,0,0.149024,0,1,0
box_detour_open,oi_face_mppi,7977,256,16,0,0,0,1,0,420,0.598305,0.115598,14.1805,0,0.603113,0.580015,0.135725,57.0045,62.1926,1720320,0.1531,0.2015,0,0.13584,0,1,0
box_detour_open,oi_face_mppi,7984,256,16,0,0,0,1,0,420,0.40956,0.201116,11.0994,0,0.560762,0.535318,0.143622,60.3212,68.959,1720320,0.1641,0.19,0,0.143765,0,1,0
box_detour_open,oi_face_mppi,7991,256,16,0,0,0,1,0,420,0.61034,0.290653,14.4114,0,0.629085,0.658704,0.136571,57.3598,62.3947,1720320,0.1459,0.2257,0,0.136675,0,1,0
box_detour_open,oi_face_mppi,7998,256,16,0,0,0,1,0,420,0.370372,0.107307,11.291,0,0.609569,0.548696,0.144365,60.6332,69.8752,1720320,0.1595,0.1974,0,0.144549,0,1,0
box_detour_open,oi_face_mppi,8005,256,16,0,0,0,1,0,420,0.501994,0.05954,13.2611,0,0.626915,0.635144,0.140442,58.9858,65.8167,1720320,0.1647,0.2493,0,0.140564,0,1,0
box_detour_open,oi_face_mppi,8012,256,16,0,0,1,1,1,105,0.233664,0.120139,9.3648,0,0.664926,0.647866,0.139781,14.677,16.5403,430080,0.1672,0.1898,0,0.140073,0,1,1
box_detour_open,oi_face_mppi,8019,256,16,0,0,1,1,1,105,0.225624,0.0849877,7.92972,0,0.653454,0.671859,0.151782,15.9371,18.1803,430080,0.1779,0.2137,0,0.152015,0,1,1
box_detour_open,oi_face_mppi,8026,256,16,0,0,0,1,0,420,0.540138,0.0978605,12.7084,0,0.630415,0.631777,0.153549,64.4905,74.36,1720320,0.1722,0.2157,0,0.153712,0,1,0
box_detour_open,oi_face_mppi,8033,256,16,0,0,1,1,1,95,0.22676,0.053163,6.66575,0,0.6021,0.544057,0.136835,12.9993,14.2487,389120,0.1507,0.1697,0,0.13706,0,1,1
box_detour_open,oi_face_mppi,8040,256,16,0,0,0,1,0,420,0.463178,0.0317793,13.1512,0,0.624025,0.543881,0.139324,58.5159,64.6527,1720320,0.1556,0.4679,0,0.139467,0,1,0
box_detour_open,oi_face_mppi,8047,256,16,0,0,0,1,0,420,0.506297,0.128244,15.0345,0,0.623913,0.669541,0.14249,59.8456,68.7803,1720320,0.1567,0.2141,0,0.142641,0,1,0
box_detour_open,oi_face_mppi,8054,256,16,0,0,0,1,0,420,0.330944,0.214521,11.7662,0,0.483003,0.401392,0.140634,59.0663,65.6902,1720320,0.1558,0.2085,0,0.140762,0,1,0
box_detour_open,oi_face_mppi,8061,256,16,0,0,0,1,0,420,0.497203,0.0167179,14.5934,0,0.627228,0.562447,0.147696,62.0325,71.4865,1720320,0.1663,0.1829,0,0.14785,0,1,0
box_detour_open,oi_face_mppi,8068,256,16,0,0,0,1,0,420,0.405392,0.128221,13.3009,0,0.526768,0.431488,0.144738,60.7899,69.8903,1720320,0.1594,0.1855,0,0.144899,0,1,0
box_detour_open,oi_face_mppi,8075,256,16,0,0,1,1,1,85,0.223603,0.124373,6.63173,0,0.615477,0.557248,0.145648,12.3801,14.4474,348160,0.1589,0.1684,0,0.145933,0,1,1
box_detour_open,oi_face_mppi,8082,256,16,0,0,0,1,0,420,0.389884,0.188895,12.4337,0,0.554608,0.466616,0.136901,57.4983,63.155,1720320,0.156,0.1936,0,0.137014,0,1,0
box_detour_open,oi_face_mppi,8089,256,16,0,0,1,1,1,105,0.233613,0.0594755,8.2955,0,0.655605,0.661393,0.145585,15.2864,17.4332,430080,0.173,0.1838,0,0.145869,0,1,1
box_detour_open,oi_face_mppi,8096,256,16,0,0,0,1,0,420,0.477768,0.0923746,14.406,0,0.6152,0.52119,0.143924,60.4483,70.03,1720320,0.1584,0.1868,0,0.144067,0,1,0
box_detour_open,oi_face_mppi,8103,256,16,0,0,1,1,1,86,0.225439,0.0648706,6.61232,0,0.568468,0.46751,0.14381,12.3677,14.1729,352256,0.1586,0.3025,0,0.144065,0,1,1
box_detour_open,oi_face_mppi,8110,256,16,0,0,0,1,0,420,0.444421,0.117623,13.2049,0,0.577153,0.593412,0.141947,59.6177,68.9192,1720320,0.1528,0.1766,0,0.142096,0,1,0
box_detour_open,oi_face_mppi,8117,256,16,0,0,0,1,0,420,0.359837,0.284485,12.1428,0,0.734521,0.972249,0.138297,58.0849,64.9317,1720320,0.1521,0.1787,0,0.138424,0,1,0
box_detour_open,oi_face_mppi,8124,256,16,0,0,0,1,0,420,0.468964,0.0568551,14.1333,0,0.653957,0.599162,0.146679,61.6054,70.5137,1720320,0.1718,0.2303,0,0.146834,0,1,0
box_detour_open,oi_face_mppi,8131,256,16,0,0,0,1,0,420,0.369586,0.21584,11.0089,0,0.434691,0.290482,0.152528,64.0618,73.4882,1720320,0.1826,0.2474,0,0.152696,0,1,0
box_detour_open,oi_face_mppi,8138,256,16,0,0,0,1,0,420,0.505591,0.025759,14.2695,0,0.425802,0.322864,0.161992,68.0368,79.0197,1720320,0.2025,0.5636,0,0.162186,0,1,0
box_detour_open,oi_face_mppi,8145,256,16,0,0,0,1,0,420,0.369835,0.162498,12.1073,0,0.482341,0.358263,0.164208,68.9673,79.8516,1720320,0.1951,0.6322,0,0.164409,0,1,0
box_detour_open,oi_face_mppi,8152,256,16,0,0,1,1,1,116,0.243924,0.219557,8.63472,0,0.666525,0.65966,0.161529,18.7374,21.5045,475136,0.1851,0.2055,0,0.161867,0,1,1
box_detour_open,oi_face_mppi,8159,256,16,0,0,0,1,0,420,0.346608,0.312891,12.6626,0,0.647792,0.678239,0.156776,65.846,75.9974,1720320,0.2,0.3525,0,0.156956,0,1,0
box_detour_open,oi_mppi,7956,256,16,0,0,0,1,0,420,0.0958318,0.39255,16.6797,0,0.449415,0.435227,0.160246,67.3032,75.5122,1720320,0.1667,9.5756,0,0.160394,0,1,0
box_detour_open,oi_mppi,7963,256,16,0,0,1,1,1,227,0.107889,0.346964,15.5276,0,0.622722,0.72345,0.146836,33.3318,38.7041,929792,0.1721,0.2184,0,0.147062,0,1,1
box_detour_open,oi_mppi,7970,256,16,0,0,0,1,0,420,0.117563,0.502696,17.8148,0,0.44238,0.389208,0.153462,64.454,74.8777,1720320,0.172,0.2343,0,0.153649,0,1,0
box_detour_open,oi_mppi,7977,256,16,0,0,0,1,0,420,0.127608,0.382081,18.58,0,0.499404,0.523824,0.144544,60.7085,70.0663,1720320,0.1731,0.5635,0,0.144712,0,1,0
box_detour_open,oi_mppi,7984,256,16,0,0,0,1,0,420,0.128828,0.380778,16.1975,0,0.410826,0.365087,0.14591,61.2822,70.9187,1720320,0.1669,0.1963,0,0.146088,0,1,0
box_detour_open,oi_mppi,7991,256,16,0,0,0,1,0,420,0.109574,0.384597,16.9569,0,0.4197,0.350004,0.14658,61.5635,69.918,1720320,0.2097,0.3674,0,0.14672,0,1,0
box_detour_open,oi_mppi,7998,256,16,0,0,1,1,1,231,0.105396,0.342794,15.1999,0,0.581506,0.608096,0.143634,33.1794,38.2269,946176,0.1653,0.2348,0,0.14392,0,1,1
box_detour_open,oi_mppi,8005,256,16,0,0,1,1,1,246,0.108881,0.340397,15.8177,0,0.659677,0.831508,0.151383,37.2401,43.2376,1007616,0.1695,0.1998,0,0.151578,0,1,1
box_detour_open,oi_mppi,8012,256,16,0,0,0,1,0,420,0.125959,0.410134,17.2347,0,0.449295,0.413081,0.148454,62.3505,71.3538,1720320,0.2135,0.2814,0,0.148586,0,1,0
box_detour_open,oi_mppi,8019,256,16,0,0,0,1,0,420,0.129613,0.459946,15.8161,0,0.425919,0.359879,0.145331,61.0392,71.0772,1720320,0.165,0.3081,0,0.145504,0,1,0
box_detour_open,oi_mppi,8026,256,16,0,0,0,1,0,420,0.114799,0.366138,17.4728,0,0.445519,0.40862,0.142091,59.6783,69.1958,1720320,0.1661,0.2355,0,0.142307,0,1,0
box_detour_open,oi_mppi,8033,256,16,0,0,0,1,0,420,0.126248,0.456453,19.4332,0,0.453924,0.426529,0.142837,59.9914,69.3338,1720320,0.1656,0.2706,0,0.142993,0,1,0
box_detour_open,oi_mppi,8040,256,16,0,0,0,1,0,420,0.119269,0.585893,21.5066,0,0.487942,0.442319,0.138594,58.2095,66.4009,1720320,0.165,0.4847,0,0.138747,0,1,0
box_detour_open,oi_mppi,8047,256,16,0,0,0,1,0,420,0.122253,0.464518,17.9031,0,0.448992,0.398711,0.150744,63.3123,73.9687,1720320,0.1802,0.2748,0,0.150921,0,1,0
box_detour_open,oi_mppi,8054,256,16,0,0,0,1,0,420,0.123275,0.50398,17.6898,0,0.440685,0.395933,0.139506,58.5926,66.651,1720320,0.1683,0.2747,0,0.139676,0,1,0
box_detour_open,oi_mppi,8061,256,16,0,0,0,1,0,420,0.103405,0.478879,17.1794,0,0.434123,0.371777,0.14125,59.3251,68.2332,1720320,0.1721,0.2571,0,0.141405,0,1,0
box_detour_open,oi_mppi,8068,256,16,0,0,0,1,0,420,0.13946,0.598535,17.5577,0,0.490576,0.553838,0.141835,59.5708,68.1638,1720320,0.1686,0.2049,0,0.141988,0,1,0
box_detour_open,oi_mppi,8075,256,16,0,0,0,1,0,420,0.118958,0.469505,16.7642,0,0.414198,0.352237,0.136703,57.4154,65.7424,1720320,0.1556,0.2125,0,0.136852,0,1,0
box_detour_open,oi_mppi,8082,256,16,0,0,0,1,0,420,0.116352,0.43734,17.1519,0,0.477174,0.503374,0.13649,57.3258,65.7104,1720320,0.1529,0.2139,0,0.136638,0,1,0
box_detour_open,oi_mppi,8089,256,16,0,0,0,1,0,420,0.116063,0.413548,16.9582,0,0.421775,0.368114,0.146449,61.5086,71.386,1720320,0.1638,0.2375,0,0.146601,0,1,0
box_detour_open,oi_mppi,8096,256,16,0,0,1,1,1,350,0.131091,0.348771,16.5124,0,0.506006,0.549437,0.146445,51.2557,59.4088,1433600,0.1663,0.1952,0,0.146629,0,1,1
box_detour_open,oi_mppi,8103,256,16,0,0,0,1,0,420,0.134543,0.400613,16.8779,0,0.422064,0.3772,0.144471,60.6778,70.4687,1720320,0.1645,0.1947,0,0.144624,0,1,0
box_detour_open,oi_mppi,8110,256,16,0,0,0,1,0,420,0.11453,0.687139,18.1791,0,0.506688,0.5688,0.140762,59.1202,68.3809,1720320,0.167,0.2688,0,0.140919,0,1,0
box_detour_open,oi_mppi,8117,256,16,0,0,1,1,1,268,0.120418,0.346953,16.1358,0,0.588687,0.615886,0.134816,36.1307,41.5957,1097728,0.1565,0.1839,0,0.134963,0,1,1
box_detour_open,oi_mppi,8124,256,16,0,0,0,1,0,420,0.118672,0.353617,17.123,0,0.464291,0.48981,0.1416,59.472,68.7661,1720320,0.1572,0.1859,0,0.141749,0,1,0
box_detour_open,oi_mppi,8131,256,16,0,0,0,1,0,420,0.108554,0.359676,16.374,0,0.423728,0.381844,0.140829,59.148,67.7137,1720320,0.1659,0.4802,0,0.140993,0,1,0
box_detour_open,oi_mppi,8138,256,16,0,0,1,1,1,227,0.129737,0.335225,16.4956,0,0.699598,0.81362,0.140033,31.7875,36.0172,929792,0.1571,0.1802,0,0.140266,0,1,1
box_detour_open,oi_mppi,8145,256,16,0,0,0,1,0,420,0.0968088,0.376059,16.1056,0,0.413137,0.319942,0.13147,55.2174,61.878,1720320,0.1515,0.1881,0,0.131662,0,1,0
box_detour_open,oi_mppi,8152,256,16,0,0,0,1,0,420,0.127739,0.401245,17.9369,0,0.4905,0.552365,0.139336,58.521,66.6588,1720320,0.1534,0.1853,0,0.139468,0,1,0
box_detour_open,oi_mppi,8159,256,16,0,0,0,1,0,420,0.123402,0.505388,17.0797,0,0.435602,0.429092,0.13478,56.6074,63.4839,1720320,0.1542,0.1783,0,0.134911,0,1,0
box_detour_open,oi_path_mppi,7956,256,16,0,0,0,1,0,420,0.348191,0.0914545,10.4682,0,0.265957,0.165949,0.139705,58.6762,66.2873,1720320,0.1577,0.196,0,0.139851,0,1,0
box_detour_open,oi_path_mppi,7963,256,16,0,0,0,1,0,420,0.293908,0.142418,11.1284,0,0.288941,0.224104,0.138093,57.9992,64.9572,1720320,0.1513,0.2164,0,0.138226,0,1,0
box_detour_open,oi_path_mppi,7970,256,16,0,0,0,1,0,420,0.386671,0.0712055,11.078,0,0.262536,0.161945,0.140275,58.9154,66.0675,1720320,0.1549,0.1851,0,0.140407,0,1,0
box_detour_open,oi_path_mppi,7977,256,16,0,0,0,1,0,420,0.303648,0.133076,12.0164,0,0.294468,0.21087,0.142493,59.847,68.0599,1720320,0.1631,0.2163,0,0.142645,0,1,0
box_detour_open,oi_path_mppi,7984,256,16,0,0,0,1,0,420,0.34801,0.0896921,10.6523,0,0.274655,0.216157,0.151477,63.6203,73.7217,1720320,0.1982,0.3528,0,0.151646,0,1,0
box_detour_open,oi_path_mppi,7991,256,16,0,0,0,1,0,420,0.344775,0.0965141,11.0682,0,0.27447,0.197219,0.127906,53.7205,59.2797,1720320,0.1569,0.2092,0,0.128025,0,1,0
box_detour_open,oi_path_mppi,7998,256,16,0,0,1,1,1,94,0.239224,0.210321,8.26901,0,0.714681,0.965375,0.146177,13.7406,15.622,385024,0.1655,0.214,0,0.146565,0,1,1
box_detour_open,oi_path_mppi,8005,256,16,0,0,0,1,0,420,0.425961,0.0562982,12.8441,0,0.286077,0.240093,0.208347,87.5057,104.934,1720320,0.2667,0.3738,0,0.208484,0,1,0
box_detour_open,oi_path_mppi,8012,256,16,0,0,0,1,0,420,0.319215,0.10955,10.7639,0,0.270209,0.184813,0.131962,55.4242,60.9984,1720320,0.1507,0.1906,0,0.132084,0,1,0
box_detour_open,oi_path_mppi,8019,256,16,0,0,1,1,1,91,0.245102,0.217094,7.29216,0,0.655284,0.738011,0.133652,12.1623,13.3961,372736,0.1543,0.1661,0,0.133838,0,1,1
box_detour_open,oi_path_mppi,8026,256,16,0,0,0,1,0,420,0.444266,0.0474538,12.9893,0,0.247473,0.129668,0.141113,59.2675,67.0946,1720320,0.1563,0.1886,0,0.141275,0,1,0
box_detour_open,oi_path_mppi,8033,256,16,0,0,0,1,0,420,0.39553,0.0662078,13.4087,0,0.28955,0.217322,0.141921,59.6067,67.789,1720320,0.1552,0.1881,0,0.142065,0,1,0
box_detour_open,oi_path_mppi,8040,256,16,0,0,0,1,0,420,0.377854,0.0745942,11.9115,0,0.269732,0.188373,0.14387,60.4252,69.0012,1720320,0.1611,0.192,0,0.144021,0,1,0
box_detour_open,oi_path_mppi,8047,256,16,0,0,0,1,0,420,0.348458,0.0887288,11.1483,0,0.264266,0.177443,0.136514,57.336,63.8592,1720320,0.1529,0.1919,0,0.136645,0,1,0
box_detour_open,oi_path_mppi,8054,256,16,0,0,0,1,0,420,0.316171,0.118513,10.5649,0,0.262332,0.195167,0.13344,56.0446,62.2484,1720320,0.1491,0.1799,0,0.133568,0,1,0
box_detour_open,oi_path_mppi,8061,256,16,0,0,0,1,0,420,0.389037,0.0652707,12.0539,0,0.287472,0.231473,0.134967,56.6862,61.9116,1720320,0.15,0.1705,0,0.135072,0,1,0
box_detour_open,oi_path_mppi,8068,256,16,0,0,1,1,1,89,0.232862,0.209333,7.67402,0,0.746874,0.954048,0.143185,12.7435,14.7993,364544,0.1543,0.1713,0,0.143463,0,1,1
box_detour_open,oi_path_mppi,8075,256,16,0,0,0,1,0,420,0.339982,0.106813,10.6708,0,0.278698,0.221869,0.137822,57.8853,64.8093,1720320,0.1564,0.2176,0,0.137954,0,1,0
box_detour_open,oi_path_mppi,8082,256,16,0,0,0,1,0,420,0.336035,0.104069,11.5096,0,0.277742,0.196316,0.138131,58.0149,66.0046,1720320,0.1505,0.2054,0,0.138272,0,1,0
box_detour_open,oi_path_mppi,8089,256,16,0,0,0,1,0,420,0.345706,0.0953908,11.5876,0,0.303152,0.288454,0.136022,57.1291,63.1333,1720320,0.1511,0.18,0,0.136153,0,1,0
box_detour_open,oi_path_mppi,8096,256,16,0,0,0,1,0,420,0.402666,0.0570459,13.7657,0,0.304117,0.264348,0.132507,55.6531,62.3934,1720320,0.1527,0.1845,0,0.13262,0,1,0
box_detour_open,oi_path_mppi,8103,256,16,0,0,0,1,0,420,0.36013,0.0850407,11.2836,0,0.256455,0.16862,0.136611,57.3768,64.5558,1720320,0.1569,0.1938,0,0.136743,0,1,0
box_detour_open,oi_path_mppi,8110,256,16,0,0,0,1,0,420,0.409476,0.0550466,12.3256,0,0.274467,0.214213,0.143791,60.3922,69.0458,1720320,0.166,0.2223,0,0.143944,0,1,0
box_detour_open,oi_path_mppi,8117,256,16,0,0,0,1,0,420,0.361961,0.0800576,10.8627,0,0.271286,0.244832,0.143341,60.2033,69.7998,1720320,0.1599,0.1985,0,0.143493,0,1,0
box_detour_open,oi_path_mppi,8124,256,16,0,0,0,1,0,420,0.3571,0.0857128,11.0631,0,0.294744,0.267521,0.137662,57.8181,64.8581,1720320,0.1556,0.2131,0,0.137796,0,1,0
box_detour_open,oi_path_mppi,8131,256,16,0,0,0,1,0,420,0.362769,0.0874773,11.1686,0,0.27712,0.191165,0.140351,58.9475,68.1851,1720320,0.153,0.5323,0,0.140503,0,1,0
box_detour_open,oi_path_mppi,8138,256,16,0,0,0,1,0,420,0.407949,0.0495769,12.2042,0,0.270506,0.183502,0.136286,57.24,63.5274,1720320,0.1516,0.2209,0,0.136416,0,1,0
box_detour_open,oi_path_mppi,8145,256,16,0,0,0,1,0,420,0.358379,0.08118,11.3182,0,0.251434,0.130851,0.140036,58.815,67.0948,1720320,0.1565,0.2615,0,0.14019,0,1,0
box_detour_open,oi_path_mppi,8152,256,16,0,0,0,1,0,420,0.328081,0.0990151,11.2819,0,0.280553,0.222445,0.139515,58.5965,65.6706,1720320,0.1525,0.2059,0,0.139644,0,1,0
box_detour_open,oi_path_mppi,8159,256,16,0,0,0,1,0,420,0.30108,0.138284,10.4049,0,0.247873,0.126975,0.138879,58.329,66.5682,1720320,0.1577,0.1839,0,0.139021,0,1,0
box_detour_open,oi_path_slow_mppi,7956,256,16,0,0,0,1,0,420,0.331125,0.221063,10.3653,0,0.276243,0.187646,0.150793,63.3329,73.2608,1720320,0.1728,0.2362,0,0.150955,0,1,0
box_detour_open,oi_path_slow_mppi,7963,256,16,0,0,1,1,1,228,0.249473,0.279125,8.79343,0,0.310386,0.191722,0.156933,35.7808,41.5254,933888,0.184,0.2929,0,0.15718,0,1,1
box_detour_open,oi_path_slow_mppi,7970,256,16,0,0,0,1,0,420,0.290585,0.250714,10.2019,0,0.261959,0.15218,0.144273,60.5945,69.3685,1720320,0.1629,0.2974,0,0.144418,0,1,0
box_detour_open,oi_path_slow_mppi,7977,256,16,0,0,0,1,0,420,0.351886,0.227286,11.6606,0,0.278823,0.178934,0.139023,58.3898,65.8647,1720320,0.1544,0.2402,0,0.139175,0,1,0
box_detour_open,oi_path_slow_mppi,7984,256,16,0,0,0,1,0,420,0.347006,0.21807,11.0575,0,0.252112,0.13415,0.140665,59.0791,67.4284,1720320,0.1547,0.1845,0,0.140804,0,1,0
box_detour_open,oi_path_slow_mppi,7991,256,16,0,0,0,1,0,420,0.29317,0.247358,10.0654,0,0.260615,0.157318,0.142788,59.9708,68.5268,1720320,0.1606,0.186,0,0.142936,0,1,0
box_detour_open,oi_path_slow_mppi,7998,256,16,0,0,1,1,1,132,0.242518,0.288756,7.95506,0,0.486402,0.46742,0.147543,19.4757,22.4757,540672,0.1649,0.1942,0,0.147764,0,1,1
box_detour_open,oi_path_slow_mppi,8005,256,16,0,0,1,1,1,217,0.246365,0.268831,8.71242,0,0.382318,0.348438,0.13756,29.8506,33.1333,888832,0.1604,0.194,0,0.137725,0,1,1
box_detour_open,oi_path_slow_mppi,8012,256,16,0,0,0,1,0,420,0.309127,0.23183,10.225,0,0.256573,0.138711,0.14396,60.4632,70.2074,1720320,0.1629,0.1862,0,0.144113,0,1,0
box_detour_open,oi_path_slow_mppi,8019,256,16,0,0,0,1,0,420,0.351975,0.221533,10.8828,0,0.244794,0.128919,0.135956,57.1013,64.2743,1720320,0.1548,0.6252,0,0.1361,0,1,0
box_detour_open,oi_path_slow_mppi,8026,256,16,0,0,0,1,0,420,0.343161,0.226022,10.5489,0,0.236187,0.103529,0.139176,58.4541,65.8076,1720320,0.1527,0.1839,0,0.13932,0,1,0
box_detour_open,oi_path_slow_mppi,8033,256,16,0,0,0,1,0,420,0.308487,0.241391,10.7408,0,0.267176,0.178325,0.143807,60.399,68.5546,1720320,0.16,0.2157,0,0.143973,0,1,0
box_detour_open,oi_path_slow_mppi,8040,256,16,0,0,0,1,0,420,0.303947,0.243938,10.3848,0,0.257873,0.157062,0.143339,60.2023,68.4977,1720320,0.1618,0.2534,0,0.143481,0,1,0
box_detour_open,oi_path_slow_mppi,8047,256,16,0,0,0,1,0,420,0.38149,0.211324,12.0045,0,0.262526,0.172096,0.13719,57.6199,64.8153,1720320,0.1566,0.2276,0,0.137335,0,1,0
box_detour_open,oi_path_slow_mppi,8054,256,16,0,0,0,1,0,420,0.312975,0.231981,10.3487,0,0.257441,0.16208,0.134645,56.5511,62.9289,1720320,0.1531,0.2055,0,0.134788,0,1,0
box_detour_open,oi_path_slow_mppi,8061,256,16,0,0,0,1,0,420,0.351359,0.220265,11.2916,0,0.243106,0.118814,0.178667,75.04,88.2156,1720320,0.2493,0.4028,0,0.178824,0,1,0
box_detour_open,oi_path_slow_mppi,8068,256,16,0,0,1,1,1,139,0.233517,0.321469,8.57332,0,0.464717,0.444405,0.145668,20.2479,23.1102,569344,0.1642,0.1765,0,0.145863,0,1,1
box_detour_open,oi_path_slow_mppi,8075,256,16,0,0,0,1,0,420,0.289115,0.254605,10.2225,0,0.257939,0.161111,0.142527,59.8614,68.8677,1720320,0.1586,0.1913,0,0.142682,0,1,0
box_detour_open,oi_path_slow_mppi,8082,256,16,0,0,0,1,0,420,0.314401,0.234684,10.8697,0,0.274409,0.180105,0.140291,58.9224,66.4246,1720320,0.1591,0.2207,0,0.140427,0,1,0
box_detour_open,oi_path_slow_mppi,8089,256,16,0,0,0,1,0,420,0.353467,0.223364,10.6913,0,0.237383,0.127734,0.137997,57.9588,65.0344,1720320,0.1615,0.2613,0,0.138126,0,1,0
box_detour_open,oi_path_slow_mppi,8096,256,16,0,0,0,1,0,420,0.366851,0.210928,11.1334,0,0.25549,0.145167,0.145432,61.0815,69.4817,1720320,0.1662,0.2317,0,0.145577,0,1,0
box_detour_open,oi_path_slow_mppi,8103,256,16,0,0,0,1,0,420,0.317359,0.233436,10.4706,0,0.265148,0.176491,0.135136,56.7573,62.6966,1720320,0.1499,0.1835,0,0.135252,0,1,0
box_detour_open,oi_path_slow_mppi,8110,256,16,0,0,0,1,0,420,0.412248,0.204693,12.0654,0,0.242255,0.106558,0.14624,61.4207,70.7091,1720320,0.1649,0.2278,0,0.146395,0,1,0
box_detour_open,oi_path_slow_mppi,8117,256,16,0,0,0,1,0,420,0.288748,0.25023,10.2594,0,0.273012,0.181039,0.138356,58.1095,66.1415,1720320,0.1676,0.2053,0,0.138493,0,1,0
box_detour_open,oi_path_slow_mppi,8124,256,16,0,0,0,1,0,420,0.312248,0.234817,10.6122,0,0.263019,0.174231,0.143958,60.4625,69.3192,1720320,0.1641,0.2028,0,0.144117,0,1,0
box_detour_open,oi_path_slow_mppi,8131,256,16,0,0,0,1,0,420,0.313863,0.233193,10.1739,0,0.252794,0.131206,0.138774,58.2852,66.3909,1720320,0.1498,0.1733,0,0.138916,0,1,0
box_detour_open,oi_path_slow_mppi,8138,256,16,0,0,0,1,0,420,0.295983,0.239464,9.83242,0,0.256929,0.177362,0.136748,57.434,64.7662,1720320,0.1548,0.2181,0,0.136877,0,1,0
box_detour_open,oi_path_slow_mppi,8145,256,16,0,0,0,1,0,420,0.39958,0.202765,11.6801,0,0.252408,0.133603,0.142978,60.0509,69.7315,1720320,0.1584,0.2,0,0.143126,0,1,0
box_detour_open,oi_path_slow_mppi,8152,256,16,0,0,0,1,0,420,0.329065,0.226737,10.7726,0,0.25391,0.134429,0.137059,57.5649,64.4942,1720320,0.1556,0.1721,0,0.137207,0,1,0
box_detour_open,oi_path_slow_mppi,8159,256,16,0,0,0,1,0,420,0.335712,0.225591,11.0099,0,0.255703,0.154348,0.143936,60.453,69.5302,1720320,0.1607,0.1892,0,0.144085,0,1,0
box_detour_open,soppi_fast,7956,256,16,1,0.01,0,1,0,420,0.508927,0.0533508,13.6073,0,0.369369,0.257589,1.31447,552.077,565.174,1720320,1.3455,1.4454,0,1.3147,0,1,0
box_detour_open,soppi_fast,7963,256,16,1,0.01,0,1,0,420,0.475007,0.0556529,12.9112,0,0.343994,0.217157,1.30409,547.719,562.503,1720320,1.3397,1.4274,0,1.30428,0,1,0
box_detour_open,soppi_fast,7970,256,16,1,0.01,0,1,0,420,0.501529,0.0683939,13.3164,0,0.360871,0.272578,1.29981,545.92,560.089,1720320,1.3303,1.3665,0,1.30001,0,1,0
box_detour_open,soppi_fast,7977,256,16,1,0.01,0,1,0,420,0.483385,0.077802,13.4175,0,0.38089,0.3119,1.32606,556.947,576.42,1720320,1.3766,1.8853,0,1.32633,0,1,0
box_detour_open,soppi_fast,7984,256,16,1,0.01,0,1,0,420,0.46191,0.055506,12.5998,0,0.378581,0.4047,1.35149,567.624,592.122,1720320,1.4244,2.7232,0,1.35187,0,1,0
box_detour_open,soppi_fast,7991,256,16,1,0.01,0,1,0,420,0.538557,0.0733646,15.1579,0,0.359556,0.218748,1.31871,553.86,570.05,1720320,1.371,1.4507,0,1.31898,0,1,0
box_detour_open,soppi_fast,7998,256,16,1,0.01,0,1,0,420,0.438346,0.0405642,12.3134,0,0.372831,0.310903,1.3061,548.563,562.884,1720320,1.3728,1.5112,0,1.30632,0,1,0
box_detour_open,soppi_fast,8005,256,16,1,0.01,0,1,0,420,0.462894,0.054474,13.0242,0,0.381545,0.331165,1.30514,548.16,562.931,1720320,1.35,1.5429,0,1.30536,0,1,0
box_detour_open,soppi_fast,8012,256,16,1,0.01,0,1,0,420,0.444677,0.0469744,12.4947,0,0.35506,0.287184,1.30637,548.677,562.657,1720320,1.3519,1.445,0,1.30659,0,1,0
box_detour_open,soppi_fast,8019,256,16,1,0.01,0,1,0,420,0.501671,0.0617305,13.5744,0,0.369349,0.269727,1.30081,546.341,559.899,1720320,1.3764,1.4496,0,1.30101,0,1,0
box_detour_open,soppi_fast,8026,256,16,1,0.01,0,1,0,420,0.461357,0.0510303,13.0848,0,0.351041,0.264494,1.30306,547.285,559.646,1720320,1.3494,1.4019,0,1.30329,0,1,0
box_detour_open,soppi_fast,8033,256,16,1,0.01,0,1,0,420,0.440605,0.043926,12.2208,0,0.375011,0.308121,1.31235,551.185,567.631,1720320,1.3664,2.1585,0,1.31258,0,1,0
box_detour_open,soppi_fast,8040,256,16,1,0.01,0,1,0,420,0.457253,0.0571065,12.6087,0,0.349925,0.224425,1.3134,551.626,567.043,1720320,1.3547,1.4029,0,1.31362,0,1,0
box_detour_open,soppi_fast,8047,256,16,1,0.01,0,1,0,420,0.476185,0.0615834,13.0475,0,0.374405,0.299667,1.29847,545.358,557.919,1720320,1.3542,1.4395,0,1.2987,0,1,0
box_detour_open,soppi_fast,8054,256,16,1,0.01,0,1,0,420,0.539627,0.0617073,15.1836,0,0.363257,0.313628,1.30085,546.358,560.314,1720320,1.3573,1.5089,0,1.30104,0,1,0
box_detour_open,soppi_fast,8061,256,16,1,0.01,0,1,0,420,0.446007,0.0588633,12.8607,0,0.37564,0.317933,1.30821,549.45,564.565,1720320,1.3447,1.389,0,1.30846,0,1,0
box_detour_open,soppi_fast,8068,256,16,1,0.01,0,1,0,420,0.498527,0.0514467,13.5116,0,0.343,0.235565,1.30956,550.013,566.823,1720320,1.3581,1.5563,0,1.30981,0,1,0
box_detour_open,soppi_fast,8075,256,16,1,0.01,0,1,0,420,0.422253,0.0621906,11.6616,0,0.347107,0.237834,1.3252,556.584,575.24,1720320,1.3739,2.9435,0,1.32547,0,1,0
box_detour_open,soppi_fast,8082,256,16,1,0.01,0,1,0,420,0.433699,0.0415892,12.0611,0,0.372127,0.298596,1.30839,549.523,564.922,1720320,1.3536,1.5569,0,1.3086,0,1,0
box_detour_open,soppi_fast,8089,256,16,1,0.01,0,1,0,420,0.482035,0.0754847,13.2725,0,0.36974,0.326427,1.32451,556.295,572.439,1720320,1.3717,1.7313,0,1.32474,0,1,0
box_detour_open,soppi_fast,8096,256,16,1,0.01,0,1,0,420,0.519133,0.0687844,14.1371,0,0.351289,0.240207,1.31404,551.896,566.353,1720320,1.3769,1.4697,0,1.31425,0,1,0
box_detour_open,soppi_fast,8103,256,16,1,0.01,0,1,0,420,0.486834,0.0911035,13.0708,0,0.32033,0.191245,1.30996,550.183,564.257,1720320,1.3423,1.5631,0,1.31013,0,1,0
box_detour_open,soppi_fast,8110,256,16,1,0.01,0,1,0,420,0.536479,0.0520744,14.6402,0,0.355272,0.236354,1.30411,547.725,563.463,1720320,1.3437,1.3996,0,1.30429,0,1,0
box_detour_open,soppi_fast,8117,256,16,1,0.01,0,1,0,420,0.501012,0.0793222,13.887,0,0.358617,0.274933,1.30244,547.024,562.054,1720320,1.3544,1.4035,0,1.30263,0,1,0
box_detour_open,soppi_fast,8124,256,16,1,0.01,0,1,0,420,0.433293,0.0397017,11.7172,0,0.381589,0.319233,1.29689,544.696,558.398,1720320,1.3388,1.4166,0,1.29709,0,1,0
box_detour_open,soppi_fast,8131,256,16,1,0.01,0,1,0,420,0.517917,0.0712251,14.1869,0,0.355691,0.251349,1.3023,546.966,561.136,1720320,1.3362,1.3684,0,1.30253,0,1,0
box_detour_open,soppi_fast,8138,256,16,1,0.01,0,1,0,420,0.479978,0.037638,12.8734,0,0.34695,0.243457,1.31153,550.844,565.794,1720320,1.3657,1.4324,0,1.31172,0,1,0
box_detour_open,soppi_fast,8145,256,16,1,0.01,0,1,0,420,0.56818,0.0822511,16.6966,0,0.375257,0.268915,1.29786,545.1,558.415,1720320,1.3386,1.4644,0,1.29806,0,1,0
box_detour_open,soppi_fast,8152,256,16,1,0.01,0,1,0,420,0.580261,0.0795811,16.4543,0,0.373656,0.318652,1.30916,549.849,564.056,1720320,1.345,1.5271,0,1.30941,0,1,0
box_detour_open,soppi_fast,8159,256,16,1,0.01,0,1,0,420,0.468033,0.048034,13.0832,0,0.36114,0.253223,1.30514,548.16,562.83,1720320,1.345,1.3936,0,1.30535,0,1,0
box_detour_wall,diff_mppi_3,7956,256,16,3,0.01,0,1,0,420,0.800094,0.201894,29.2447,0,0.387972,0.288507,3.5418,1487.56,1525.46,1720320,3.8859,5.6214,0,3.54213,0,1,0
box_detour_wall,diff_mppi_3,7963,256,16,3,0.01,1,1,1,108,0.239774,0.000551241,10.5539,0,0.73495,0.92997,3.55467,383.905,392.359,442368,3.9245,4.0312,0,3.55531,0,1,1
box_detour_wall,diff_mppi_3,7970,256,16,3,0.01,0,1,0,420,1.30427,0.0536796,54.7753,0,0.34681,0.189045,3.85501,1619.1,1649.92,1720320,3.9181,4.2806,0,3.85529,0,1,0
box_detour_wall,diff_mppi_3,7977,256,16,3,0.01,0,1,0,420,0.823746,0.189127,37.2349,0,0.373658,0.237045,3.57118,1499.9,1532.52,1720320,3.8907,3.9595,0,3.57143,0,1,0
box_detour_wall,diff_mppi_3,7984,256,16,3,0.01,0,1,0,420,0.784829,0.208142,26.6868,0,0.365892,0.28296,3.47022,1457.49,1490.67,1720320,3.5749,3.9256,0,3.47051,0,1,0
box_detour_wall,diff_mppi_3,7991,256,16,3,0.01,0,1,0,420,1.26106,0.0662639,51.8756,0,0.381607,0.248655,3.80628,1598.64,1631.32,1720320,3.9127,3.9767,0,3.80656,0,1,0
box_detour_wall,diff_mppi_3,7998,256,16,3,0.01,0,1,0,420,1.26008,0.0603905,51.8537,0,0.356462,0.228,3.83449,1610.49,1645.55,1720320,3.9211,3.9969,0,3.83481,0,1,0
box_detour_wall,diff_mppi_3,8005,256,16,3,0.01,0,1,0,420,1.27971,0.0497417,53.8597,0,0.3712,0.249361,3.81312,1601.51,1631.7,1720320,3.9143,3.9513,0,3.8134,0,1,0
box_detour_wall,diff_mppi_3,8012,256,16,3,0.01,1,1,1,186,0.244399,0.00657741,19.8619,0,0.532237,0.513666,3.68399,685.221,699.164,761856,3.8817,3.907,0,3.6843,0,1,1
box_detour_wall,diff_mppi_3,8019,256,16,3,0.01,1,1,1,94,0.245028,0.0154186,9.2356,0,0.737,0.838022,3.48563,327.65,334.742,385024,3.9,3.9159,0,3.48606,0,1,1
box_detour_wall,diff_mppi_3,8026,256,16,3,0.01,0,1,0,420,0.805324,0.219008,31.7494,0,0.349133,0.232805,3.52142,1479,1510.3,1720320,3.8753,3.9512,0,3.52168,0,1,0
box_detour_wall,diff_mppi_3,8033,256,16,3,0.01,0,1,0,420,1.25646,0.0275748,51.3576,0,0.321777,0.161174,3.84997,1616.99,1649.02,1720320,3.9161,3.967,0,3.85029,0,1,0
box_detour_wall,diff_mppi_3,8040,256,16,3,0.01,1,1,1,119,0.226134,0.0432527,11.9042,0,0.638716,0.637469,3.5038,416.953,425.195,487424,3.8728,3.8882,0,3.50427,0,1,1
box_detour_wall,diff_mppi_3,8047,256,16,3,0.01,0,1,0,420,0.815535,0.213773,27.8459,0,0.342367,0.218659,3.48992,1465.77,1502.97,1720320,3.6321,3.9752,0,3.49025,0,1,0
box_detour_wall,diff_mppi_3,8054,256,16,3,0.01,0,1,0,420,1.27907,0.0697563,53.234,0,0.341633,0.188891,3.81249,1601.25,1631.72,1720320,3.909,3.9591,0,3.81279,0,1,0
box_detour_wall,diff_mppi_3,8061,256,16,3,0.01,0,1,0,420,0.787814,0.197038,28.1586,0,0.355567,0.241727,3.47422,1459.17,1489.98,1720320,3.8532,3.8962,0,3.47448,0,1,0
box_detour_wall,diff_mppi_3,8068,256,16,3,0.01,0,1,0,420,1.27471,0.0493445,52.5632,0,0.349423,0.211153,3.85371,1618.56,1651.47,1720320,3.9327,4.0407,0,3.85399,0,1,0
box_detour_wall,diff_mppi_3,8075,256,16,3,0.01,0,1,0,420,1.26779,0.0412832,52.3604,0,0.344981,0.217589,3.86939,1625.15,1667.4,1720320,3.9411,7.4756,0,3.86972,0,1,0
box_detour_wall,diff_mppi_3,8082,256,16,3,0.01,0,1,0,420,0.79466,0.216039,31.2826,0,0.358022,0.231483,3.55759,1494.19,1526.98,1720320,3.903,4.0338,0,3.55793,0,1,0
box_detour_wall,diff_mppi_3,8089,256,16,3,0.01,0,1,0,420,0.783211,0.213225,47.3742,0,0.360145,0.210249,3.73726,1569.65,1598.97,1720320,3.9156,4.005,0,3.73759,0,1,0
box_detour_wall,diff_mppi_3,8096,256,16,3,0.01,0,1,0,420,1.27787,0.0567691,52.9703,0,0.35006,0.196546,3.82628,1607.04,1638.23,1720320,3.9077,4.3503,0,3.82654,0,1,0
box_detour_wall,diff_mppi_3,8103,256,16,3,0.01,0,1,0,420,1.2676,0.055033,52.0659,0,0.325437,0.166178,3.85794,1620.34,1652.15,1720320,3.9427,4.0151,0,3.85821,0,1,0
box_detour_wall,diff_mppi_3,8110,256,16,3,0.01,0,1,0,420,0.814179,0.184255,30.1505,0,0.353144,0.227098,3.48715,1464.6,1494.62,1720320,3.8452,3.9068,0,3.48742,0,1,0
box_detour_wall,diff_mppi_3,8117,256,16,3,0.01,0,1,0,420,0.80901,0.214219,27.1946,0,0.374421,0.325315,3.4842,1463.36,1498.28,1720320,3.5748,3.9225,0,3.48454,0,1,0
box_detour_wall,diff_mppi_3,8124,256,16,3,0.01,0,1,0,420,0.796864,0.226572,29.6766,0,0.356739,0.208107,3.5032,1471.34,1500.72,1720320,3.9041,3.9674,0,3.50351,0,1,0
box_detour_wall,diff_mppi_3,8131,256,16,3,0.01,0,1,0,420,1.27445,0.0627936,52.7081,0,0.394451,0.258823,3.82384,1606.01,1637.41,1720320,3.9153,4.0033,0,3.82411,0,1,0
box_detour_wall,diff_mppi_3,8138,256,16,3,0.01,0,1,0,420,0.809597,0.203441,40.4382,0,0.393562,0.340903,3.62664,1523.19,1554.44,1720320,3.8977,3.9816,0,3.62692,0,1,0
box_detour_wall,diff_mppi_3,8145,256,16,3,0.01,0,1,0,420,0.806725,0.216449,27.8287,0,0.374064,0.25863,3.48775,1464.86,1499.98,1720320,3.7888,4.4911,0,3.48807,0,1,0
box_detour_wall,diff_mppi_3,8152,256,16,3,0.01,0,1,0,420,1.26064,0.0433404,51.8244,0,0.370803,0.295897,3.85713,1619.99,1652.67,1720320,3.9234,4.01,0,3.8574,0,1,0
box_detour_wall,diff_mppi_3,8159,256,16,3,0.01,0,1,0,420,1.25466,0.0414646,51.379,0,0.348001,0.247506,3.87019,1625.48,1655.12,1720320,3.9259,4.077,0,3.87049,0,1,0
box_detour_wall,mppi,7956,256,16,0,0,1,1,1,125,0.242818,0.0179179,12.5116,0,0.630731,0.678147,0.129915,16.2394,17.9369,512000,0.154,0.1734,0,0.130094,0,1,1
box_detour_wall,mppi,7963,256,16,0,0,0,1,0,420,1.23207,0.0179269,50.2466,0,0.314417,0.177385,0.127597,53.5907,61.2752,1720320,0.1608,0.1835,0,0.12774,0,1,0
box_detour_wall,mppi,7970,256,16,0,0,0,1,0,420,1.2667,0.00164331,52.45,0,0.302587,0.16096,0.141502,59.4308,66.8093,1720320,0.1693,0.2404,0,0.14164,0,1,0
box_detour_wall,mppi,7977,256,16,0,0,0,1,0,420,1.26428,0.00992884,52.4249,0,0.310655,0.16113,0.129561,54.4157,62.7324,1720320,0.1567,0.8483,0,0.129711,0,1,0
box_detour_wall,mppi,7984,256,16,0,0,0,1,0,420,1.26263,0.00473719,52.48,0,0.293514,0.132625,0.135963,57.1046,67.0826,1720320,0.1925,0.2672,0,0.136119,0,1,0
box_detour_wall,mppi,7991,256,16,0,0,0,1,0,420,0.852267,0.240862,30.6709,0,0.370643,0.233125,0.129341,54.3232,63.3914,1720320,0.1681,0.3083,0,0.129518,0,1,0
box_detour_wall,mppi,7998,256,16,0,0,0,1,0,420,1.25728,0.0160569,51.829,0,0.303711,0.153521,0.132326,55.5768,62.7307,1720320,0.1805,0.2464,0,0.132454,0,1,0
box_detour_wall,mppi,8005,256,16,0,0,0,1,0,420,1.29112,0.0240811,54.8478,0,0.314622,0.171081,0.122113,51.2873,56.9873,1720320,0.1399,0.1739,0,0.122232,0,1,0
box_detour_wall,mppi,8012,256,16,0,0,0,1,0,420,1.24681,0.0254756,51.484,0,0.333632,0.219613,0.124413,52.2535,58.1884,1720320,0.1468,0.1835,0,0.124541,0,1,0
box_detour_wall,mppi,8019,256,16,0,0,0,1,0,420,1.2935,0.0301395,54.5189,0,0.32291,0.17702,0.147127,61.7932,68.6336,1720320,0.16,0.2181,0,0.14726,0,1,0
box_detour_wall,mppi,8026,256,16,0,0,0,1,0,420,1.27292,0.00760448,53.316,0,0.315261,0.170203,0.127967,53.7462,62.857,1720320,0.1604,0.2258,0,0.128123,0,1,0
box_detour_wall,mppi,8033,256,16,0,0,0,1,0,420,0.833579,0.232538,29.1352,0,0.35225,0.22766,0.124413,52.2534,59.2766,1720320,0.1542,0.2096,0,0.124535,0,1,0
box_detour_wall,mppi,8040,256,16,0,0,0,1,0,420,1.24625,0.0259241,51.2396,0,0.333678,0.209685,0.155587,65.3467,74.9746,1720320,0.1763,0.3222,0,0.155745,0,1,0
box_detour_wall,mppi,8047,256,16,0,0,0,1,0,420,1.26723,0.0320525,52.6933,0,0.31536,0.164769,0.131475,55.2195,64.1094,1720320,0.16,0.2406,0,0.131631,0,1,0
box_detour_wall,mppi,8054,256,16,0,0,0,1,0,420,0.817312,0.220421,29.1055,0,0.33038,0.189005,0.128154,53.8248,61.3561,1720320,0.1582,0.6051,0,0.1283,0,1,0
box_detour_wall,mppi,8061,256,16,0,0,0,1,0,420,1.27725,0.00716,53.5131,0,0.324758,0.200138,0.124599,52.3315,60.5052,1720320,0.1453,0.1783,0,0.12475,0,1,0
box_detour_wall,mppi,8068,256,16,0,0,0,1,0,420,1.2624,0.000609756,52.2605,0,0.316349,0.187829,0.145418,61.0754,67.6839,1720320,0.1642,0.2152,0,0.145541,0,1,0
box_detour_wall,mppi,8075,256,16,0,0,0,1,0,420,0.828086,0.244729,30.1709,0,0.321218,0.165563,0.129407,54.351,63.0804,1720320,0.1674,0.2255,0,0.129607,0,1,0
box_detour_wall,mppi,8082,256,16,0,0,0,1,0,420,1.29195,0.0387339,54.4183,0,0.323194,0.194974,0.141674,59.5032,70.4712,1720320,0.1641,0.1994,0,0.141876,0,1,0
box_detour_wall,mppi,8089,256,16,0,0,0,1,0,420,1.27383,0.0206378,53.1817,0,0.304791,0.190674,0.148886,62.5319,72.3947,1720320,0.1732,0.2053,0,0.149041,0,1,0
box_detour_wall,mppi,8096,256,16,0,0,0,1,0,420,1.27037,0.0283303,52.7559,0,0.30675,0.157576,0.129162,54.248,62.1432,1720320,0.1512,0.1677,0,0.129307,0,1,0
box_detour_wall,mppi,8103,256,16,0,0,0,1,0,420,0.834713,0.231527,29.8665,0,0.338341,0.201672,0.125425,52.6785,61.1276,1720320,0.153,0.176,0,0.125573,0,1,0
box_detour_wall,mppi,8110,256,16,0,0,0,1,0,420,1.25693,0.00234966,51.7438,0,0.309535,0.168398,0.126457,53.1119,61.6931,1720320,0.1475,0.1793,0,0.126656,0,1,0
box_detour_wall,mppi,8117,256,16,0,0,1,1,1,186,0.249322,0.0355514,19.098,0,0.503011,0.431981,0.135164,25.1405,28.4589,761856,0.162,0.1841,0,0.135382,0,1,1
box_detour_wall,mppi,8124,256,16,0,0,0,1,0,420,0.845722,0.240345,32.0089,0,0.346213,0.197259,0.13856,58.1953,69.2944,1720320,0.1723,0.1982,0,0.138785,0,1,0
box_detour_wall,mppi,8131,256,16,0,0,0,1,0,420,1.27474,0.0135421,53.2085,0,0.322167,0.172199,0.151696,63.7124,72.2508,1720320,0.1667,0.1787,0,0.151843,0,1,0
box_detour_wall,mppi,8138,256,16,0,0,0,1,0,420,1.26682,0.0194166,52.4877,0,0.324235,0.202233,0.126391,53.0841,60.3689,1720320,0.1529,0.3045,0,0.126525,0,1,0
box_detour_wall,mppi,8145,256,16,0,0,1,1,1,171,0.237233,0.0239007,17.4948,0,0.516089,0.430277,0.140585,24.0401,27.3116,700416,0.1639,0.1909,0,0.140805,0,1,1
box_detour_wall,mppi,8152,256,16,0,0,0,1,0,420,0.845137,0.243398,31.2034,0,0.359277,0.269094,0.128849,54.1167,62.4977,1720320,0.1589,0.2431,0,0.12901,0,1,0
box_detour_wall,mppi,8159,256,16,0,0,0,1,0,420,1.25939,0.0064024,52.2363,0,0.326053,0.186545,0.128412,53.9329,62.3841,1720320,0.1506,0.2478,0,0.128552,0,1,0
box_detour_wall,oi_face_mppi,7956,256,16,0,0,1,1,1,141,0.249308,0.137263,14.0223,0,0.579732,0.553519,0.200377,28.2531,31.6722,577536,0.2314,0.2672,0,0.200619,0,1,1
box_detour_wall,oi_face_mppi,7963,256,16,0,0,0,1,0,420,1.07572,0.166686,41.1435,0,0.588012,0.509306,0.189003,79.3813,87.8493,1720320,0.2228,0.2854,0,0.18915,0,1,0
box_detour_wall,oi_face_mppi,7970,256,16,0,0,1,1,1,129,0.229805,0.112938,12.7986,0,0.60098,0.57089,0.202852,26.1679,29.3029,528384,0.2425,0.2705,0,0.203074,0,1,1
box_detour_wall,oi_face_mppi,7977,256,16,0,0,1,1,1,113,0.247762,0.125947,11.7953,0,0.655592,0.685523,0.196936,22.2538,24.9765,462848,0.2372,0.2901,0,0.197207,0,1,1
box_detour_wall,oi_face_mppi,7984,256,16,0,0,1,1,1,99,0.23157,0.00960226,9.91806,0,0.6243,0.572269,0.192099,19.0178,21.5528,405504,0.2243,0.2329,0,0.192369,0,1,1
box_detour_wall,oi_face_mppi,7991,256,16,0,0,1,1,1,146,0.245523,0.145616,15.0788,0,0.64546,0.71048,0.194539,28.4027,32.1232,598016,0.2213,0.2454,0,0.194784,0,1,1
box_detour_wall,oi_face_mppi,7998,256,16,0,0,1,1,1,155,0.240625,0.124246,16.1788,0,0.677647,0.676272,0.198522,30.7709,34.4893,634880,0.2372,0.2778,0,0.198765,0,1,1
box_detour_wall,oi_face_mppi,8005,256,16,0,0,0,1,0,420,1.10608,0.176012,42.8307,0,0.662803,0.642306,0.188649,79.2327,86.2901,1720320,0.2144,0.9214,0,0.188786,0,1,0
box_detour_wall,oi_face_mppi,8012,256,16,0,0,1,1,1,112,0.246901,0.103165,11.596,0,0.659211,0.732876,0.19003,21.2834,23.6577,458752,0.214,0.2603,0,0.190317,0,1,1
box_detour_wall,oi_face_mppi,8019,256,16,0,0,1,1,1,95,0.248477,0.101255,9.78229,0,0.610407,0.5965,0.189417,17.9946,20.0408,389120,0.2243,0.2596,0,0.189705,0,1,1
box_detour_wall,oi_face_mppi,8026,256,16,0,0,1,1,1,115,0.234426,0.086534,11.0326,0,0.609555,0.617349,0.186557,21.4541,23.5592,471040,0.218,0.2241,0,0.186867,0,1,1
box_detour_wall,oi_face_mppi,8033,256,16,0,0,1,1,1,161,0.229088,0.0876863,16.0215,0,0.63246,0.662949,0.199718,32.1546,35.7824,659456,0.2346,0.2555,0,0.199929,0,1,1
box_detour_wall,oi_face_mppi,8040,256,16,0,0,1,1,1,116,0.244844,0.0879141,12.024,0,0.608239,0.595611,0.195984,22.7341,25.6164,475136,0.2241,0.3356,0,0.196216,0,1,1
box_detour_wall,oi_face_mppi,8047,256,16,0,0,1,1,1,105,0.229143,0.0637995,10.2953,0,0.589658,0.532229,0.19427,20.3983,22.4875,430080,0.219,0.2435,0,0.194499,0,1,1
box_detour_wall,oi_face_mppi,8054,256,16,0,0,1,1,1,172,0.234333,0.163605,16.896,0,0.596505,0.580712,0.189537,32.6003,36.0365,704512,0.2149,0.2305,0,0.189705,0,1,1
box_detour_wall,oi_face_mppi,8061,256,16,0,0,1,1,1,103,0.248676,0.267283,10.5841,0,0.610265,0.540354,0.192049,19.781,21.8217,421888,0.2227,0.2392,0,0.19233,0,1,1
box_detour_wall,oi_face_mppi,8068,256,16,0,0,1,1,1,119,0.245816,0.021767,12.2286,0,0.600641,0.539822,0.198372,23.6063,26.7726,487424,0.2231,0.2416,0,0.198679,0,1,1
box_detour_wall,oi_face_mppi,8075,256,16,0,0,1,1,1,105,0.233208,0.0174278,10.9919,0,0.712198,0.948905,0.200356,21.0374,23.7046,430080,0.226,0.2437,0,0.200666,0,1,1
box_detour_wall,oi_face_mppi,8082,256,16,0,0,1,1,1,161,0.237703,0.132393,15.9851,0,0.615296,0.6378,0.184589,29.7188,32.4603,659456,0.2115,0.2273,0,0.184777,0,1,1
box_detour_wall,oi_face_mppi,8089,256,16,0,0,1,1,1,171,0.238085,0.152648,17.0022,0,0.639163,0.723406,0.197983,33.8551,37.5891,700416,0.2233,0.2419,0,0.198227,0,1,1
box_detour_wall,oi_face_mppi,8096,256,16,0,0,1,1,1,128,0.248745,0.266723,13.0855,0,0.698764,0.796923,0.194223,24.8606,27.615,524288,0.2206,0.2415,0,0.194433,0,1,1
box_detour_wall,oi_face_mppi,8103,256,16,0,0,0,1,0,420,1.44155,0.343889,68.7273,0,2.02448,5.38947,0.173744,72.9723,80.8298,1720320,0.1921,0.2583,0,0.173868,0,1,0
box_detour_wall,oi_face_mppi,8110,256,16,0,0,1,1,1,134,0.239193,0.228315,13.9668,0,0.595633,0.577034,0.216067,28.953,32.8152,548864,0.2779,0.3851,0,0.216269,0,1,1
box_detour_wall,oi_face_mppi,8117,256,16,0,0,1,1,1,111,0.244258,0.0604403,11.3462,0,0.622927,0.630201,0.19265,21.3841,23.6742,454656,0.2214,0.2386,0,0.192913,0,1,1
box_detour_wall,oi_face_mppi,8124,256,16,0,0,1,1,1,120,0.234904,0.191923,12.357,0,0.583688,0.503702,0.188546,22.6255,25.1939,491520,0.2121,0.2268,0,0.18878,0,1,1
box_detour_wall,oi_face_mppi,8131,256,16,0,0,1,1,1,146,0.24088,0.0894801,15.3189,0,0.611041,0.615916,0.191947,28.0243,31.3559,598016,0.2114,0.2453,0,0.192206,0,1,1
box_detour_wall,oi_face_mppi,8138,256,16,0,0,1,1,1,167,0.247597,0.150005,16.3444,0,0.667946,0.721303,0.173398,28.9575,31.1204,684032,0.1943,0.2296,0,0.17355,0,1,1
box_detour_wall,oi_face_mppi,8145,256,16,0,0,1,1,1,104,0.238537,0.0617952,10.7239,0,0.568594,0.500143,0.191386,19.9041,22.1414,425984,0.2244,0.2571,0,0.191628,0,1,1
box_detour_wall,oi_face_mppi,8152,256,16,0,0,1,1,1,153,0.243751,0.171022,15.4527,0,0.651153,0.68743,0.183276,28.0412,30.71,626688,0.2092,0.2206,0,0.183467,0,1,1
box_detour_wall,oi_face_mppi,8159,256,16,0,0,1,1,1,106,0.237739,0.0791146,10.713,0,0.597381,0.577881,0.191576,20.3071,22.5205,434176,0.2124,0.2176,0,0.191818,0,1,1
box_detour_wall,oi_mppi,7956,256,16,0,0,0,1,0,420,1.32549,0.172158,59.7737,0,0.442495,0.304228,0.178454,74.9505,83.5637,1720320,0.195,0.2171,0,0.178598,0,1,0
box_detour_wall,oi_mppi,7963,256,16,0,0,0,1,0,420,1.3143,0.157013,59.8397,0,0.459399,0.387431,0.203431,85.4411,97.0851,1720320,0.3408,0.4275,0,0.203595,0,1,0
box_detour_wall,oi_mppi,7970,256,16,0,0,0,1,0,420,1.30534,0.159064,57.4947,0,0.391611,0.244806,0.185669,77.981,86.0232,1720320,0.2228,0.3381,0,0.185813,0,1,0
box_detour_wall,oi_mppi,7977,256,16,0,0,0,1,0,420,1.31207,0.162751,58.8576,0,0.426213,0.312903,0.180759,75.9189,83.9468,1720320,0.1996,0.2141,0,0.18091,0,1,0
box_detour_wall,oi_mppi,7984,256,16,0,0,0,1,0,420,1.31998,0.167471,58.9867,0,0.437261,0.323428,0.182475,76.6393,85.3141,1720320,0.2023,0.2533,0,0.18262,0,1,0
box_detour_wall,oi_mppi,7991,256,16,0,0,0,1,0,420,1.31343,0.171093,58.8736,0,0.425013,0.289753,0.174756,73.3977,79.8856,1720320,0.2022,0.2315,0,0.174898,0,1,0
box_detour_wall,oi_mppi,7998,256,16,0,0,0,1,0,420,1.3153,0.163036,58.6567,0,0.427532,0.30471,0.202979,85.2512,97.1947,1720320,0.2585,0.3865,0,0.203181,0,1,0
box_detour_wall,oi_mppi,8005,256,16,0,0,0,1,0,420,1.31443,0.162831,58.8711,0,0.434429,0.359438,0.18413,77.3348,86.0655,1720320,0.2014,0.2913,0,0.184284,0,1,0
box_detour_wall,oi_mppi,8012,256,16,0,0,0,1,0,420,1.31611,0.168359,58.9879,0,0.432332,0.308041,0.177398,74.5073,81.8322,1720320,0.1972,0.4266,0,0.177538,0,1,0
box_detour_wall,oi_mppi,8019,256,16,0,0,0,1,0,420,1.3097,0.170266,57.6528,0,0.422007,0.280364,0.188243,79.062,89.6279,1720320,0.208,0.346,0,0.188478,0,1,0
box_detour_wall,oi_mppi,8026,256,16,0,0,0,1,0,420,1.30493,0.168422,57.3674,0,0.402866,0.25222,0.183905,77.2402,86.2487,1720320,0.2026,0.2252,0,0.184051,0,1,0
box_detour_wall,oi_mppi,8033,256,16,0,0,0,1,0,420,1.28995,0.164223,57.5396,0,0.43273,0.302286,0.182448,76.628,84.4134,1720320,0.2092,0.2751,0,0.182595,0,1,0
box_detour_wall,oi_mppi,8040,256,16,0,0,0,1,0,420,1.31803,0.15985,58.8955,0,0.417908,0.2965,0.183505,77.0721,86.1154,1720320,0.2057,0.2306,0,0.183658,0,1,0
box_detour_wall,oi_mppi,8047,256,16,0,0,0,1,0,420,1.31287,0.164679,58.0165,0,0.430095,0.295609,0.193457,81.2519,91.719,1720320,0.2071,0.8674,0,0.19363,0,1,0
box_detour_wall,oi_mppi,8054,256,16,0,0,0,1,0,420,1.30235,0.166698,58.8114,0,0.423306,0.28187,0.187524,78.7599,88.4717,1720320,0.2133,0.3127,0,0.187681,0,1,0
box_detour_wall,oi_mppi,8061,256,16,0,0,0,1,0,420,1.30746,0.154878,58.9141,0,0.416161,0.280412,0.181987,76.4345,85.0282,1720320,0.2014,0.2244,0,0.182151,0,1,0
box_detour_wall,oi_mppi,8068,256,16,0,0,0,1,0,420,1.31522,0.16242,59.0491,0,0.445584,0.329553,0.181137,76.0777,84.8457,1720320,0.2054,0.2347,0,0.18129,0,1,0
box_detour_wall,oi_mppi,8075,256,16,0,0,0,1,0,420,1.3174,0.169583,59.1641,0,0.428716,0.314831,0.192145,80.7007,91.4865,1720320,0.2142,0.2594,0,0.192314,0,1,0
box_detour_wall,oi_mppi,8082,256,16,0,0,0,1,0,420,1.31077,0.168829,59.1569,0,0.47349,0.406338,0.180724,75.9041,83.9803,1720320,0.2033,0.2646,0,0.180871,0,1,0
box_detour_wall,oi_mppi,8089,256,16,0,0,0,1,0,420,1.3195,0.170932,58.8181,0,0.411859,0.250712,0.19163,80.4848,91.0112,1720320,0.2135,0.2632,0,0.191799,0,1,0
box_detour_wall,oi_mppi,8096,256,16,0,0,0,1,0,420,1.33022,0.176858,60.0596,0,0.456268,0.337327,0.178242,74.8615,83.1997,1720320,0.2123,0.3386,0,0.178393,0,1,0
box_detour_wall,oi_mppi,8103,256,16,0,0,0,1,0,420,1.30466,0.159951,58.4717,0,0.398168,0.249746,0.190477,80.0003,90.5834,1720320,0.2187,0.472,0,0.190657,0,1,0
box_detour_wall,oi_mppi,8110,256,16,0,0,0,1,0,420,1.32631,0.158897,59.5165,0,0.418898,0.314159,0.191385,80.3818,91.4009,1720320,0.2285,0.2839,0,0.191587,0,1,0
box_detour_wall,oi_mppi,8117,256,16,0,0,0,1,0,420,1.31441,0.161079,59.1114,0,0.419927,0.289421,0.191355,80.3691,91.4038,1720320,0.218,0.2754,0,0.191554,0,1,0
box_detour_wall,oi_mppi,8124,256,16,0,0,0,1,0,420,1.32853,0.166388,59.1951,0,0.39677,0.281974,0.195697,82.1927,93.5797,1720320,0.2299,0.2652,0,0.19591,0,1,0
box_detour_wall,oi_mppi,8131,256,16,0,0,0,1,0,420,1.31415,0.162285,58.5453,0,0.39972,0.247849,0.200608,84.2552,96.8475,1720320,0.2384,0.4182,0,0.200816,0,1,0
box_detour_wall,oi_mppi,8138,256,16,0,0,0,1,0,420,1.30466,0.160321,57.7174,0,0.444814,0.331137,0.189445,79.567,89.2318,1720320,0.2198,0.2547,0,0.189632,0,1,0
box_detour_wall,oi_mppi,8145,256,16,0,0,0,1,0,420,1.29111,0.15785,57.1496,0,0.407621,0.256698,0.192664,80.9189,91.7282,1720320,0.2204,0.4357,0,0.192846,0,1,0
box_detour_wall,oi_mppi,8152,256,16,0,0,0,1,0,420,1.31171,0.168103,58.1188,0,0.418003,0.281466,0.187402,78.7086,88.3422,1720320,0.2044,0.237,0,0.187564,0,1,0
box_detour_wall,oi_mppi,8159,256,16,0,0,0,1,0,420,1.30591,0.16381,57.9867,0,0.401419,0.242911,0.187104,78.5837,88.0572,1720320,0.2133,0.3099,0,0.187276,0,1,0
box_detour_wall,oi_path_mppi,7956,256,16,0,0,0,1,0,420,1.25275,0.382834,55.4167,0,0.340296,0.169239,0.207301,87.0663,95.1127,1720320,0.2368,0.308,0,0.207456,0,1,0
box_detour_wall,oi_path_mppi,7963,256,16,0,0,0,1,0,420,1.24978,0.368426,54.0303,0,0.326129,0.162319,0.210114,88.248,96.9174,1720320,0.2296,0.2643,0,0.210264,0,1,0
box_detour_wall,oi_path_mppi,7970,256,16,0,0,0,1,0,420,1.24485,0.38198,54.0515,0,0.328372,0.15201,0.208159,87.4267,96.0292,1720320,0.2244,0.2629,0,0.2083,0,1,0
box_detour_wall,oi_path_mppi,7977,256,16,0,0,0,1,0,420,1.25313,0.410276,56.0536,0,0.385095,0.247933,0.200399,84.1674,91.1681,1720320,0.222,0.2492,0,0.200525,0,1,0
box_detour_wall,oi_path_mppi,7984,256,16,0,0,0,1,0,420,1.25468,0.417062,55.6477,0,0.366967,0.197598,0.207139,86.9985,95.3837,1720320,0.227,0.2648,0,0.207282,0,1,0
box_detour_wall,oi_path_mppi,7991,256,16,0,0,0,1,0,420,1.24047,0.38945,54.0722,0,0.361124,0.202603,0.214645,90.1511,100.491,1720320,0.2419,0.4559,0,0.214805,0,1,0
box_detour_wall,oi_path_mppi,7998,256,16,0,0,0,1,0,420,1.24323,0.394317,55.1877,0,0.357719,0.191784,0.220907,92.7808,104.825,1720320,0.2599,0.4363,0,0.221101,0,1,0
box_detour_wall,oi_path_mppi,8005,256,16,0,0,0,1,0,420,1.25061,0.401219,54.6024,0,0.326689,0.156592,0.21923,92.0767,102.934,1720320,0.2501,0.4196,0,0.219426,0,1,0
box_detour_wall,oi_path_mppi,8012,256,16,0,0,0,1,0,420,1.25034,0.406602,54.6351,0,0.34689,0.188548,0.225933,94.8917,107.672,1720320,0.2595,0.3752,0,0.226137,0,1,0
box_detour_wall,oi_path_mppi,8019,256,16,0,0,0,1,0,420,1.24749,0.382946,54.0391,0,0.352912,0.181335,0.227126,95.3928,108.037,1720320,0.3056,0.3334,0,0.227329,0,1,0
box_detour_wall,oi_path_mppi,8026,256,16,0,0,0,1,0,420,1.24709,0.373457,53.9502,0,0.341677,0.212193,0.216265,90.8313,101.649,1720320,0.2425,0.2998,0,0.216417,0,1,0
box_detour_wall,oi_path_mppi,8033,256,16,0,0,0,1,0,420,1.2466,0.38819,54.1508,0,0.335942,0.156845,0.221733,93.1279,104.338,1720320,0.2453,0.3188,0,0.221908,0,1,0
box_detour_wall,oi_path_mppi,8040,256,16,0,0,0,1,0,420,1.26225,0.424639,55.9852,0,0.340364,0.170978,0.219114,92.028,102.979,1720320,0.252,0.2994,0,0.219283,0,1,0
box_detour_wall,oi_path_mppi,8047,256,16,0,0,0,1,0,420,1.24851,0.415134,55.7802,0,0.36018,0.182262,0.218736,91.8693,102.685,1720320,0.2513,0.3241,0,0.218947,0,1,0
box_detour_wall,oi_path_mppi,8054,256,16,0,0,0,1,0,420,1.25292,0.408807,55.3244,0,0.35228,0.170168,0.221253,92.9263,104.088,1720320,0.2518,0.3083,0,0.221443,0,1,0
box_detour_wall,oi_path_mppi,8061,256,16,0,0,0,1,0,420,1.24405,0.36379,53.1998,0,0.325783,0.173766,0.221326,92.9569,104.567,1720320,0.2521,0.3659,0,0.221524,0,1,0
box_detour_wall,oi_path_mppi,8068,256,16,0,0,0,1,0,420,1.25207,0.377733,53.6554,0,0.337304,0.176205,0.21218,89.1156,98.4443,1720320,0.2381,0.8894,0,0.212354,0,1,0
box_detour_wall,oi_path_mppi,8075,256,16,0,0,0,1,0,420,1.2535,0.384735,54.2897,0,0.320415,0.146682,0.206333,86.6599,95.4905,1720320,0.2298,0.2657,0,0.206488,0,1,0
box_detour_wall,oi_path_mppi,8082,256,16,0,0,0,1,0,420,1.25672,0.412792,55.3075,0,0.346965,0.167522,0.209855,88.1389,98.2727,1720320,0.2305,0.2837,0,0.210013,0,1,0
box_detour_wall,oi_path_mppi,8089,256,16,0,0,0,1,0,420,1.25238,0.410141,55.4308,0,0.383244,0.25169,0.207744,87.2523,96.0965,1720320,0.2288,0.278,0,0.207907,0,1,0
box_detour_wall,oi_path_mppi,8096,256,16,0,0,0,1,0,420,1.24889,0.383167,53.9978,0,0.339528,0.155939,0.206719,86.8221,96.0401,1720320,0.225,0.4175,0,0.206866,0,1,0
box_detour_wall,oi_path_mppi,8103,256,16,0,0,0,1,0,420,1.24919,0.388172,54.0197,0,0.345047,0.181466,0.214501,90.0906,99.8785,1720320,0.2351,0.2797,0,0.214661,0,1,0
box_detour_wall,oi_path_mppi,8110,256,16,0,0,0,1,0,420,1.25611,0.39672,54.6892,0,0.361651,0.254017,0.241181,101.296,114.63,1720320,0.347,0.4655,0,0.241336,0,1,0
box_detour_wall,oi_path_mppi,8117,256,16,0,0,0,1,0,420,1.25603,0.398169,54.8257,0,0.330808,0.163793,0.212018,89.0474,98.6725,1720320,0.2417,0.4651,0,0.212177,0,1,0
box_detour_wall,oi_path_mppi,8124,256,16,0,0,0,1,0,420,1.2398,0.361775,54.0646,0,0.337358,0.190043,0.206569,86.7588,95.3647,1720320,0.2232,0.2567,0,0.206711,0,1,0
box_detour_wall,oi_path_mppi,8131,256,16,0,0,0,1,0,420,1.24999,0.357806,53.3561,0,0.304738,0.133693,0.207195,87.0218,95.6633,1720320,0.2242,0.2493,0,0.20734,0,1,0
box_detour_wall,oi_path_mppi,8138,256,16,0,0,0,1,0,420,1.24724,0.364635,53.5561,0,0.31503,0.163346,0.205702,86.3948,94.1966,1720320,0.2233,0.2734,0,0.20584,0,1,0
box_detour_wall,oi_path_mppi,8145,256,16,0,0,0,1,0,420,1.24674,0.3876,54.2517,0,0.342065,0.169077,0.209733,88.0878,97.2151,1720320,0.2277,0.4662,0,0.209899,0,1,0
box_detour_wall,oi_path_mppi,8152,256,16,0,0,0,1,0,420,1.24989,0.387574,54.5861,0,0.348793,0.178696,0.210588,88.4471,97.8266,1720320,0.2307,0.2969,0,0.210755,0,1,0
box_detour_wall,oi_path_mppi,8159,256,16,0,0,0,1,0,420,1.25029,0.385022,54.4966,0,0.350099,0.194369,0.205584,86.3454,94.1299,1720320,0.2261,0.2845,0,0.205728,0,1,0
box_detour_wall,oi_path_slow_mppi,7956,256,16,0,0,0,1,0,420,1.20641,0.360496,49.6382,0,0.464785,0.325236,0.205978,86.5106,94.5794,1720320,0.2275,0.2474,0,0.206117,0,1,0
box_detour_wall,oi_path_slow_mppi,7963,256,16,0,0,0,1,0,420,1.20532,0.335309,49.6612,0,0.438762,0.266234,0.198191,83.2404,89.1452,1720320,0.2179,0.2966,0,0.198314,0,1,0
box_detour_wall,oi_path_slow_mppi,7970,256,16,0,0,0,1,0,420,1.20707,0.357539,49.994,0,0.463405,0.29841,0.206534,86.7444,95.8918,1720320,0.2299,0.2814,0,0.206669,0,1,0
box_detour_wall,oi_path_slow_mppi,7977,256,16,0,0,0,1,0,420,1.20666,0.353222,49.7876,0,0.435158,0.267502,0.211408,88.7914,98.7497,1720320,0.2323,0.3792,0,0.211579,0,1,0
box_detour_wall,oi_path_slow_mppi,7984,256,16,0,0,0,1,0,420,1.20461,0.343065,49.6229,0,0.436444,0.254076,0.204698,85.973,94.6652,1720320,0.2289,0.4375,0,0.204851,0,1,0
box_detour_wall,oi_path_slow_mppi,7991,256,16,0,0,0,1,0,420,1.20765,0.339097,49.8817,0,0.450967,0.276135,0.213306,89.5887,99.7258,1720320,0.2333,0.2703,0,0.213462,0,1,0
box_detour_wall,oi_path_slow_mppi,7998,256,16,0,0,0,1,0,420,1.20735,0.325987,49.9504,0,0.419624,0.254651,0.200639,84.2683,90.9453,1720320,0.2245,0.3102,0,0.200773,0,1,0
box_detour_wall,oi_path_slow_mppi,8005,256,16,0,0,0,1,0,420,1.20791,0.329591,49.6225,0,0.426066,0.235707,0.220293,92.523,102.533,1720320,0.2806,0.3525,0,0.220419,0,1,0
box_detour_wall,oi_path_slow_mppi,8012,256,16,0,0,0,1,0,420,1.20614,0.326222,49.513,0,0.421733,0.248782,0.249107,104.625,119.812,1720320,0.3618,0.4812,0,0.249282,0,1,0
box_detour_wall,oi_path_slow_mppi,8019,256,16,0,0,0,1,0,420,1.20555,0.335885,49.421,0,0.439111,0.301618,0.214014,89.8859,99.6076,1720320,0.2358,0.2805,0,0.214179,0,1,0
box_detour_wall,oi_path_slow_mppi,8026,256,16,0,0,0,1,0,420,1.20457,0.32004,49.4373,0,0.387045,0.20074,0.206402,86.6888,95.3532,1720320,0.2291,0.3244,0,0.206549,0,1,0
box_detour_wall,oi_path_slow_mppi,8033,256,16,0,0,0,1,0,420,1.20612,0.338194,49.7011,0,0.43597,0.250799,0.212651,89.3136,98.5523,1720320,0.2394,0.2726,0,0.212861,0,1,0
box_detour_wall,oi_path_slow_mppi,8040,256,16,0,0,0,1,0,420,1.20487,0.331327,49.4137,0,0.451662,0.27897,0.194759,81.7987,87.2065,1720320,0.2096,0.2282,0,0.194864,0,1,0
box_detour_wall,oi_path_slow_mppi,8047,256,16,0,0,0,1,0,420,1.20487,0.352533,49.6286,0,0.426206,0.245561,0.197404,82.9098,89.5646,1720320,0.222,0.2964,0,0.197528,0,1,0
box_detour_wall,oi_path_slow_mppi,8054,256,16,0,0,0,1,0,420,1.20558,0.353426,49.7398,0,0.428088,0.26808,0.205998,86.5191,94.9901,1720320,0.2293,0.2683,0,0.206153,0,1,0
box_detour_wall,oi_path_slow_mppi,8061,256,16,0,0,0,1,0,420,1.20744,0.343338,49.2807,0,0.428684,0.251134,0.205987,86.5145,94.3155,1720320,0.2277,0.3945,0,0.206127,0,1,0
box_detour_wall,oi_path_slow_mppi,8068,256,16,0,0,0,1,0,420,1.20385,0.341824,49.7555,0,0.445709,0.287285,0.207037,86.9556,96.3422,1720320,0.2267,0.3039,0,0.207188,0,1,0
box_detour_wall,oi_path_slow_mppi,8075,256,16,0,0,0,1,0,420,1.20394,0.340971,49.7253,0,0.420764,0.254138,0.202893,85.215,93.011,1720320,0.2205,0.2626,0,0.203027,0,1,0
box_detour_wall,oi_path_slow_mppi,8082,256,16,0,0,0,1,0,420,1.20508,0.321771,49.3181,0,0.410102,0.24086,0.193442,81.2455,86.7736,1720320,0.2104,0.236,0,0.193569,0,1,0
box_detour_wall,oi_path_slow_mppi,8089,256,16,0,0,0,1,0,420,1.20633,0.327036,49.3,0,0.377059,0.190588,0.209211,87.8688,97.2205,1720320,0.2319,0.2649,0,0.209359,0,1,0
box_detour_wall,oi_path_slow_mppi,8096,256,16,0,0,0,1,0,420,1.20567,0.322978,49.4338,0,0.417735,0.238683,0.199653,83.8543,90.8726,1720320,0.2221,0.2697,0,0.199779,0,1,0
box_detour_wall,oi_path_slow_mppi,8103,256,16,0,0,0,1,0,420,1.20042,0.354138,49.4648,0,0.446946,0.273332,0.205453,86.2904,95.4101,1720320,0.2263,0.3471,0,0.205603,0,1,0
box_detour_wall,oi_path_slow_mppi,8110,256,16,0,0,0,1,0,420,1.2049,0.332639,49.4318,0,0.446348,0.268143,0.203155,85.3252,94.0469,1720320,0.2198,0.2668,0,0.203301,0,1,0
box_detour_wall,oi_path_slow_mppi,8117,256,16,0,0,0,1,0,420,1.2075,0.333497,49.5847,0,0.424094,0.234824,0.204629,85.9441,94.012,1720320,0.2305,0.3039,0,0.20476,0,1,0
box_detour_wall,oi_path_slow_mppi,8124,256,16,0,0,0,1,0,420,1.20304,0.318999,49.4147,0,0.416259,0.230881,0.222263,93.3503,104.546,1720320,0.2941,0.3637,0,0.222425,0,1,0
box_detour_wall,oi_path_slow_mppi,8131,256,16,0,0,0,1,0,420,1.20404,0.34363,49.6093,0,0.415174,0.23706,0.216345,90.8647,101.701,1720320,0.2328,0.2693,0,0.216516,0,1,0
box_detour_wall,oi_path_slow_mppi,8138,256,16,0,0,0,1,0,420,1.20548,0.333637,49.1894,0,0.432904,0.287681,0.208208,87.4475,95.7124,1720320,0.2302,0.2663,0,0.208361,0,1,0
box_detour_wall,oi_path_slow_mppi,8145,256,16,0,0,0,1,0,420,1.20154,0.342416,49.3193,0,0.460387,0.324462,0.198959,83.5626,90.0553,1720320,0.2187,0.233,0,0.199093,0,1,0
box_detour_wall,oi_path_slow_mppi,8152,256,16,0,0,0,1,0,420,1.20191,0.356089,49.8242,0,0.449212,0.279191,0.204567,85.9183,93.8217,1720320,0.2292,0.2573,0,0.204711,0,1,0
box_detour_wall,oi_path_slow_mppi,8159,256,16,0,0,0,1,0,420,1.20216,0.357477,49.431,0,0.431987,0.244602,0.205474,86.2993,94.8727,1720320,0.2244,0.2536,0,0.20562,0,1,0
box_detour_wall,soppi_fast,7956,256,16,1,0.01,1,1,1,117,0.247368,0.0299129,11.4142,0,0.625049,0.623512,1.82386,213.391,218.825,479232,1.9794,2.0326,0,1.82426,0,1,1
box_detour_wall,soppi_fast,7963,256,16,1,0.01,1,1,1,211,0.248123,0.00408013,22.0944,0,0.479425,0.432351,1.9483,411.09,427.252,864256,2.0739,2.3814,0,1.94872,0,1,1
box_detour_wall,soppi_fast,7970,256,16,1,0.01,1,1,1,143,0.240759,0.00846023,14.9753,0,0.587224,0.568683,1.96523,281.028,290.853,585728,2.1375,4.06,0,1.96581,0,1,1
box_detour_wall,soppi_fast,7977,256,16,1,0.01,1,1,1,170,0.243234,0.0286477,18.0975,0,0.536657,0.437972,1.89759,322.591,330.81,696320,2.0311,2.097,0,1.89801,0,1,1
box_detour_wall,soppi_fast,7984,256,16,1,0.01,0,1,0,420,1.29747,0.0420934,54.5152,0,0.359172,0.251855,1.99946,839.773,860.052,1720320,2.0578,2.1204,0,1.99968,0,1,0
box_detour_wall,soppi_fast,7991,256,16,1,0.01,1,1,1,247,0.243299,0.0421104,28.0263,0,0.462566,0.363299,1.92029,474.313,486.822,1011712,2.0167,2.0443,0,1.92062,0,1,1
box_detour_wall,soppi_fast,7998,256,16,1,0.01,0,1,0,420,0.823821,0.221722,29.4369,0,0.362082,0.26984,1.78431,749.409,768.343,1720320,1.9715,2.0601,0,1.78457,0,1,0
box_detour_wall,soppi_fast,8005,256,16,1,0.01,0,1,0,420,1.24064,0.0221358,50.3455,0,0.343807,0.254408,1.98178,832.347,851.663,1720320,2.0321,2.3445,0,1.98201,0,1,0
box_detour_wall,soppi_fast,8012,256,16,1,0.01,0,1,0,420,0.81431,0.246781,31.582,0,0.345515,0.209823,1.81673,763.027,780.435,1720320,2.0874,2.114,0,1.81698,0,1,0
box_detour_wall,soppi_fast,8019,256,16,1,0.01,1,1,1,149,0.24747,0.0124808,15.5787,0,0.613844,0.601919,1.89261,281.998,290.121,610304,2.014,2.0814,0,1.89305,0,1,1
box_detour_wall,soppi_fast,8026,256,16,1,0.01,0,1,0,420,0.843897,0.20152,31.2197,0,0.351485,0.218625,1.80375,757.576,778.175,1720320,2.0952,2.1278,0,1.80402,0,1,0
box_detour_wall,soppi_fast,8033,256,16,1,0.01,0,1,0,420,1.27498,0.0467519,52.827,0,0.352114,0.223219,2.02312,849.709,870.518,1720320,2.0892,2.2527,0,2.02336,0,1,0
box_detour_wall,soppi_fast,8040,256,16,1,0.01,0,1,0,420,1.26678,0.0351057,52.603,0,0.352385,0.232,1.99598,838.31,858.19,1720320,2.0645,2.1632,0,1.99626,0,1,0
box_detour_wall,soppi_fast,8047,256,16,1,0.01,0,1,0,420,0.832118,0.241856,30.8663,0,0.376324,0.274534,1.78614,750.177,771.093,1720320,1.9952,2.0777,0,1.78636,0,1,0
box_detour_wall,soppi_fast,8054,256,16,1,0.01,0,1,0,420,0.256333,0.0226326,14.0209,0,0.371845,0.267847,1.79602,754.329,780.157,1720320,1.9737,2.0784,0,1.79633,0,1,0
box_detour_wall,soppi_fast,8061,256,16,1,0.01,0,1,0,420,0.824596,0.23922,29.8422,0,0.369106,0.264546,1.78171,748.318,769.092,1720320,1.957,2.0187,0,1.78196,0,1,0
box_detour_wall,soppi_fast,8068,256,16,1,0.01,1,1,1,138,0.236764,0.0340127,13.5303,0,0.592477,0.560395,1.8487,255.121,261.962,565248,1.9999,2.1078,0,1.8491,0,1,1
box_detour_wall,soppi_fast,8075,256,16,1,0.01,1,1,1,162,0.238964,0.0122331,16.0725,0,0.574994,0.499843,1.90523,308.647,317.371,663552,2.0966,2.1338,0,1.90561,0,1,1
box_detour_wall,soppi_fast,8082,256,16,1,0.01,1,1,1,164,0.242325,0.00698833,16.7024,0,0.559649,0.517281,1.89177,310.251,320.781,671744,2.0281,2.0896,0,1.8924,0,1,1
box_detour_wall,soppi_fast,8089,256,16,1,0.01,1,1,1,128,0.239305,0.00731614,12.8962,0,0.644004,0.665524,1.87145,239.545,245.913,524288,2.0012,2.0573,0,1.87192,0,1,1
box_detour_wall,soppi_fast,8096,256,16,1,0.01,0,1,0,420,1.26364,0.0304377,51.8156,0,0.322809,0.184189,1.99319,837.14,857.347,1720320,2.0457,2.1514,0,1.99345,0,1,0
box_detour_wall,soppi_fast,8103,256,16,1,0.01,1,1,1,128,0.249424,0.00957193,12.6507,0,0.665858,0.649104,1.84215,235.796,241.417,524288,1.9919,2.0516,0,1.84253,0,1,1
box_detour_wall,soppi_fast,8110,256,16,1,0.01,1,1,1,150,0.228208,0.00886789,15.5583,0,0.643904,0.661629,1.86771,280.156,287.334,614400,1.9985,2.0779,0,1.86806,0,1,1
box_detour_wall,soppi_fast,8117,256,16,1,0.01,0,1,0,420,0.790151,0.244713,27.9785,0,0.357565,0.236062,1.76725,742.245,759.113,1720320,1.903,2.0551,0,1.76746,0,1,0
box_detour_wall,soppi_fast,8124,256,16,1,0.01,1,1,1,400,0.236058,0.00749513,45.0157,0,0.403245,0.308216,1.94372,777.487,797.755,1638400,2.0217,2.0754,0,1.94395,0,1,1
box_detour_wall,soppi_fast,8131,256,16,1,0.01,0,1,0,420,0.843788,0.212361,30.3353,0,0.36854,0.24108,1.77923,747.276,767.147,1720320,2.082,2.1527,0,1.77945,0,1,0
box_detour_wall,soppi_fast,8138,256,16,1,0.01,1,1,1,152,0.247781,0.0450541,15.5348,0,0.613511,0.725095,1.86038,282.778,289.37,622592,1.9991,2.0394,0,1.86068,0,1,1
box_detour_wall,soppi_fast,8145,256,16,1,0.01,0,1,0,420,0.826571,0.22987,30.3658,0,0.37939,0.25597,1.80242,757.016,777.969,1720320,2.0656,2.1082,0,1.80268,0,1,0
box_detour_wall,soppi_fast,8152,256,16,1,0.01,0,1,0,420,0.793325,0.278975,27.8444,0,0.358214,0.240825,1.76203,740.054,762.591,1720320,1.9798,2.1345,0,1.76234,0,1,0
box_detour_wall,soppi_fast,8159,256,16,1,0.01,1,1,1,186,0.23834,0.0464693,19.4674,0,0.552387,0.509662,1.9186,356.86,364.732,761856,2.1014,2.1267,0,1.91892,0,1,1
