file,score,kernels,kernel_loops,nested_kernel_loops,d2h,h2d,syncs,atomics,allocations,transcendentals,large_local_arrays,signals
src/benchmark_diff_mppi.cu,809,56,176,31,15,10,6,0,28,131,0,nested kernel loops; 176 kernel loops; D2H+H2D round trip; 6 explicit sync; 131 transcendental sites
src/benchmark_diff_mppi_manipulator_7dof.cu,320,10,44,14,1,5,2,0,15,2,19,nested kernel loops; 44 kernel loops; D2H+H2D round trip; 2 explicit sync; 19 symbolic local arrays
src/gpu_constrained_mpc.cu,273,1,45,16,1,2,0,0,4,1,0,nested kernel loops; 45 kernel loops; D2H+H2D round trip
src/graph_slam.cu,190,9,29,8,4,2,3,6,10,16,0,nested kernel loops; 29 kernel loops; D2H+H2D round trip; 3 explicit sync; 6 atomics; 16 transcendental sites
src/benchmark_diff_mppi_manipulator.cu,181,12,33,8,1,1,2,0,10,1,0,nested kernel loops; 33 kernel loops; D2H+H2D round trip; 2 explicit sync
src/gpu_filterreg_p2plane.cu,163,9,22,6,3,9,0,15,23,0,2,nested kernel loops; 22 kernel loops; D2H+H2D round trip; 15 atomics; 2 symbolic local arrays
src/benchmark_diff_mppi_mujoco_reacher.cu,153,10,23,5,3,6,3,0,10,1,8,nested kernel loops; 23 kernel loops; D2H+H2D round trip; 3 explicit sync; 8 symbolic local arrays
src/gpu_online_slam_3d_switchable.cu,147,9,22,7,4,8,0,6,20,0,0,nested kernel loops; 22 kernel loops; D2H+H2D round trip; 6 atomics
src/benchmark_diff_mppi_dynamic_bicycle.cu,140,10,26,5,1,2,2,0,10,5,0,nested kernel loops; 26 kernel loops; D2H+H2D round trip; 2 explicit sync; 5 transcendental sites
src/gpu_fgr.cu,140,6,22,5,1,4,0,4,11,4,3,nested kernel loops; 22 kernel loops; D2H+H2D round trip; 4 atomics; 3 symbolic local arrays; 4 transcendental sites
src/fgr_gpu.cu,132,6,22,4,1,4,0,4,11,4,3,nested kernel loops; 22 kernel loops; D2H+H2D round trip; 4 atomics; 3 symbolic local arrays; 4 transcendental sites
src/gpu_megaparticles_6dof.cu,127,21,11,2,5,4,4,21,15,3,4,nested kernel loops; 11 kernel loops; D2H+H2D round trip; 4 explicit sync; 21 atomics; 4 symbolic local arrays
src/gpu_pose_graph_slam_3d.cu,113,7,16,5,6,9,0,6,19,0,0,nested kernel loops; 16 kernel loops; D2H+H2D round trip; 6 atomics
src/gpu_pose_graph_slam_3d_switchable.cu,113,8,16,5,7,9,0,6,19,0,0,nested kernel loops; 16 kernel loops; D2H+H2D round trip; 6 atomics
src/filterreg_gpu.cu,108,7,13,5,2,7,0,8,17,0,0,nested kernel loops; 13 kernel loops; D2H+H2D round trip; 8 atomics
src/gpu_real_bunny_reg.cu,107,5,16,3,2,8,0,8,13,0,2,nested kernel loops; 16 kernel loops; D2H+H2D round trip; 8 atomics; 2 symbolic local arrays
src/gpu_robust_p2plane_reg.cu,107,5,16,3,2,8,0,8,13,0,2,nested kernel loops; 16 kernel loops; D2H+H2D round trip; 8 atomics; 2 symbolic local arrays
src/benchmark_diff_mppi_cartpole.cu,105,13,20,3,2,4,2,0,11,4,0,nested kernel loops; 20 kernel loops; D2H+H2D round trip; 2 explicit sync; 4 transcendental sites
src/gpu_online_slam.cu,100,10,15,3,10,5,0,7,12,4,0,nested kernel loops; 15 kernel loops; D2H+H2D round trip; 7 atomics; 4 transcendental sites
src/gpu_megaparticles_lsh.cu,96,15,5,0,8,5,3,27,16,19,0,5 kernel loops; D2H+H2D round trip; 3 explicit sync; 27 atomics; 19 transcendental sites
src/comparison_swarm.cu,91,13,12,1,4,7,15,2,19,0,0,nested kernel loops; 12 kernel loops; D2H+H2D round trip; 15 explicit sync; 2 atomics
src/gpu_bundle_adjustment.cu,88,14,9,3,5,3,1,10,19,2,0,nested kernel loops; 9 kernel loops; D2H+H2D round trip; 1 explicit sync; 10 atomics
src/benchmark_diff_mppi_mujoco.cu,87,8,13,2,4,8,3,0,9,1,4,nested kernel loops; 13 kernel loops; D2H+H2D round trip; 3 explicit sync; 4 symbolic local arrays
src/gpu_megaparticles_stein_mcl.cu,86,20,7,0,11,5,3,16,31,14,2,7 kernel loops; D2H+H2D round trip; 3 explicit sync; 16 atomics; 2 symbolic local arrays; 14 transcendental sites
src/benchmark_diff_mppi_pushing_box.cu,85,14,15,1,5,3,4,0,12,5,2,nested kernel loops; 15 kernel loops; D2H+H2D round trip; 4 explicit sync; 2 symbolic local arrays; 5 transcendental sites
src/gpu_megaparticles_gicp_mcl.cu,82,13,5,1,7,15,3,16,33,13,0,nested kernel loops; 5 kernel loops; D2H+H2D round trip; 3 explicit sync; 16 atomics; 13 transcendental sites
src/comparison_diff_mppi.cu,74,7,12,2,5,1,2,0,8,5,0,nested kernel loops; 12 kernel loops; D2H+H2D round trip; 2 explicit sync; 5 transcendental sites
src/diff_mppi.cu,74,7,12,2,5,1,2,0,8,5,0,nested kernel loops; 12 kernel loops; D2H+H2D round trip; 2 explicit sync; 5 transcendental sites
src/gpu_diff_contact_push.cu,74,1,8,2,3,1,1,0,5,7,5,nested kernel loops; 8 kernel loops; D2H+H2D round trip; 1 explicit sync; 5 symbolic local arrays; 7 transcendental sites
src/benchmark_diff_mppi_pushing.cu,69,10,11,1,1,2,2,0,8,5,2,nested kernel loops; 11 kernel loops; D2H+H2D round trip; 2 explicit sync; 2 symbolic local arrays; 5 transcendental sites
src/comparison_stomp.cu,68,4,7,3,3,2,3,0,5,1,2,nested kernel loops; 7 kernel loops; D2H+H2D round trip; 3 explicit sync; 2 symbolic local arrays
src/robust_p2plane_gpu.cu,68,5,11,1,2,8,0,4,13,0,2,nested kernel loops; 11 kernel loops; D2H+H2D round trip; 4 atomics; 2 symbolic local arrays
src/stomp.cu,68,4,7,3,3,2,3,0,5,1,2,nested kernel loops; 7 kernel loops; D2H+H2D round trip; 3 explicit sync; 2 symbolic local arrays
src/amcl.cu,67,9,8,1,17,10,7,0,17,17,0,nested kernel loops; 8 kernel loops; D2H+H2D round trip; 7 explicit sync; 17 transcendental sites
src/comparison_amcl.cu,67,9,8,1,8,7,7,0,17,17,0,nested kernel loops; 8 kernel loops; D2H+H2D round trip; 7 explicit sync; 17 transcendental sites
src/comparison_expansion_reset_mcl.cu,67,11,10,1,11,7,4,0,17,16,0,nested kernel loops; 10 kernel loops; D2H+H2D round trip; 4 explicit sync; 16 transcendental sites
src/gpu_sinkhorn_reg.cu,67,5,10,2,1,6,0,4,10,0,0,nested kernel loops; 10 kernel loops; D2H+H2D round trip; 4 atomics
src/sinkhorn_gpu.cu,67,5,10,2,1,6,0,4,10,0,0,nested kernel loops; 10 kernel loops; D2H+H2D round trip; 4 atomics
src/expansion_reset_mcl.cu,65,11,10,1,10,7,3,0,18,16,0,nested kernel loops; 10 kernel loops; D2H+H2D round trip; 3 explicit sync; 16 transcendental sites
src/gpu_gicp_2d.cu,65,4,7,0,14,0,0,11,18,8,2,7 kernel loops; 11 atomics; 2 symbolic local arrays; 8 transcendental sites
src/gpu_kiss_icp.cu,65,4,10,1,1,4,0,4,10,0,2,nested kernel loops; 10 kernel loops; D2H+H2D round trip; 4 atomics; 2 symbolic local arrays
src/gpu_kld_amcl.cu,65,13,8,2,5,5,2,0,18,8,0,nested kernel loops; 8 kernel loops; D2H+H2D round trip; 2 explicit sync; 8 transcendental sites
src/gpu_lidar_slam.cu,64,8,3,0,4,1,4,13,17,10,0,3 kernel loops; D2H+H2D round trip; 4 explicit sync; 13 atomics; 10 transcendental sites
src/gpu_pose_graph_slam.cu,64,6,9,1,7,4,0,6,12,4,0,nested kernel loops; 9 kernel loops; D2H+H2D round trip; 6 atomics; 4 transcendental sites
src/rrt_star_3d.cu,64,4,7,2,5,10,4,0,22,6,0,nested kernel loops; 7 kernel loops; D2H+H2D round trip; 4 explicit sync; 6 transcendental sites
src/visibility_mppi.cu,63,8,8,2,2,4,3,0,12,4,0,nested kernel loops; 8 kernel loops; D2H+H2D round trip; 3 explicit sync; 4 transcendental sites
src/comparison_fastslam.cu,62,8,9,1,5,3,3,0,15,8,0,nested kernel loops; 9 kernel loops; D2H+H2D round trip; 3 explicit sync; 8 transcendental sites
src/gpu_em_gmm.cu,62,2,5,1,7,7,1,8,8,5,1,nested kernel loops; 5 kernel loops; D2H+H2D round trip; 1 explicit sync; 8 atomics; 1 symbolic local arrays; 5 transcendental sites
src/gpu_gaussian_splatting_slam.cu,62,4,9,2,6,7,0,2,10,2,0,nested kernel loops; 9 kernel loops; D2H+H2D round trip; 2 atomics
src/esdf_mppi.cu,60,7,7,2,2,2,3,0,9,4,0,nested kernel loops; 7 kernel loops; D2H+H2D round trip; 3 explicit sync; 4 transcendental sites
src/gpu_gicp_3d.cu,60,2,7,0,4,4,1,9,12,0,2,7 kernel loops; D2H+H2D round trip; 1 explicit sync; 9 atomics; 2 symbolic local arrays
src/gpu_megaparticles_smoother.cu,60,11,1,0,7,5,2,16,23,10,0,D2H+H2D round trip; 2 explicit sync; 16 atomics; 10 transcendental sites
src/aco_tsp.cu,58,6,6,1,3,6,6,3,10,1,0,nested kernel loops; 6 kernel loops; D2H+H2D round trip; 6 explicit sync; 3 atomics
src/gpu_ndt_3d.cu,58,3,2,0,3,4,1,18,20,1,0,D2H+H2D round trip; 1 explicit sync; 18 atomics
src/gpu_ndt_3d_multires.cu,58,3,2,0,3,4,1,18,20,1,0,D2H+H2D round trip; 1 explicit sync; 18 atomics
src/gpu_robust_treg.cu,58,4,7,2,1,6,0,4,10,0,0,nested kernel loops; 7 kernel loops; D2H+H2D round trip; 4 atomics
src/robust_treg_gpu.cu,58,4,7,2,1,6,0,4,9,0,0,nested kernel loops; 7 kernel loops; D2H+H2D round trip; 4 atomics
src/pf_esdf.cu,57,10,8,1,6,7,4,0,13,4,0,nested kernel loops; 8 kernel loops; D2H+H2D round trip; 4 explicit sync; 4 transcendental sites
src/comparison_pf_visual.cu,56,6,9,1,3,3,2,0,7,5,0,nested kernel loops; 9 kernel loops; D2H+H2D round trip; 2 explicit sync; 5 transcendental sites
src/gpu_mpc_qp.cu,54,1,9,2,2,3,0,0,3,0,1,nested kernel loops; 9 kernel loops; D2H+H2D round trip; 1 symbolic local arrays
src/ndt.cu,53,3,4,1,4,4,3,4,8,6,0,nested kernel loops; 4 kernel loops; D2H+H2D round trip; 3 explicit sync; 4 atomics; 6 transcendental sites
src/fastslam1.cu,52,8,9,0,5,3,2,0,15,17,0,9 kernel loops; D2H+H2D round trip; 2 explicit sync; 17 transcendental sites
src/benchmark_cdf_mppi_7dof.cu,51,4,7,1,1,3,2,0,8,2,1,nested kernel loops; 7 kernel loops; D2H+H2D round trip; 2 explicit sync; 1 symbolic local arrays
src/comparison_prm.cu,51,3,7,1,5,11,3,0,16,3,0,nested kernel loops; 7 kernel loops; D2H+H2D round trip; 3 explicit sync
src/cuda_streams_demo.cu,51,5,7,1,0,5,3,0,10,14,0,nested kernel loops; 7 kernel loops; 3 explicit sync; 14 transcendental sites
src/prm.cu,51,3,7,1,5,11,3,0,16,3,0,nested kernel loops; 7 kernel loops; D2H+H2D round trip; 3 explicit sync
src/benchmark_pf.cu,50,5,6,1,1,3,3,0,7,6,0,nested kernel loops; 6 kernel loops; D2H+H2D round trip; 3 explicit sync; 6 transcendental sites
src/gpu_ndt_2d.cu,50,5,1,0,15,0,0,16,21,7,0,16 atomics; 7 transcendental sites
src/rrt_star_reeds_shepp.cu,50,4,5,2,5,9,3,0,24,0,0,nested kernel loops; 5 kernel loops; D2H+H2D round trip; 3 explicit sync
src/comparison_pf.cu,48,6,7,1,4,3,1,0,7,5,0,nested kernel loops; 7 kernel loops; D2H+H2D round trip; 1 explicit sync; 5 transcendental sites
src/pso.cu,48,6,5,0,4,2,9,1,8,0,0,5 kernel loops; D2H+H2D round trip; 9 explicit sync; 1 atomics
src/frenet_optimal_trajectory.cu,47,2,6,1,2,6,0,0,8,8,0,nested kernel loops; 6 kernel loops; D2H+H2D round trip; 8 transcendental sites
src/gpu_assignment_tracking.cu,47,1,5,1,3,6,1,2,4,0,3,nested kernel loops; 5 kernel loops; D2H+H2D round trip; 1 explicit sync; 2 atomics; 3 symbolic local arrays
src/pf_on_episode.cu,47,7,7,1,2,10,2,0,17,1,0,nested kernel loops; 7 kernel loops; D2H+H2D round trip; 2 explicit sync
src/gpu_multi_robot_planner.cu,46,3,5,2,1,4,0,0,7,3,0,nested kernel loops; 5 kernel loops; D2H+H2D round trip
src/comparison_frenet.cu,45,2,6,1,2,6,0,0,8,6,0,nested kernel loops; 6 kernel loops; D2H+H2D round trip; 6 transcendental sites
src/comparison_rrtstar.cu,45,3,4,1,4,7,3,0,11,6,0,nested kernel loops; 4 kernel loops; D2H+H2D round trip; 3 explicit sync; 6 transcendental sites
src/informed_rrt_star.cu,45,3,4,1,4,7,3,0,17,6,0,nested kernel loops; 4 kernel loops; D2H+H2D round trip; 3 explicit sync; 6 transcendental sites
src/rrt_star.cu,45,3,4,1,4,9,3,0,17,6,0,nested kernel loops; 4 kernel loops; D2H+H2D round trip; 3 explicit sync; 6 transcendental sites
src/comparison_mppi.cu,44,4,6,0,3,1,4,0,7,6,0,6 kernel loops; D2H+H2D round trip; 4 explicit sync; 6 transcendental sites
src/mppi.cu,44,4,6,0,3,1,4,0,7,6,0,6 kernel loops; D2H+H2D round trip; 4 explicit sync; 6 transcendental sites
src/gpu_global_localization_mcl.cu,43,11,6,0,5,5,2,0,16,10,0,6 kernel loops; D2H+H2D round trip; 2 explicit sync; 10 transcendental sites
src/gpu_sfm_mini.cu,43,3,5,1,4,2,4,0,6,1,0,nested kernel loops; 5 kernel loops; D2H+H2D round trip; 4 explicit sync
src/particle_filter.cu,43,6,7,0,3,3,2,0,7,6,0,7 kernel loops; D2H+H2D round trip; 2 explicit sync; 6 transcendental sites
src/comparison_icp.cu,41,5,3,0,5,4,0,9,9,1,0,3 kernel loops; D2H+H2D round trip; 9 atomics
src/comparison_sdf_nav.cu,41,4,5,1,2,2,1,0,10,3,0,nested kernel loops; 5 kernel loops; D2H+H2D round trip; 1 explicit sync
src/mppi_gpu.cu,41,7,6,0,2,6,0,1,14,11,0,6 kernel loops; D2H+H2D round trip; 1 atomics; 11 transcendental sites
src/gpu_multigoal_neural_astar_traversability.cu,40,2,3,1,5,3,1,1,8,0,2,nested kernel loops; 3 kernel loops; D2H+H2D round trip; 1 explicit sync; 1 atomics; 2 symbolic local arrays
src/gpu_neural_astar_traversability.cu,40,2,3,1,5,3,1,1,8,0,2,nested kernel loops; 3 kernel loops; D2H+H2D round trip; 1 explicit sync; 1 atomics; 2 symbolic local arrays
src/gpu_spatiotemporal_neural_astar_traversability.cu,40,2,3,1,5,3,1,1,8,0,2,nested kernel loops; 3 kernel loops; D2H+H2D round trip; 1 explicit sync; 1 atomics; 2 symbolic local arrays
src/icp.cu,40,5,2,0,7,4,1,9,9,1,0,D2H+H2D round trip; 1 explicit sync; 9 atomics
src/gpu_diffusion_policy.cu,39,3,3,1,3,2,1,0,7,2,2,nested kernel loops; 3 kernel loops; D2H+H2D round trip; 1 explicit sync; 2 symbolic local arrays
src/gpu_parallel_ilqr.cu,39,2,4,2,1,1,2,0,2,0,0,nested kernel loops; 4 kernel loops; D2H+H2D round trip; 2 explicit sync
src/gicp.cu,38,3,3,1,4,0,3,3,8,1,0,nested kernel loops; 3 kernel loops; 3 explicit sync; 3 atomics
src/gpu_anytime_neural_astar_traversability.cu,38,2,3,1,5,3,0,1,8,0,2,nested kernel loops; 3 kernel loops; D2H+H2D round trip; 1 atomics; 2 symbolic local arrays
src/gpu_experience_graph_neural_planner.cu,38,2,3,1,5,1,1,1,6,0,2,nested kernel loops; 3 kernel loops; D2H+H2D round trip; 1 explicit sync; 1 atomics; 2 symbolic local arrays
src/sdf_mppi.cu,38,4,5,1,1,1,1,0,5,3,0,nested kernel loops; 5 kernel loops; D2H+H2D round trip; 1 explicit sync
src/statistical_filter.cu,38,4,5,1,2,0,4,0,3,1,1,nested kernel loops; 5 kernel loops; 4 explicit sync; 1 symbolic local arrays
src/comparison_hybrid_astar.cu,37,3,4,0,4,6,3,1,8,4,0,4 kernel loops; D2H+H2D round trip; 3 explicit sync; 1 atomics; 4 transcendental sites
src/differential_evolution.cu,37,6,4,0,3,1,6,1,6,0,0,4 kernel loops; D2H+H2D round trip; 6 explicit sync; 1 atomics
src/gpu_crowd_swarm.cu,37,3,3,1,2,3,1,2,5,4,0,nested kernel loops; 3 kernel loops; D2H+H2D round trip; 1 explicit sync; 2 atomics; 4 transcendental sites
src/hybrid_astar.cu,37,3,4,0,4,6,3,1,8,4,0,4 kernel loops; D2H+H2D round trip; 3 explicit sync; 1 atomics; 4 transcendental sites
src/gpu_direct_vo.cu,36,1,5,1,1,4,0,1,4,2,0,nested kernel loops; 5 kernel loops; D2H+H2D round trip; 1 atomics
src/gpu_hungarian_assignment.cu,36,1,4,0,4,2,1,1,6,0,3,4 kernel loops; D2H+H2D round trip; 1 explicit sync; 1 atomics; 3 symbolic local arrays
src/voronoi_road_map.cu,36,4,3,1,2,2,4,0,5,1,0,nested kernel loops; 3 kernel loops; D2H+H2D round trip; 4 explicit sync
src/comparison_orca.cu,35,5,4,0,8,18,1,0,24,10,0,4 kernel loops; D2H+H2D round trip; 1 explicit sync; 10 transcendental sites
src/gpu_frontier_exploration.cu,35,3,2,1,5,2,0,5,6,0,0,nested kernel loops; D2H+H2D round trip; 5 atomics
src/comparison_gaussian_splatting.cu,34,2,2,1,4,2,0,4,6,1,0,nested kernel loops; D2H+H2D round trip; 4 atomics
src/cma_es.cu,33,3,3,1,2,4,3,0,5,0,0,nested kernel loops; 3 kernel loops; D2H+H2D round trip; 3 explicit sync
src/gpu_gat_traversability_policy.cu,33,2,3,1,2,2,3,0,4,1,0,nested kernel loops; 3 kernel loops; D2H+H2D round trip; 3 explicit sync
src/gpu_multi_robot_place_graph_slam.cu,33,3,1,0,3,7,0,8,10,1,0,D2H+H2D round trip; 8 atomics
src/gpu_diffusion_planner.cu,32,3,4,1,3,0,1,0,5,5,0,nested kernel loops; 4 kernel loops; 1 explicit sync; 5 transcendental sites
src/comparison_esdf_3d.cu,31,3,3,1,1,1,2,0,4,1,0,nested kernel loops; 3 kernel loops; D2H+H2D round trip; 2 explicit sync
src/gpu_interaction_graph_neural_mppi.cu,31,5,4,0,6,9,1,0,22,4,0,4 kernel loops; D2H+H2D round trip; 1 explicit sync; 4 transcendental sites
src/voxel_grid_filter.cu,31,3,1,0,4,0,2,8,9,0,0,2 explicit sync; 8 atomics
src/dynamic_window_approach.cu,30,2,4,0,3,1,0,0,7,6,0,4 kernel loops; D2H+H2D round trip; 6 transcendental sites
src/benchmark_mppi_rng.cu,29,6,5,0,0,0,3,0,2,6,0,5 kernel loops; 3 explicit sync; 6 transcendental sites
src/comparison_voronoi.cu,29,3,2,1,1,2,3,0,4,0,0,nested kernel loops; D2H+H2D round trip; 3 explicit sync
src/pf_realistic_obs.cu,29,8,5,0,5,4,0,0,9,1,0,5 kernel loops; D2H+H2D round trip
src/gpu_bnb_loop_closure_slam.cu,28,4,3,0,4,8,2,0,11,2,0,3 kernel loops; D2H+H2D round trip; 2 explicit sync
src/diff_pf.cu,27,6,2,0,11,17,0,0,19,8,0,D2H+H2D round trip; 8 transcendental sites
src/diff_pf_mlp.cu,27,5,2,0,5,20,1,0,18,6,0,D2H+H2D round trip; 1 explicit sync; 6 transcendental sites
src/orca.cu,27,4,2,0,4,9,1,0,15,6,0,D2H+H2D round trip; 1 explicit sync; 6 transcendental sites
src/state_lattice_planner.cu,27,2,3,0,5,3,1,0,7,4,0,3 kernel loops; D2H+H2D round trip; 1 explicit sync; 4 transcendental sites
src/comparison_dwa_visual.cu,26,2,3,0,5,1,0,0,7,5,0,3 kernel loops; D2H+H2D round trip; 5 transcendental sites
src/benchmark_dwa.cu,25,2,4,0,0,1,1,0,5,6,0,4 kernel loops; 1 explicit sync; 6 transcendental sites
src/gpu_branch_and_bound_csm.cu,25,3,2,0,3,8,3,0,8,0,0,D2H+H2D round trip; 3 explicit sync
src/gpu_diff_value_iteration_traversability.cu,25,2,2,0,3,2,3,0,5,3,0,D2H+H2D round trip; 3 explicit sync
src/multi_robot_planner.cu,25,2,2,0,2,9,1,0,11,4,0,D2H+H2D round trip; 1 explicit sync; 4 transcendental sites
src/comparison_dwa.cu,24,2,3,0,3,1,0,0,5,5,0,3 kernel loops; D2H+H2D round trip; 5 transcendental sites
src/comparison_esdf.cu,24,3,2,1,1,1,0,0,4,1,0,nested kernel loops; D2H+H2D round trip
src/gpu_dbscan.cu,24,4,2,0,7,4,2,2,5,0,0,D2H+H2D round trip; 2 explicit sync; 2 atomics
src/mini_isaac_rl.cu,24,6,2,0,2,2,1,0,21,3,0,D2H+H2D round trip; 1 explicit sync
src/social_force.cu,24,2,1,0,2,6,1,0,8,6,0,D2H+H2D round trip; 1 explicit sync; 6 transcendental sites
src/normal_estimation.cu,23,1,5,0,0,0,1,0,0,0,2,5 kernel loops; 1 explicit sync; 2 symbolic local arrays
src/benchmark_rrt.cu,22,1,1,0,2,4,3,0,9,0,0,D2H+H2D round trip; 3 explicit sync
src/occupancy_grid_map.cu,22,1,1,0,2,2,1,3,2,4,0,D2H+H2D round trip; 1 explicit sync; 3 atomics; 4 transcendental sites
src/comparison_multi_robot.cu,21,1,2,0,2,6,0,0,6,4,0,D2H+H2D round trip; 4 transcendental sites
src/comparison_multi_robot_visual.cu,21,1,2,0,2,6,0,0,6,4,0,D2H+H2D round trip; 4 transcendental sites
src/comparison_rrt.cu,21,2,1,0,3,5,2,0,8,1,0,D2H+H2D round trip; 2 explicit sync
src/comparison_rrt3d.cu,21,2,1,0,3,7,2,0,10,1,0,D2H+H2D round trip; 2 explicit sync
src/gpu_label_propagation.cu,21,2,3,0,2,3,1,0,5,0,0,3 kernel loops; D2H+H2D round trip; 1 explicit sync
src/neuroevo.cu,21,1,1,0,2,1,4,0,5,0,0,D2H+H2D round trip; 4 explicit sync
src/rrt.cu,21,2,1,0,3,5,2,0,8,1,0,D2H+H2D round trip; 2 explicit sync
src/bcpd_gpu.cu,20,3,3,0,3,3,0,0,6,0,0,3 kernel loops; D2H+H2D round trip
src/benchmark_mppi_control_update.cu,20,2,3,0,2,2,1,0,4,0,0,3 kernel loops; D2H+H2D round trip; 1 explicit sync
src/comparison_lidar3d_realistic.cu,20,3,0,0,11,1,1,0,8,5,0,D2H+H2D round trip; 1 explicit sync; 5 transcendental sites
src/comparison_occupancy_grid.cu,20,1,1,0,1,2,0,3,2,4,0,D2H+H2D round trip; 3 atomics; 4 transcendental sites
src/comparison_voxel_map.cu,20,2,1,0,1,1,0,3,2,4,0,D2H+H2D round trip; 3 atomics; 4 transcendental sites
src/gpu_bcpd.cu,20,3,3,0,3,3,0,0,6,0,0,3 kernel loops; D2H+H2D round trip
src/gpu_mppi_racing.cu,20,3,2,0,3,3,0,0,7,2,0,D2H+H2D round trip
src/gpu_gnn_swarm_controller.cu,19,4,1,0,3,1,1,0,4,5,0,D2H+H2D round trip; 1 explicit sync; 5 transcendental sites
src/comparison_rrtstar_rewire.cu,18,2,1,0,2,4,2,0,5,1,0,D2H+H2D round trip; 2 explicit sync
src/gpu_graph_crf_traversability.cu,18,2,1,0,2,2,3,0,4,0,0,D2H+H2D round trip; 3 explicit sync
src/gpu_pcg_solver.cu,18,3,1,0,3,5,1,0,11,0,0,D2H+H2D round trip; 1 explicit sync
src/gpu_sgm_stereo.cu,18,3,1,0,2,2,1,1,6,0,0,D2H+H2D round trip; 1 explicit sync; 1 atomics
src/gpu_spectral_clustering.cu,18,3,2,0,1,3,1,0,5,0,0,D2H+H2D round trip; 1 explicit sync
src/comparison_reeds_shepp_fan.cu,17,2,1,0,5,1,0,0,8,1,0,D2H+H2D round trip
src/gpu_label_propagation_traversability.cu,17,2,1,0,2,1,3,0,3,0,0,D2H+H2D round trip; 3 explicit sync
src/potential_field_3d.cu,17,1,1,0,1,4,1,0,5,2,0,D2H+H2D round trip; 1 explicit sync
src/rrt_connect.cu,17,1,2,0,2,10,0,0,6,0,0,D2H+H2D round trip
src/comparison_neuroevo.cu,16,0,0,0,1,2,3,0,5,0,0,D2H+H2D round trip; 3 explicit sync
src/gpu_best_response_graph_mppi.cu,16,1,1,0,4,4,0,0,8,0,0,D2H+H2D round trip
src/gpu_correlative_scan_matching.cu,16,1,1,0,1,3,1,0,4,2,0,D2H+H2D round trip; 1 explicit sync
src/gpu_csm_loop_closure_slam.cu,16,1,1,0,1,3,1,0,4,2,0,D2H+H2D round trip; 1 explicit sync
src/gpu_csm_submap_slam.cu,16,1,1,0,1,3,1,0,4,2,0,D2H+H2D round trip; 1 explicit sync
src/gpu_graph_guided_neural_mppi.cu,16,1,1,0,4,6,0,0,10,0,0,D2H+H2D round trip
src/gpu_iterative_game_graph_mppi.cu,16,1,1,0,4,4,0,0,8,0,0,D2H+H2D round trip
src/gpu_kinodynamic_graph_neural_mppi.cu,16,1,1,0,4,6,0,0,10,0,0,D2H+H2D round trip
src/gpu_learned_safety_dual_graph_mppi.cu,16,1,1,0,5,6,0,0,8,0,0,D2H+H2D round trip
src/gpu_noregret_game_graph_mppi.cu,16,1,1,0,4,4,0,0,8,0,0,D2H+H2D round trip
src/gpu_planner_showdown_benchmark.cu,16,1,1,0,5,6,0,0,8,0,0,D2H+H2D round trip
src/gpu_safe_noregret_game_graph_mppi.cu,16,1,1,0,5,6,0,0,8,0,0,D2H+H2D round trip
src/gpu_trainable_safety_dual_graph_mppi.cu,16,1,1,0,5,6,0,0,8,0,0,D2H+H2D round trip
src/gpu_batched_ilqr.cu,15,1,1,0,1,3,1,0,5,0,0,D2H+H2D round trip; 1 explicit sync
src/gpu_interaction_graph_risk.cu,15,3,2,0,2,1,0,0,4,0,0,D2H+H2D round trip
src/gpu_mcts_planner.cu,15,2,0,0,2,2,1,2,4,0,0,D2H+H2D round trip; 1 explicit sync; 2 atomics
src/gpu_wavefront_planner.cu,15,1,1,0,4,5,0,2,3,0,0,D2H+H2D round trip; 2 atomics
src/potential_field.cu,15,1,1,0,1,2,1,0,3,2,0,D2H+H2D round trip; 1 explicit sync
src/comparison_collision_check.cu,14,1,1,0,4,1,0,0,5,1,0,D2H+H2D round trip
src/dijkstra.cu,14,1,1,0,1,2,1,0,3,1,0,D2H+H2D round trip; 1 explicit sync
src/gpu_belief_risk_graph_mppi.cu,14,1,1,0,4,2,0,0,6,0,0,D2H+H2D round trip
src/gpu_gaussian_splatting.cu,14,2,1,0,2,3,0,0,5,1,0,D2H+H2D round trip
src/gpu_intent_graph_neural_mppi.cu,14,1,1,0,4,2,0,0,6,0,0,D2H+H2D round trip
src/gpu_jfa_edt.cu,14,1,1,0,2,4,1,0,4,0,0,D2H+H2D round trip; 1 explicit sync
src/gpu_lk_optical_flow.cu,14,1,0,0,3,4,1,0,7,0,0,D2H+H2D round trip; 1 explicit sync
src/gpu_reciprocal_risk_planner.cu,14,3,1,0,2,1,1,0,3,1,0,D2H+H2D round trip; 1 explicit sync
src/a_star.cu,13,1,1,0,1,2,1,0,3,0,0,D2H+H2D round trip; 1 explicit sync
src/benchmark_mppi_diagnostics.cu,13,2,0,0,2,1,0,1,6,0,0,D2H+H2D round trip; 1 atomics
src/comparison_astar.cu,13,1,1,0,1,2,1,0,3,0,0,D2H+H2D round trip; 1 explicit sync
src/comparison_dijkstra.cu,13,1,1,0,1,2,1,0,3,0,0,D2H+H2D round trip; 1 explicit sync
src/comparison_potential_field.cu,13,1,1,0,1,2,0,0,3,2,0,D2H+H2D round trip
src/gpu_kdtree_nn.cu,13,1,0,0,1,8,0,0,9,0,0,D2H+H2D round trip
src/gpu_multiagent_graph_neural_mppi.cu,13,1,1,0,4,1,0,0,5,0,0,D2H+H2D round trip
src/gpu_priority_graph_neural_mppi.cu,13,1,1,0,4,1,0,0,5,0,0,D2H+H2D round trip
src/test_gpu_mlp.cu,12,0,0,0,1,4,0,0,7,0,0,D2H+H2D round trip
src/benchmark_mppi_softmin.cu,11,2,0,0,2,2,0,0,5,1,0,D2H+H2D round trip
src/comparison_lidar3d_sim.cu,11,1,0,0,5,1,0,0,6,0,0,D2H+H2D round trip
src/gpu_tsdf_fusion.cu,11,1,0,0,2,2,1,0,4,0,0,D2H+H2D round trip; 1 explicit sync
src/ransac_plane.cu,11,2,1,0,2,0,2,0,3,1,0,2 explicit sync
src/comparison_lidar_sim.cu,10,1,1,0,1,1,0,0,2,0,0,D2H+H2D round trip
src/gpu_marching_cubes.cu,10,1,0,0,2,1,1,0,3,0,0,D2H+H2D round trip; 1 explicit sync
src/gpu_cma_es.cu,9,1,0,0,2,2,1,0,2,0,0,D2H+H2D round trip; 1 explicit sync
src/mini_isaac.cu,7,1,0,0,3,0,1,0,4,1,0,1 explicit sync
src/benchmark_pointcloud.cu,6,0,0,0,3,0,0,0,6,0,0,
src/test_autodiff.cu,6,1,0,0,1,0,1,0,1,3,0,1 explicit sync
src/value_iteration.cu,6,1,1,0,2,0,0,0,3,0,0,
src/gpu_nerf_volume.cu,5,1,1,0,1,0,0,0,1,1,0,
src/sdf_potential_field.cu,4,1,0,0,1,0,1,0,1,1,0,1 explicit sync
src/gpu_planner_falsifier_benchmark.cu,1,1,0,0,1,0,0,0,1,0,0,
src/diff_e2e_slam.cu,0,0,0,0,0,0,0,0,0,0,0,
src/gpu_filterreg.cu,0,0,0,0,0,0,0,0,0,0,0,
src/neural_sdf.cu,0,0,0,0,0,0,0,0,0,0,0,
