phase,mode,repeat,returncode,quality_pass,ate_rmse_m,final_drift_percent,inliers_min,frames,frame_ms_mean,frame_ms_p95,frame_ms_p99,frame_ms_max,odometry_ms_mean,odometry_ms_p95,odometry_ms_p99,odometry_ms_max,normal_ms_mean,normal_ms_p95,normal_ms_p99,normal_ms_max,index_ms_mean,index_ms_p95,index_ms_p99,index_ms_max,nn_ms_mean,nn_ms_p95,nn_ms_p99,nn_ms_max,validation_ms_mean,validation_ms_p95,validation_ms_p99,validation_ms_max,deskew_wall_ms_mean,deskew_wall_ms_p95,deskew_wall_ms_p99,deskew_wall_ms_max,downsample_ms_mean,downsample_ms_p95,downsample_ms_p99,downsample_ms_max,map_upload_ms_mean,map_upload_ms_p95,map_upload_ms_p99,map_upload_ms_max,icp_ms_mean,icp_ms_p95,icp_ms_p99,icp_ms_max,normal_equation_ms_mean,normal_equation_ms_p95,normal_equation_ms_p99,normal_equation_ms_max,map_update_ms_mean,map_update_ms_p95,map_update_ms_p99,map_update_ms_max,map_prune_ms_mean,map_prune_ms_p95,map_prune_ms_p99,map_prune_ms_max,map_insert_ms_mean,map_insert_ms_p95,map_insert_ms_p99,map_insert_ms_max,map_pack_ms_mean,map_pack_ms_p95,map_pack_ms_p99,map_pack_ms_max,map_reorder_ms_mean,map_reorder_ms_p95,map_reorder_ms_p99,map_reorder_ms_max,normal_cache_prepare_ms_mean,normal_cache_prepare_ms_p95,normal_cache_prepare_ms_p99,normal_cache_prepare_ms_max,fifo_response_p95_ms,fifo_response_p99_ms,fifo_final_response_ms,fifo_deadline_miss_fraction,over_100ms_fraction,reused_points,recomputed_points,prepare_ms_total,reuse_fraction
initial,validate,0,0,True,0.805742516,0.4682323142,25004,1190,38.45693462184874,52.6032,56.4133,59.1692,33.81824420168067,47.4611,50.2387,53.2857,2.336510699159664,3.63155,4.52794,5.33661,0.2946778386554622,0.477184,0.503808,1.0257,3.0174413764705883,4.5368,5.05994,5.60256,1.1645949579831933,2.3216,4.3443,5.3465,0.7627710924369748,1.0712,1.161,1.4206,7.161321512605042,9.4751,11.4612,14.8262,0.4207911764705882,0.6053,0.6915,0.9766,4.408051512605042,6.1167,6.8716,7.9231,0.28492001344537815,0.362272,0.37328,0.389696,4.850442857142857,7.47,8.9409,9.9301,0.45008117647058826,0.794,1.0267,1.8328,2.3258991596638654,3.3662,4.6047,6.0,1.9052980672268907,3.5009,4.5754,6.2807,0.08068719327731093,0.140448,0.161952,0.186688,0.6789249579831933,1.0428,1.2548,1.6175,52.60319999999774,56.41330000000016,55.021999999997206,0.0,0.0,99995883,5972888,807.9207,0.9436353942427057
initial,full,0,0,True,0.805742516,0.4682323142,25004,1190,44.00900605042017,60.8355,69.6932,89.0581,38.15804605042017,53.1603,60.916,77.1596,11.565008218487394,19.5964,20.5334,20.9213,0.3350503831932773,0.498368,0.726208,1.75306,3.1503848218487396,4.60835,5.28224,7.67421,2.0033142857142856,3.2256,5.6657,23.4033,0.9152858823529412,1.3325,1.8999,18.8924,10.927168739495798,16.6911,22.1712,45.8018,0.45919714285714286,0.6607,0.9661,2.6609,5.021756974789916,7.2699,10.2416,29.2753,0.31224013277310925,0.373536,0.420736,8.05072,6.719891176470588,9.9384,13.79,35.2586,0.6907904201680672,1.2083,1.6173,6.1132,3.447980588235294,5.2188,7.3073,31.6621,2.3006226050420167,4.4126,6.7034,20.4491,0.08785979159663866,0.143552,0.214752,0.87072,0.0,0.0,0.0,0.0,60.83550000000105,69.69319999999425,52.1536000000051,0.0,0.0,0,105968771,0,0.0
initial,incremental,0,0,True,0.805742516,0.4682323142,25004,1190,27.706490588235294,37.3896,43.0181,47.4617,22.802102521008404,31.759,36.362,40.4793,2.4905723983193275,3.8953,5.07907,6.12202,0.3097088,0.499488,0.51776,0.853184,3.2159265462184874,4.80422,5.27514,5.80666,1.1356398319327732,1.9023,2.6295,5.8868,0.7333664705882353,1.0172,1.1323,1.5667,7.309972857142857,10.3479,13.0101,16.2908,0.4253589075630252,0.609,0.7135,0.8881,4.595405546218488,6.4884,7.1397,8.6617,0.33462332773109243,0.45088,0.471072,0.493216,4.970133445378151,7.8842,9.902,11.0784,0.4628861344537815,0.8273,1.0689,1.7462,2.3812929411764707,3.5434,4.9533,6.4154,1.9524183193277311,3.778,4.7696,7.1189,0.08350978151260505,0.138752,0.161216,0.193024,0.683759243697479,1.1001,1.3583,1.857,37.38960000000225,43.01810000000114,38.83680000000459,0.0,0.0,99995883,5972888,813.6735,0.9436353942427057
initial,incremental,1,0,True,0.805742516,0.4682323142,25004,1190,33.48040394957983,54.0976,62.0796,78.968,27.62751218487395,45.2826,53.8907,69.8665,2.7103693596638654,4.53184,6.83709,8.93069,0.35195235462184876,0.604448,0.714816,2.16288,3.4991472773109242,6.07603,6.53366,7.02589,1.6435071428571428,3.0717,4.6614,25.5524,0.8260626890756303,1.262,1.8247,4.04,9.396271260504202,15.8914,19.5997,33.9498,0.4525424369747899,0.6454,0.7942,6.8459,5.204108655462185,8.6387,10.5835,20.6757,0.3974744168067227,0.737472,0.818528,1.98307,5.9985333613445375,11.1856,13.4587,36.7445,0.5918063865546218,1.2069,1.4968,4.6753,3.000693361344538,5.3712,6.3613,13.307,2.1757214285714284,4.3919,5.8745,28.3291,0.09041624201680672,0.144256,0.193568,0.48848,0.843182268907563,1.6457,2.2964,6.1107,54.097600000000966,62.07960000000094,55.52619999999297,0.0,0.0,99995883,5972888,1003.3869,0.9436353942427057
initial,full,1,0,True,0.805742516,0.4682323142,25004,1190,37.01222361344538,50.8926,55.1479,59.8398,32.26969647058824,45.6431,49.8386,53.5694,11.469734394957984,19.5265,20.5411,20.7546,0.29914065210084034,0.487424,0.514944,0.65648,3.0471022218487396,4.57958,5.08845,5.87402,1.2076636974789916,1.9376,2.9754,5.7242,0.7592291596638655,1.0402,1.2316,1.5021,7.966251260504202,10.5498,11.9352,13.7493,0.4364809243697479,0.6333,0.7233,0.8693,4.547645882352941,6.258,6.947,10.1873,0.28502451092436976,0.363456,0.370432,0.380608,5.4728273109243695,8.72,10.5845,15.7253,0.4871780672268908,0.8145,1.1036,1.5756,2.5315817647058823,3.7432,4.7948,5.5947,2.2677887394957983,4.4029,5.6047,11.6178,0.07864739495798319,0.137728,0.152096,0.17792,0.0,0.0,0.0,0.0,50.892600000006496,55.1478999999963,51.116299999994226,0.0,0.0,0,105968771,0,0.0
controlled,validate,0,0,True,0.805742516,0.4682323142,25004,1190,45.82478336134454,66.1984,71.4649,77.5254,40.26875420168067,59.1814,63.3278,70.9063,2.338977287394958,3.64694,4.53206,5.42282,0.3153728537815126,0.503072,0.645088,0.842048,3.0539655092436977,4.58605,5.37994,6.17904,1.9106021008403362,2.8502,4.7411,6.7113,0.8808,1.2345,1.4752,3.0652,10.38447050420168,14.1603,15.8646,18.2061,0.4309,0.6133,0.7384,1.3533,4.666865462184874,6.5348,8.1594,10.2804,0.28465586554621847,0.360896,0.37216,0.422528,6.660748067226891,10.8258,13.0298,15.3467,0.7187913445378151,1.1875,1.2753,1.8218,3.4190552100840335,5.3182,5.8181,9.0444,2.2497136134453783,4.1764,5.3426,8.2952,0.08060291764705882,0.126816,0.156352,0.18736,0.9312430252100841,1.6595,2.2608,3.4281,66.19839999999385,71.46490000000631,70.89419999999518,0.0,0.0,99995883,5972888,1108.1792,0.9436353942427057
controlled,full,0,0,True,0.805742516,0.4682323142,25004,1190,40.25503277310924,57.9368,61.3536,65.6931,34.954180588235296,50.9996,53.8115,58.6624,11.507732949579832,19.5157,20.4952,20.8116,0.33016943529411763,0.506144,0.8344,1.00214,3.0974870537815127,4.61101,5.1431,5.67181,1.635233025210084,3.0214,3.8153,9.7811,0.8321852941176471,1.1865,1.5427,3.6991,9.413087647058823,15.3111,16.6633,19.0524,0.4442256302521008,0.6193,0.7204,1.3706,4.73042705882353,6.6329,7.608,9.7962,0.29082823529411767,0.367712,0.37808,0.505664,5.94666025210084,9.4118,10.9542,15.5748,0.5962552100840336,1.2522,1.5522,2.8827,2.9531525210084033,4.9628,5.3505,8.57,2.1606396638655463,4.0771,5.5706,9.8047,0.08378054453781512,0.133856,0.171584,0.761952,0.0,0.0,0.0,0.0,57.936799999999494,61.35359999999855,51.47419999999693,0.0,0.0,0,105968771,0,0.0
controlled,incremental,0,0,True,0.805742516,0.4682323142,25004,1190,27.585172352941175,36.2941,41.2198,46.6264,22.731015210084035,30.5453,34.8268,40.3784,2.4747009092436976,3.88726,4.96291,5.64208,0.3033882352941176,0.487264,0.514944,0.557504,3.190173937815126,4.70656,5.18989,5.69542,1.1264861344537815,1.9883,2.9085,5.7782,0.7192152100840337,0.9639,1.1101,1.3874,7.293579075630252,9.932,11.9138,13.1228,0.4200367226890756,0.6121,0.6962,0.8869,4.559599159663866,6.3033,6.7766,11.4312,0.3289536,0.428864,0.454496,0.470816,5.006593865546218,7.9302,9.8345,13.546,0.46717075630252103,0.8233,1.0734,1.1403,2.4043825210084036,3.5486,4.7615,5.366,1.9553732773109245,3.8544,5.1412,7.6432,0.08228455798319327,0.136768,0.155328,0.18912,0.6875752100840337,1.08,1.3503,1.949,36.29409999999916,41.21979999999894,44.6984999999986,0.0,0.0,99995883,5972888,818.2145,0.9436353942427057
controlled,incremental,1,0,True,0.805742516,0.4682323142,25004,1190,39.88404109243697,55.3231,59.8654,74.3469,32.88130058823529,45.7326,48.5564,61.2188,3.1121447798319326,5.76272,7.98358,11.3074,0.4111187546218487,0.712704,1.36195,1.61731,4.02102494789916,6.79651,9.4024,15.3739,2.18523,3.1749,4.8693,6.7387,0.912886974789916,1.2505,1.5216,2.8981,11.497916218487395,15.4191,17.1765,20.1816,0.4615714285714286,0.6357,0.7554,1.757,5.945170756302521,9.2273,12.0238,18.5616,0.4915174655462185,0.849888,0.932128,1.20637,7.152396974789916,11.0984,12.7537,16.4875,0.7984144537815127,1.3101,1.5213,1.8308,3.7682526890756303,5.3663,6.0072,7.8252,2.274575042016807,4.3193,5.858,11.1843,0.09626059831932773,0.150944,0.177888,0.839296,1.0142750420168067,1.6474,1.8776,2.5698,55.32310000000143,59.865399999995134,56.96980000000622,0.0,0.0,99995883,5972888,1206.9873,0.9436353942427057
controlled,full,1,0,True,0.805742516,0.4682323142,25004,1190,35.54381529411765,48.2533,51.9831,56.3105,30.915270420168067,43.0909,46.8321,51.2412,11.464317773109244,19.5979,20.5678,20.9055,0.2930155831932773,0.475776,0.526848,0.80912,3.0324903142857145,4.56448,5.10019,5.62726,1.1142097478991597,1.7312,2.4923,4.279,0.7357784033613446,0.985,1.1608,1.6688,7.367819915966386,9.6381,11.6808,14.9964,0.42625210084033616,0.6061,0.7022,1.2577,4.448989579831933,6.1327,6.6509,7.2287,0.2855753949579832,0.364096,0.370592,0.384288,4.968300924369748,7.7584,9.4559,11.0093,0.4577906722689076,0.7699,1.0073,1.341,2.3758110084033612,3.4109,4.5182,5.6144,1.9626521008403361,3.82,4.9264,5.9926,0.08082737478991596,0.134464,0.15568,0.832832,0.0,0.0,0.0,0.0,48.25329999999667,51.98309999999765,51.18989999999758,0.0,0.0,0,105968771,0,0.0
controlled,full,2,0,True,0.805742516,0.4682323142,25004,1190,35.44798789915966,48.1375,51.4252,55.5714,30.834181008403363,43.2373,46.1429,49.5419,11.46576131092437,19.6137,20.5221,20.7809,0.2970329277310924,0.482528,0.505696,0.7376,3.038924793277311,4.56874,5.07728,5.6159,1.0903179831932772,1.5676,2.6619,3.9217,0.7393814285714285,1.0033,1.1238,1.4698,7.253962521008403,9.4978,10.4664,12.91,0.4253594117647059,0.6073,0.6948,1.1231,4.482901260504201,6.3037,7.1411,7.898,0.2850883764705882,0.363008,0.372352,0.392096,4.990048571428572,7.8258,8.7661,10.6432,0.4572879831932773,0.7694,0.9801,1.4053,2.3557625210084034,3.3957,4.086,5.4049,2.0060017647058825,3.9373,4.7047,5.4236,0.08142211764705883,0.137024,0.160448,0.265088,0.0,0.0,0.0,0.0,48.13749999999709,51.42519999999786,49.21469999999681,0.0,0.0,0,105968771,0,0.0
controlled,incremental,2,0,True,0.805742516,0.4682323142,25004,1190,31.52523781512605,52.6153,56.6159,59.8504,25.993171344537814,44.0281,46.9186,49.9331,2.6694906033613446,4.86861,5.58902,7.00211,0.33800363529411764,0.667648,0.724864,1.05674,3.462395581512605,6.59312,7.20739,7.79251,1.4203108403361344,2.6314,3.0434,5.0597,0.7852957142857143,1.0674,1.1817,1.7033,8.67291680672269,13.7481,14.9019,18.1249,0.4315889075630252,0.6303,0.6993,0.7889,5.021657731092437,9.0137,9.604,10.2804,0.38897425210084036,0.786688,0.808928,0.824352,5.667313529411765,10.877,12.2297,15.4966,0.5786601680672269,1.2016,1.3408,1.6277,2.8142700840336135,5.361,5.7835,8.656,2.057483193277311,4.0415,5.1119,8.4069,0.08747253781512605,0.14544,0.165856,0.178688,0.8148754621848739,1.6366,1.8002,2.0255,52.615300000004936,56.61590000000433,44.71270000000368,0.0,0.0,99995883,5972888,969.7018,0.9436353942427057
