frame,repeat,mode,points,voxels,total_ms,keys_ms,reserve_ms,aggregate_ms,emit_ms,destroy_ms,allocation_calls,allocation_bytes,arena_bytes,new_arena_slabs,byte_equal
0,0,profile,83728,31684,0,0.4433,0.3745,4.5359,0.4446,0.8577,31687,3364680,0,0,1
0,0,cached,83728,31684,6.1396,0,0,0,0,0,0,0,5242880,0,1
0,0,pooled,83728,31684,2.7102,0,0,0,0,0,0,0,5242880,0,1
0,1,pooled,83728,31684,2.4717,0,0,0,0,0,0,0,5242880,0,1
0,1,cached,83728,31684,6.2385,0,0,0,0,0,0,0,5242880,0,1
0,2,cached,83728,31684,6.5897,0,0,0,0,0,0,0,5242880,0,1
0,2,pooled,83728,31684,3.1079,0,0,0,0,0,0,0,5242880,0,1
0,3,pooled,83728,31684,2.3639,0,0,0,0,0,0,0,5242880,0,1
0,3,cached,83728,31684,6.0609,0,0,0,0,0,0,0,5242880,0,1
0,4,cached,83728,31684,6.9392,0,0,0,0,0,0,0,5242880,0,1
0,4,pooled,83728,31684,2.8185,0,0,0,0,0,0,0,5242880,0,1
0,5,pooled,83728,31684,2.2881,0,0,0,0,0,0,0,5242880,0,1
0,5,cached,83728,31684,5.6087,0,0,0,0,0,0,0,5242880,0,1
51,0,profile,83703,31699,0,0.4443,0.3739,3.4335,0.2767,0.8305,31702,3365280,0,0,1
51,0,cached,83703,31699,7.2006,0,0,0,0,0,0,0,5242880,0,1
51,0,pooled,83703,31699,2.9956,0,0,0,0,0,0,0,5242880,0,1
51,1,pooled,83703,31699,2.5615,0,0,0,0,0,0,0,5242880,0,1
51,1,cached,83703,31699,6.2501,0,0,0,0,0,0,0,5242880,0,1
51,2,cached,83703,31699,5.8632,0,0,0,0,0,0,0,5242880,0,1
51,2,pooled,83703,31699,2.5043,0,0,0,0,0,0,0,5242880,0,1
51,3,pooled,83703,31699,2.1282,0,0,0,0,0,0,0,5242880,0,1
51,3,cached,83703,31699,6.3243,0,0,0,0,0,0,0,5242880,0,1
51,4,cached,83703,31699,5.5902,0,0,0,0,0,0,0,5242880,0,1
51,4,pooled,83703,31699,2.4557,0,0,0,0,0,0,0,5242880,0,1
51,5,pooled,83703,31699,2.1339,0,0,0,0,0,0,0,5242880,0,1
51,5,cached,83703,31699,6.9822,0,0,0,0,0,0,0,5242880,0,1
103,0,profile,81402,29630,0,0.4329,0.3835,3.5974,0.4129,0.7514,29633,3282520,0,0,1
103,0,cached,81402,29630,5.8169,0,0,0,0,0,0,0,5242880,0,1
103,0,pooled,81402,29630,2.7058,0,0,0,0,0,0,0,5242880,0,1
103,1,pooled,81402,29630,2.0226,0,0,0,0,0,0,0,5242880,0,1
103,1,cached,81402,29630,5.5301,0,0,0,0,0,0,0,5242880,0,1
103,2,cached,81402,29630,5.2756,0,0,0,0,0,0,0,5242880,0,1
103,2,pooled,81402,29630,2.3967,0,0,0,0,0,0,0,5242880,0,1
103,3,pooled,81402,29630,2.0214,0,0,0,0,0,0,0,5242880,0,1
103,3,cached,81402,29630,6.6524,0,0,0,0,0,0,0,5242880,0,1
103,4,cached,81402,29630,5.5854,0,0,0,0,0,0,0,5242880,0,1
103,4,pooled,81402,29630,2.7206,0,0,0,0,0,0,0,5242880,0,1
103,5,pooled,81402,29630,2.0545,0,0,0,0,0,0,0,5242880,0,1
103,5,cached,81402,29630,5.702,0,0,0,0,0,0,0,5242880,0,1
155,0,profile,111406,38776,0,1.2581,0.3776,4.2662,0.3367,0.9732,38779,3648360,0,0,1
155,0,cached,111406,38776,7.0536,0,0,0,0,0,0,0,5242880,0,1
155,0,pooled,111406,38776,3.4462,0,0,0,0,0,0,0,5242880,0,1
155,1,pooled,111406,38776,3.603,0,0,0,0,0,0,0,5242880,0,1
155,1,cached,111406,38776,7.1632,0,0,0,0,0,0,0,5242880,0,1
155,2,cached,111406,38776,8.4064,0,0,0,0,0,0,0,5242880,0,1
155,2,pooled,111406,38776,3.4865,0,0,0,0,0,0,0,5242880,0,1
155,3,pooled,111406,38776,2.8611,0,0,0,0,0,0,0,5242880,0,1
155,3,cached,111406,38776,7.6562,0,0,0,0,0,0,0,5242880,0,1
155,4,cached,111406,38776,8.1295,0,0,0,0,0,0,0,5242880,0,1
155,4,pooled,111406,38776,3.8527,0,0,0,0,0,0,0,5242880,0,1
155,5,pooled,111406,38776,5.025,0,0,0,0,0,0,0,5242880,0,1
155,5,cached,111406,38776,8.808,0,0,0,0,0,0,0,5242880,0,1
206,0,profile,109994,51337,0,0.7584,0.5618,5.7596,0.4793,1.3261,51340,4150800,0,0,1
206,0,cached,109994,51337,9.8644,0,0,0,0,0,0,0,5242880,0,1
206,0,pooled,109994,51337,4.6465,0,0,0,0,0,0,0,5242880,0,1
206,1,pooled,109994,51337,3.3944,0,0,0,0,0,0,0,5242880,0,1
206,1,cached,109994,51337,9.4927,0,0,0,0,0,0,0,5242880,0,1
206,2,cached,109994,51337,8.6482,0,0,0,0,0,0,0,5242880,0,1
206,2,pooled,109994,51337,4.181,0,0,0,0,0,0,0,5242880,0,1
206,3,pooled,109994,51337,3.8485,0,0,0,0,0,0,0,5242880,0,1
206,3,cached,109994,51337,8.2741,0,0,0,0,0,0,0,5242880,0,1
206,4,cached,109994,51337,10.7943,0,0,0,0,0,0,0,5242880,0,1
206,4,pooled,109994,51337,3.9613,0,0,0,0,0,0,0,5242880,0,1
206,5,pooled,109994,51337,3.5766,0,0,0,0,0,0,0,5242880,0,1
206,5,cached,109994,51337,9.4345,0,0,0,0,0,0,0,5242880,0,1
258,0,profile,102903,52166,0,0.5472,0.3796,5.2216,0.4709,1.3079,52169,4183960,0,0,1
258,0,cached,102903,52166,10.2658,0,0,0,0,0,0,0,5242880,0,1
258,0,pooled,102903,52166,3.7816,0,0,0,0,0,0,0,5242880,0,1
258,1,pooled,102903,52166,4.0541,0,0,0,0,0,0,0,5242880,0,1
258,1,cached,102903,52166,8.4524,0,0,0,0,0,0,0,5242880,0,1
258,2,cached,102903,52166,9.1096,0,0,0,0,0,0,0,5242880,0,1
258,2,pooled,102903,52166,3.6387,0,0,0,0,0,0,0,5242880,0,1
258,3,pooled,102903,52166,3.0844,0,0,0,0,0,0,0,5242880,0,1
258,3,cached,102903,52166,10.3227,0,0,0,0,0,0,0,5242880,0,1
258,4,cached,102903,52166,9.3712,0,0,0,0,0,0,0,5242880,0,1
258,4,pooled,102903,52166,4.4582,0,0,0,0,0,0,0,5242880,0,1
258,5,pooled,102903,52166,3.1232,0,0,0,0,0,0,0,5242880,0,1
258,5,cached,102903,52166,8.6732,0,0,0,0,0,0,0,5242880,0,1
310,0,profile,106899,46787,0,0.5793,0.3805,4.9684,0.4993,1.1493,46790,3968800,0,0,1
310,0,cached,106899,46787,8.747,0,0,0,0,0,0,0,5242880,0,1
310,0,pooled,106899,46787,3.6699,0,0,0,0,0,0,0,5242880,0,1
310,1,pooled,106899,46787,2.9045,0,0,0,0,0,0,0,5242880,0,1
310,1,cached,106899,46787,8.2773,0,0,0,0,0,0,0,5242880,0,1
310,2,cached,106899,46787,7.9531,0,0,0,0,0,0,0,5242880,0,1
310,2,pooled,106899,46787,3.615,0,0,0,0,0,0,0,5242880,0,1
310,3,pooled,106899,46787,4.1905,0,0,0,0,0,0,0,5242880,0,1
310,3,cached,106899,46787,7.6202,0,0,0,0,0,0,0,5242880,0,1
310,4,cached,106899,46787,8.5839,0,0,0,0,0,0,0,5242880,0,1
310,4,pooled,106899,46787,3.603,0,0,0,0,0,0,0,5242880,0,1
310,5,pooled,106899,46787,2.9214,0,0,0,0,0,0,0,5242880,0,1
310,5,cached,106899,46787,9.3079,0,0,0,0,0,0,0,5242880,0,1
361,0,profile,107366,43137,0,0.5828,0.3797,4.6285,0.3786,1.0448,43140,3822800,0,0,1
361,0,cached,107366,43137,7.314,0,0,0,0,0,0,0,5242880,0,1
361,0,pooled,107366,43137,5.9947,0,0,0,0,0,0,0,5242880,0,1
361,1,pooled,107366,43137,3.5332,0,0,0,0,0,0,0,5242880,0,1
361,1,cached,107366,43137,8.6809,0,0,0,0,0,0,0,5242880,0,1
361,2,cached,107366,43137,9.3023,0,0,0,0,0,0,0,5242880,0,1
361,2,pooled,107366,43137,4.0204,0,0,0,0,0,0,0,5242880,0,1
361,3,pooled,107366,43137,3.2713,0,0,0,0,0,0,0,5242880,0,1
361,3,cached,107366,43137,8.3163,0,0,0,0,0,0,0,5242880,0,1
361,4,cached,107366,43137,9.79,0,0,0,0,0,0,0,5242880,0,1
361,4,pooled,107366,43137,4.2661,0,0,0,0,0,0,0,5242880,0,1
361,5,pooled,107366,43137,3.6589,0,0,0,0,0,0,0,5242880,0,1
361,5,cached,107366,43137,12.989,0,0,0,0,0,0,0,5242880,0,1
413,0,profile,102658,32563,0,0.6226,0.4353,4.0063,0.3351,0.944,32566,3399840,0,0,1
413,0,cached,102658,32563,7.3713,0,0,0,0,0,0,0,5242880,0,1
413,0,pooled,102658,32563,2.842,0,0,0,0,0,0,0,5242880,0,1
413,1,pooled,102658,32563,2.3123,0,0,0,0,0,0,0,5242880,0,1
413,1,cached,102658,32563,5.7423,0,0,0,0,0,0,0,5242880,0,1
413,2,cached,102658,32563,6.8628,0,0,0,0,0,0,0,5242880,0,1
413,2,pooled,102658,32563,3.1772,0,0,0,0,0,0,0,5242880,0,1
413,3,pooled,102658,32563,2.3491,0,0,0,0,0,0,0,5242880,0,1
413,3,cached,102658,32563,6.5223,0,0,0,0,0,0,0,5242880,0,1
413,4,cached,102658,32563,5.5721,0,0,0,0,0,0,0,5242880,0,1
413,4,pooled,102658,32563,2.8418,0,0,0,0,0,0,0,5242880,0,1
413,5,pooled,102658,32563,2.3074,0,0,0,0,0,0,0,5242880,0,1
413,5,cached,102658,32563,7.0162,0,0,0,0,0,0,0,5242880,0,1
465,0,profile,92415,40904,0,0.6834,0.4789,5.4766,0.4867,1.0395,40907,3733480,0,0,1
465,0,cached,92415,40904,6.7976,0,0,0,0,0,0,0,5242880,0,1
465,0,pooled,92415,40904,4.4878,0,0,0,0,0,0,0,5242880,0,1
465,1,pooled,92415,40904,2.531,0,0,0,0,0,0,0,5242880,0,1
465,1,cached,92415,40904,6.7818,0,0,0,0,0,0,0,5242880,0,1
465,2,cached,92415,40904,8.2265,0,0,0,0,0,0,0,5242880,0,1
465,2,pooled,92415,40904,3.4702,0,0,0,0,0,0,0,5242880,0,1
465,3,pooled,92415,40904,2.4503,0,0,0,0,0,0,0,5242880,0,1
465,3,cached,92415,40904,7.7795,0,0,0,0,0,0,0,5242880,0,1
465,4,cached,92415,40904,7.1804,0,0,0,0,0,0,0,5242880,0,1
465,4,pooled,92415,40904,3.6278,0,0,0,0,0,0,0,5242880,0,1
465,5,pooled,92415,40904,3.0176,0,0,0,0,0,0,0,5242880,0,1
465,5,cached,92415,40904,8.0645,0,0,0,0,0,0,0,5242880,0,1
516,0,profile,92566,41251,0,0.6304,0.4727,5.1636,0.4647,1.3583,41254,3747360,0,0,1
516,0,cached,92566,41251,9.5258,0,0,0,0,0,0,0,5242880,0,1
516,0,pooled,92566,41251,4.0094,0,0,0,0,0,0,0,5242880,0,1
516,1,pooled,92566,41251,3.3244,0,0,0,0,0,0,0,5242880,0,1
516,1,cached,92566,41251,9.1612,0,0,0,0,0,0,0,5242880,0,1
516,2,cached,92566,41251,8.7372,0,0,0,0,0,0,0,5242880,0,1
516,2,pooled,92566,41251,3.9256,0,0,0,0,0,0,0,5242880,0,1
516,3,pooled,92566,41251,3.3575,0,0,0,0,0,0,0,5242880,0,1
516,3,cached,92566,41251,8.598,0,0,0,0,0,0,0,5242880,0,1
516,4,cached,92566,41251,9.063,0,0,0,0,0,0,0,5242880,0,1
516,4,pooled,92566,41251,4.0875,0,0,0,0,0,0,0,5242880,0,1
516,5,pooled,92566,41251,3.7346,0,0,0,0,0,0,0,5242880,0,1
516,5,cached,92566,41251,6.9135,0,0,0,0,0,0,0,5242880,0,1
568,0,profile,98137,35206,0,0.5802,0.4138,4.003,0.3235,1.0619,35209,3505560,0,0,1
568,0,cached,98137,35206,6.5052,0,0,0,0,0,0,0,5242880,0,1
568,0,pooled,98137,35206,3.7882,0,0,0,0,0,0,0,5242880,0,1
568,1,pooled,98137,35206,3.2133,0,0,0,0,0,0,0,5242880,0,1
568,1,cached,98137,35206,6.8784,0,0,0,0,0,0,0,5242880,0,1
568,2,cached,98137,35206,6.6924,0,0,0,0,0,0,0,5242880,0,1
568,2,pooled,98137,35206,3.1864,0,0,0,0,0,0,0,5242880,0,1
568,3,pooled,98137,35206,2.6823,0,0,0,0,0,0,0,5242880,0,1
568,3,cached,98137,35206,7.4884,0,0,0,0,0,0,0,5242880,0,1
568,4,cached,98137,35206,7.1264,0,0,0,0,0,0,0,5242880,0,1
568,4,pooled,98137,35206,3.2472,0,0,0,0,0,0,0,5242880,0,1
568,5,pooled,98137,35206,4.6945,0,0,0,0,0,0,0,5242880,0,1
568,5,cached,98137,35206,11.089,0,0,0,0,0,0,0,5242880,0,1
620,0,profile,97434,37099,0,0.5183,0.3843,3.8722,0.4471,1.3734,37102,3581280,0,0,1
620,0,cached,97434,37099,6.7658,0,0,0,0,0,0,0,5242880,0,1
620,0,pooled,97434,37099,2.9786,0,0,0,0,0,0,0,5242880,0,1
620,1,pooled,97434,37099,2.406,0,0,0,0,0,0,0,5242880,0,1
620,1,cached,97434,37099,7.2564,0,0,0,0,0,0,0,5242880,0,1
620,2,cached,97434,37099,6.0446,0,0,0,0,0,0,0,5242880,0,1
620,2,pooled,97434,37099,2.905,0,0,0,0,0,0,0,5242880,0,1
620,3,pooled,97434,37099,3.419,0,0,0,0,0,0,0,5242880,0,1
620,3,cached,97434,37099,6.2504,0,0,0,0,0,0,0,5242880,0,1
620,4,cached,97434,37099,5.8548,0,0,0,0,0,0,0,5242880,0,1
620,4,pooled,97434,37099,3.6375,0,0,0,0,0,0,0,5242880,0,1
620,5,pooled,97434,37099,2.5305,0,0,0,0,0,0,0,5242880,0,1
620,5,cached,97434,37099,6.3971,0,0,0,0,0,0,0,5242880,0,1
672,0,profile,88577,40301,0,0.4772,0.3783,3.95,0.3534,1.1246,40304,3709360,0,0,1
672,0,cached,88577,40301,7.2331,0,0,0,0,0,0,0,5242880,0,1
672,0,pooled,88577,40301,3.0334,0,0,0,0,0,0,0,5242880,0,1
672,1,pooled,88577,40301,2.3787,0,0,0,0,0,0,0,5242880,0,1
672,1,cached,88577,40301,8.3246,0,0,0,0,0,0,0,5242880,0,1
672,2,cached,88577,40301,7.8677,0,0,0,0,0,0,0,5242880,0,1
672,2,pooled,88577,40301,3.8912,0,0,0,0,0,0,0,5242880,0,1
672,3,pooled,88577,40301,2.8631,0,0,0,0,0,0,0,5242880,0,1
672,3,cached,88577,40301,7.9753,0,0,0,0,0,0,0,5242880,0,1
672,4,cached,88577,40301,8.7925,0,0,0,0,0,0,0,5242880,0,1
672,4,pooled,88577,40301,3.5811,0,0,0,0,0,0,0,5242880,0,1
672,5,pooled,88577,40301,2.9554,0,0,0,0,0,0,0,5242880,0,1
672,5,cached,88577,40301,9.1257,0,0,0,0,0,0,0,5242880,0,1
723,0,profile,85351,36868,0,0.5802,0.4676,4.3893,0.3958,1.2363,36871,3572040,0,0,1
723,0,cached,85351,36868,6.9533,0,0,0,0,0,0,0,5242880,0,1
723,0,pooled,85351,36868,3.6282,0,0,0,0,0,0,0,5242880,0,1
723,1,pooled,85351,36868,2.8488,0,0,0,0,0,0,0,5242880,0,1
723,1,cached,85351,36868,7.4302,0,0,0,0,0,0,0,5242880,0,1
723,2,cached,85351,36868,8.7487,0,0,0,0,0,0,0,5242880,0,1
723,2,pooled,85351,36868,3.4532,0,0,0,0,0,0,0,5242880,0,1
723,3,pooled,85351,36868,2.7675,0,0,0,0,0,0,0,5242880,0,1
723,3,cached,85351,36868,7.8681,0,0,0,0,0,0,0,5242880,0,1
723,4,cached,85351,36868,7.384,0,0,0,0,0,0,0,5242880,0,1
723,4,pooled,85351,36868,3.1635,0,0,0,0,0,0,0,5242880,0,1
723,5,pooled,85351,36868,3.0774,0,0,0,0,0,0,0,5242880,0,1
723,5,cached,85351,36868,7.4773,0,0,0,0,0,0,0,5242880,0,1
775,0,profile,80004,33417,0,0.5702,0.4871,4.5343,0.4183,1.1773,33420,3434000,0,0,1
775,0,cached,80004,33417,7.1653,0,0,0,0,0,0,0,5242880,0,1
775,0,pooled,80004,33417,3.2221,0,0,0,0,0,0,0,5242880,0,1
775,1,pooled,80004,33417,2.15,0,0,0,0,0,0,0,5242880,0,1
775,1,cached,80004,33417,6.0748,0,0,0,0,0,0,0,5242880,0,1
775,2,cached,80004,33417,6.4183,0,0,0,0,0,0,0,5242880,0,1
775,2,pooled,80004,33417,3.3954,0,0,0,0,0,0,0,5242880,0,1
775,3,pooled,80004,33417,2.6892,0,0,0,0,0,0,0,5242880,0,1
775,3,cached,80004,33417,7.5987,0,0,0,0,0,0,0,5242880,0,1
775,4,cached,80004,33417,7.9176,0,0,0,0,0,0,0,5242880,0,1
775,4,pooled,80004,33417,3.7766,0,0,0,0,0,0,0,5242880,0,1
775,5,pooled,80004,33417,3.3276,0,0,0,0,0,0,0,5242880,0,1
775,5,cached,80004,33417,7.3315,0,0,0,0,0,0,0,5242880,0,1
827,0,profile,72594,33843,0,0.4769,0.4249,3.9289,0.3873,1.1014,33846,3451040,0,0,1
827,0,cached,72594,33843,7.6726,0,0,0,0,0,0,0,5242880,0,1
827,0,pooled,72594,33843,2.9742,0,0,0,0,0,0,0,5242880,0,1
827,1,pooled,72594,33843,2.3081,0,0,0,0,0,0,0,5242880,0,1
827,1,cached,72594,33843,7.0211,0,0,0,0,0,0,0,5242880,0,1
827,2,cached,72594,33843,6.645,0,0,0,0,0,0,0,5242880,0,1
827,2,pooled,72594,33843,2.9351,0,0,0,0,0,0,0,5242880,0,1
827,3,pooled,72594,33843,3.3752,0,0,0,0,0,0,0,5242880,0,1
827,3,cached,72594,33843,9.7239,0,0,0,0,0,0,0,5242880,0,1
827,4,cached,72594,33843,8.3194,0,0,0,0,0,0,0,5242880,0,1
827,4,pooled,72594,33843,2.5359,0,0,0,0,0,0,0,5242880,0,1
827,5,pooled,72594,33843,1.9475,0,0,0,0,0,0,0,5242880,0,1
827,5,cached,72594,33843,5.8266,0,0,0,0,0,0,0,5242880,0,1
878,0,profile,76006,37745,0,0.4092,0.3789,3.6259,0.3252,0.9363,37748,3607120,0,0,1
878,0,cached,76006,37745,5.4293,0,0,0,0,0,0,0,5242880,0,1
878,0,pooled,76006,37745,2.4742,0,0,0,0,0,0,0,5242880,0,1
878,1,pooled,76006,37745,2.037,0,0,0,0,0,0,0,5242880,0,1
878,1,cached,76006,37745,6.135,0,0,0,0,0,0,0,5242880,0,1
878,2,cached,76006,37745,7.3153,0,0,0,0,0,0,0,5242880,0,1
878,2,pooled,76006,37745,2.8336,0,0,0,0,0,0,0,5242880,0,1
878,3,pooled,76006,37745,2.1867,0,0,0,0,0,0,0,5242880,0,1
878,3,cached,76006,37745,7.0697,0,0,0,0,0,0,0,5242880,0,1
878,4,cached,76006,37745,6.0211,0,0,0,0,0,0,0,5242880,0,1
878,4,pooled,76006,37745,2.6871,0,0,0,0,0,0,0,5242880,0,1
878,5,pooled,76006,37745,2.1588,0,0,0,0,0,0,0,5242880,0,1
878,5,cached,76006,37745,5.9619,0,0,0,0,0,0,0,5242880,0,1
930,0,profile,82619,40985,0,0.4419,0.3777,4.036,0.3507,1.007,40988,3736720,0,0,1
930,0,cached,82619,40985,5.7909,0,0,0,0,0,0,0,5242880,0,1
930,0,pooled,82619,40985,2.9343,0,0,0,0,0,0,0,5242880,0,1
930,1,pooled,82619,40985,2.3107,0,0,0,0,0,0,0,5242880,0,1
930,1,cached,82619,40985,6.4715,0,0,0,0,0,0,0,5242880,0,1
930,2,cached,82619,40985,7.1584,0,0,0,0,0,0,0,5242880,0,1
930,2,pooled,82619,40985,3.6,0,0,0,0,0,0,0,5242880,0,1
930,3,pooled,82619,40985,2.5035,0,0,0,0,0,0,0,5242880,0,1
930,3,cached,82619,40985,6.8225,0,0,0,0,0,0,0,5242880,0,1
930,4,cached,82619,40985,6.8901,0,0,0,0,0,0,0,5242880,0,1
930,4,pooled,82619,40985,3.3588,0,0,0,0,0,0,0,5242880,0,1
930,5,pooled,82619,40985,2.6498,0,0,0,0,0,0,0,5242880,0,1
930,5,cached,82619,40985,7.8601,0,0,0,0,0,0,0,5242880,0,1
982,0,profile,89666,44701,0,2.6078,0.5111,7.1202,0.6184,2.0238,44704,3885360,0,0,1
982,0,cached,89666,44701,8.4668,0,0,0,0,0,0,0,5242880,0,1
982,0,pooled,89666,44701,3.3506,0,0,0,0,0,0,0,5242880,0,1
982,1,pooled,89666,44701,2.6805,0,0,0,0,0,0,0,5242880,0,1
982,1,cached,89666,44701,8.1089,0,0,0,0,0,0,0,5242880,0,1
982,2,cached,89666,44701,7.7418,0,0,0,0,0,0,0,5242880,0,1
982,2,pooled,89666,44701,4.0389,0,0,0,0,0,0,0,5242880,0,1
982,3,pooled,89666,44701,5.0854,0,0,0,0,0,0,0,5242880,0,1
982,3,cached,89666,44701,9.4317,0,0,0,0,0,0,0,5242880,0,1
982,4,cached,89666,44701,8.7479,0,0,0,0,0,0,0,5242880,0,1
982,4,pooled,89666,44701,3.9812,0,0,0,0,0,0,0,5242880,0,1
982,5,pooled,89666,44701,3.3528,0,0,0,0,0,0,0,5242880,0,1
982,5,cached,89666,44701,8.6337,0,0,0,0,0,0,0,5242880,0,1
1033,0,profile,79726,43251,0,0.5301,0.46,5.2557,0.5387,1.389,43254,3827360,0,0,1
1033,0,cached,79726,43251,8.319,0,0,0,0,0,0,0,5242880,0,1
1033,0,pooled,79726,43251,3.1391,0,0,0,0,0,0,0,5242880,0,1
1033,1,pooled,79726,43251,2.456,0,0,0,0,0,0,0,5242880,0,1
1033,1,cached,79726,43251,7.3022,0,0,0,0,0,0,0,5242880,0,1
1033,2,cached,79726,43251,6.5538,0,0,0,0,0,0,0,5242880,0,1
1033,2,pooled,79726,43251,3.0437,0,0,0,0,0,0,0,5242880,0,1
1033,3,pooled,79726,43251,3.9375,0,0,0,0,0,0,0,5242880,0,1
1033,3,cached,79726,43251,7.7179,0,0,0,0,0,0,0,5242880,0,1
1033,4,cached,79726,43251,7.3823,0,0,0,0,0,0,0,5242880,0,1
1033,4,pooled,79726,43251,4.5599,0,0,0,0,0,0,0,5242880,0,1
1033,5,pooled,79726,43251,2.7455,0,0,0,0,0,0,0,5242880,0,1
1033,5,cached,79726,43251,7.3414,0,0,0,0,0,0,0,5242880,0,1
1085,0,profile,93139,44900,0,0.4954,0.3873,5.2123,0.6419,1.4463,44903,3893320,0,0,1
1085,0,cached,93139,44900,7.7774,0,0,0,0,0,0,0,5242880,0,1
1085,0,pooled,93139,44900,3.7913,0,0,0,0,0,0,0,5242880,0,1
1085,1,pooled,93139,44900,2.7453,0,0,0,0,0,0,0,5242880,0,1
1085,1,cached,93139,44900,7.0723,0,0,0,0,0,0,0,5242880,0,1
1085,2,cached,93139,44900,6.9978,0,0,0,0,0,0,0,5242880,0,1
1085,2,pooled,93139,44900,3.2165,0,0,0,0,0,0,0,5242880,0,1
1085,3,pooled,93139,44900,2.7038,0,0,0,0,0,0,0,5242880,0,1
1085,3,cached,93139,44900,7.5787,0,0,0,0,0,0,0,5242880,0,1
1085,4,cached,93139,44900,8.8949,0,0,0,0,0,0,0,5242880,0,1
1085,4,pooled,93139,44900,3.4245,0,0,0,0,0,0,0,5242880,0,1
1085,5,pooled,93139,44900,3.0154,0,0,0,0,0,0,0,5242880,0,1
1085,5,cached,93139,44900,7.2793,0,0,0,0,0,0,0,5242880,0,1
1137,0,profile,95100,44996,0,0.5119,0.3967,4.6554,0.4095,1.3492,44999,3897160,0,0,1
1137,0,cached,95100,44996,9.2494,0,0,0,0,0,0,0,5242880,0,1
1137,0,pooled,95100,44996,3.9429,0,0,0,0,0,0,0,5242880,0,1
1137,1,pooled,95100,44996,3.0543,0,0,0,0,0,0,0,5242880,0,1
1137,1,cached,95100,44996,7.9874,0,0,0,0,0,0,0,5242880,0,1
1137,2,cached,95100,44996,6.8394,0,0,0,0,0,0,0,5242880,0,1
1137,2,pooled,95100,44996,3.4616,0,0,0,0,0,0,0,5242880,0,1
1137,3,pooled,95100,44996,2.828,0,0,0,0,0,0,0,5242880,0,1
1137,3,cached,95100,44996,7.3461,0,0,0,0,0,0,0,5242880,0,1
1137,4,cached,95100,44996,6.7906,0,0,0,0,0,0,0,5242880,0,1
1137,4,pooled,95100,44996,5.5276,0,0,0,0,0,0,0,5242880,0,1
1137,5,pooled,95100,44996,3.1222,0,0,0,0,0,0,0,5242880,0,1
1137,5,cached,95100,44996,7.8629,0,0,0,0,0,0,0,5242880,0,1
1189,0,profile,94885,41726,0,0.5091,0.3773,4.4929,0.4652,1.111,41729,3766360,0,0,1
1189,0,cached,94885,41726,6.692,0,0,0,0,0,0,0,5242880,0,1
1189,0,pooled,94885,41726,3.2885,0,0,0,0,0,0,0,5242880,0,1
1189,1,pooled,94885,41726,2.7447,0,0,0,0,0,0,0,5242880,0,1
1189,1,cached,94885,41726,8.6184,0,0,0,0,0,0,0,5242880,0,1
1189,2,cached,94885,41726,7.8921,0,0,0,0,0,0,0,5242880,0,1
1189,2,pooled,94885,41726,3.8092,0,0,0,0,0,0,0,5242880,0,1
1189,3,pooled,94885,41726,3.0609,0,0,0,0,0,0,0,5242880,0,1
1189,3,cached,94885,41726,7.7853,0,0,0,0,0,0,0,5242880,0,1
1189,4,cached,94885,41726,7.6206,0,0,0,0,0,0,0,5242880,0,1
1189,4,pooled,94885,41726,3.6499,0,0,0,0,0,0,0,5242880,0,1
1189,5,pooled,94885,41726,2.9854,0,0,0,0,0,0,0,5242880,0,1
1189,5,cached,94885,41726,8.6939,0,0,0,0,0,0,0,5242880,0,1
