env,cell,method,seed,recovered,recover_steps,localized_frac,final_ok,resets,resets_before,err_before,localized_before,err_after,step_ms,reloc_ms
hard,kidnap,mcl,200,0,-1,0,0,0,0,0.0100971,1,-1,0.648751,0
hard,kidnap,aug,200,1,202,0.326667,1,166,0,0.0103643,1,0.0140758,0.881553,0
hard,kidnap,er,200,0,-1,0,0,294,0,0.0104281,1,-1,0.979659,0
hard,kidnap,reloc,200,1,1,0.766667,1,8,0,0.0105359,1,0.0123603,0.760561,1.66927
hard,kidnap,reloc_lr,200,1,0,0.973333,1,7,2,0.0103898,1,0.0109181,0.735381,1.32833
hard,kidnap,reloc_dual,200,1,86,0.713333,1,4,0,0.0101755,1,0.0104796,0.842905,1.5581
hard,global,mcl,200,0,-1,0,0,0,0,0,1,-1,0.62925,0
hard,global,aug,200,0,-1,0,0,18,0,0,1,-1,0.563327,0
hard,global,er,200,0,-1,0,0,108,0,0,1,-1,0.792888,0
hard,global,reloc,200,1,0,1,1,1,0,0,1,0.00653,0.551069,1.3191
hard,global,reloc_lr,200,1,0,1,1,1,0,0,1,0.00686979,0.578913,1.7476
hard,global,reloc_dual,200,1,1,0.996667,1,1,0,0,1,0.0065519,0.649452,1.2034
hard,kidnap,mcl,201,0,-1,0,0,0,0,0.00758893,1,-1,0.528907,0
hard,kidnap,aug,201,0,-1,0,0,161,0,0.00740022,1,-1,0.684853,0
hard,kidnap,er,201,0,-1,0,0,228,0,0.00768168,1,-1,0.770198,0
hard,kidnap,reloc,201,1,0,1,1,1,0,0.00768685,1,0.0102046,0.529055,1.4786
hard,kidnap,reloc_lr,201,1,0,1,1,2,0,0.00789178,1,0.0100777,0.6847,1.09094
hard,kidnap,reloc_dual,201,1,9,0.986667,1,1,0,0.00742797,1,0.0101456,0.63047,1.2421
hard,global,mcl,201,0,-1,0,0,0,0,0,1,-1,0.567622,0
hard,global,aug,201,0,-1,0,0,8,0,0,1,-1,0.555338,0
hard,global,er,201,1,10,0.953333,1,13,0,0,1,0.0142805,0.506458,0
hard,global,reloc,201,1,100,0.653333,1,6,0,0,1,0.0109317,0.59308,1.43495
hard,global,reloc_lr,201,1,1,0.996667,1,1,0,0,1,0.0148615,0.610478,0.947881
hard,global,reloc_dual,201,1,1,0.983333,1,3,0,0,1,0.0112949,0.633586,1.4225
hard,kidnap,mcl,202,0,-1,0,0,0,0,0.00972148,1,-1,0.49964,0
hard,kidnap,aug,202,0,-1,0,0,255,0,0.00944046,1,-1,0.650898,0
hard,kidnap,er,202,0,-1,0,0,284,0,0.00913743,1,-1,0.722734,0
hard,kidnap,reloc,202,1,0,1,1,2,0,0.0089205,1,0.0117423,0.584659,1.6038
hard,kidnap,reloc_lr,202,1,0,1,1,28,4,0.00934718,1,0.011894,0.790194,1.13571
hard,kidnap,reloc_dual,202,1,1,0.996667,1,1,0,0.00946808,1,0.0117283,0.591678,1.3505
hard,global,mcl,202,0,-1,0,0,0,0,0,1,-1,0.506325,0
hard,global,aug,202,0,-1,0,0,4,0,0,1,-1,0.567392,0
hard,global,er,202,0,-1,0,0,159,0,0,1,-1,0.756459,0
hard,global,reloc,202,1,2,0.996667,1,5,0,0,1,0.0123498,0.510668,1.3179
hard,global,reloc_lr,202,1,4,0.986667,1,24,0,0,1,0.012001,0.953852,1.08436
hard,global,reloc_dual,202,1,6,0.986667,1,1,0,0,1,0.0123076,0.577537,1.15357
hard,kidnap,mcl,203,0,-1,0,0,0,0,0.00891935,1,-1,0.555388,0
hard,kidnap,aug,203,0,-1,0,0,107,0,0.00913619,1,-1,0.648729,0
hard,kidnap,er,203,0,-1,0,0,287,0,0.00910847,1,-1,0.90311,0
hard,kidnap,reloc,203,1,1,0.996667,1,1,0,0.00892728,1,0.00837459,0.528364,1.4208
hard,kidnap,reloc_lr,203,1,1,0.996667,1,5,2,0.00905587,1,0.00823971,0.641881,1.19464
hard,kidnap,reloc_dual,203,1,1,0.996667,1,1,0,0.00881502,1,0.0081891,0.566961,1.2512
hard,global,mcl,203,0,-1,0,0,0,0,0,1,-1,0.521012,0
hard,global,aug,203,0,-1,0,0,52,0,0,1,-1,0.544709,0
hard,global,er,203,0,-1,0,0,290,0,0,1,-1,0.92214,0
hard,global,reloc,203,1,0,1,1,1,0,0,1,0.00838578,0.526715,1.4961
hard,global,reloc_lr,203,1,0,1,1,2,0,0,1,0.00856959,0.683546,1.28944
hard,global,reloc_dual,203,1,1,0.996667,1,1,0,0,1,0.00860168,0.516069,1.2583
hard,kidnap,mcl,204,0,-1,0,0,0,0,0.00793694,1,-1,0.546886,0
hard,kidnap,aug,204,0,-1,0,0,151,0,0.00762284,1,-1,0.67775,0
hard,kidnap,er,204,0,-1,0,0,276,0,0.00753383,1,-1,0.819326,0
hard,kidnap,reloc,204,1,0,0.973333,1,3,0,0.00780785,1,0.0119012,0.560364,1.32127
hard,kidnap,reloc_lr,204,1,0,0.94,1,11,1,0.00764314,1,0.0113294,0.727577,1.18657
hard,kidnap,reloc_dual,204,1,1,0.966667,1,5,0,0.00780309,1,0.0120457,0.56793,1.47385
hard,global,mcl,204,0,-1,0,0,0,0,0,1,-1,0.48479,0
hard,global,aug,204,0,-1,0,0,43,0,0,1,-1,0.457115,0
hard,global,er,204,1,8,0.95,1,10,0,0,1,0.0146617,0.590156,0
hard,global,reloc,204,1,101,0.626667,1,4,0,0,1,0.0129314,0.555621,1.56957
hard,global,reloc_lr,204,1,99,0.643333,1,14,0,0,1,0.0177392,0.738028,1.14049
hard,global,reloc_dual,204,1,102,0.636667,1,4,0,0,1,0.0140083,0.560951,1.38797
hard,kidnap,mcl,205,0,-1,0,0,0,0,0.00804008,1,-1,0.585896,0
hard,kidnap,aug,205,0,-1,0,0,131,0,0.0079555,1,-1,0.745658,0
hard,kidnap,er,205,0,-1,0,0,76,0,0.00774491,1,-1,0.678948,0
hard,kidnap,reloc,205,1,0,0.983333,1,3,0,0.00808902,1,0.00877183,0.61048,1.71607
hard,kidnap,reloc_lr,205,1,0,0.986667,1,2,0,0.00788947,1,0.0109672,0.6745,1.60495
hard,kidnap,reloc_dual,205,1,1,0.98,1,3,0,0.00805785,1,0.00939092,0.631958,1.82223
hard,global,mcl,205,0,-1,0,0,0,0,0,1,-1,0.668192,0
hard,global,aug,205,0,-1,0,0,17,0,0,1,-1,0.65005,0
hard,global,er,205,0,-1,0,0,49,0,0,1,-1,0.740824,0
hard,global,reloc,205,1,0,1,1,1,0,0,1,0.00812611,0.678522,2.5614
hard,global,reloc_lr,205,1,0,1,1,1,0,0,1,0.00806436,0.730415,2.7278
hard,global,reloc_dual,205,1,0,1,1,0,0,0,1,0.00936323,0.669365,2.1381
hard,kidnap,mcl,206,0,-1,0,0,0,0,0.00757372,1,-1,0.64781,0
hard,kidnap,aug,206,0,-1,0,0,210,0,0.00719323,1,-1,0.814165,0
hard,kidnap,er,206,0,-1,0,0,229,0,0.00777181,1,-1,0.751966,0
hard,kidnap,reloc,206,1,0,0.963333,1,3,0,0.0073341,1,0.00956086,0.674578,1.92617
hard,kidnap,reloc_lr,206,1,0,0.933333,1,14,0,0.00743318,1,0.00939821,0.773071,1.46758
hard,kidnap,reloc_dual,206,1,1,0.96,1,3,0,0.00727586,1,0.00924285,0.608796,1.64057
hard,global,mcl,206,0,-1,0,0,0,0,0,1,-1,0.561656,0
hard,global,aug,206,1,87,0.71,1,5,0,0,1,0.0198056,0.55602,0
hard,global,er,206,0,-1,0,0,264,0,0,1,-1,0.896526,0
hard,global,reloc,206,1,0,1,1,1,0,0,1,0.00955552,0.613955,1.4306
hard,global,reloc_lr,206,1,0,1,1,5,0,0,1,0.00949028,0.708926,1.08136
hard,global,reloc_dual,206,1,1,0.996667,1,1,0,0,1,0.00946525,0.589131,1.1918
hard,kidnap,mcl,207,0,-1,0,0,0,0,0.00897771,1,-1,0.535888,0
hard,kidnap,aug,207,0,-1,0.00666667,0,190,0,0.00925484,1,0.214421,0.631561,0
hard,kidnap,er,207,0,-1,0,0,258,0,0.00930292,1,-1,0.738747,0
hard,kidnap,reloc,207,1,5,0.986667,1,1,0,0.00909342,1,0.00923892,0.56793,1.6893
hard,kidnap,reloc_lr,207,1,9,0.996667,1,10,3,0.00895515,1,0.00926611,0.59945,1.21454
hard,kidnap,reloc_dual,207,1,1,0.996667,1,1,0,0.00907986,1,0.00931467,0.5306,1.3134
hard,global,mcl,207,0,-1,0,0,0,0,0,1,-1,0.434205,0
hard,global,aug,207,0,-1,0,0,38,0,0,1,-1,0.529094,0
hard,global,er,207,0,-1,0,0,59,0,0,1,-1,0.624456,0
hard,global,reloc,207,1,19,0.943333,1,1,0,0,1,0.00851496,0.504157,1.7093
hard,global,reloc_lr,207,1,23,0.96,1,1,0,0,1,0.0087139,0.558092,1.3625
hard,global,reloc_dual,207,1,19,0.943333,1,1,0,0,1,0.00854249,0.531151,1.524
hard,kidnap,mcl,208,0,-1,0,0,0,0,0.00673701,1,-1,0.46276,0
hard,kidnap,aug,208,0,-1,0.00333333,1,156,0,0.00677825,1,0.0947292,0.756368,0
hard,kidnap,er,208,0,-1,0,0,229,0,0.00675834,1,-1,0.86792,0
hard,kidnap,reloc,208,1,0,1,1,1,0,0.00683814,1,0.00927339,0.582919,1.612
hard,kidnap,reloc_lr,208,1,1,0.996667,1,2,0,0.00669705,1,0.00887804,0.618217,1.17873
hard,kidnap,reloc_dual,208,1,72,0.76,1,2,0,0.00691496,1,0.0101971,0.560286,1.27435
hard,global,mcl,208,0,-1,0,0,0,0,0,1,-1,0.603061,0
hard,global,aug,208,0,-1,0,0,85,0,0,1,-1,0.66773,0
hard,global,er,208,0,-1,0,0,23,0,0,1,-1,0.617897,0
hard,global,reloc,208,1,3,0.996667,1,1,0,0,1,0.0166626,0.599087,1.5965
hard,global,reloc_lr,208,1,103,0.656667,1,3,0,0,1,0.0193742,0.82756,1.11895
hard,global,reloc_dual,208,1,6,0.98,1,1,0,0,1,0.0168491,0.551919,1.2593
hard,kidnap,mcl,209,0,-1,0,0,0,0,0.006145,1,-1,0.453251,0
hard,kidnap,aug,209,0,-1,0,0,181,0,0.00606046,1,-1,0.642603,0
hard,kidnap,er,209,0,-1,0,0,181,0,0.00613383,1,-1,0.647943,0
hard,kidnap,reloc,209,1,15,0.95,1,2,0,0.00621043,1,0.00934856,0.559,1.29415
hard,kidnap,reloc_lr,209,1,7,0.99,1,5,0,0.00601905,1,0.00950179,0.560062,1.01867
hard,kidnap,reloc_dual,209,1,16,0.946667,1,2,0,0.00613989,1,0.00912473,0.490992,1.0979
hard,global,mcl,209,0,-1,0,0,0,0,0,1,-1,0.602038,0
hard,global,aug,209,1,212,0.293333,1,8,0,0,1,0.0343018,0.635442,0
hard,global,er,209,0,-1,0,0,208,0,0,1,-1,0.880198,0
hard,global,reloc,209,1,135,0.55,1,2,0,0,1,0.0101362,0.589672,1.53455
hard,global,reloc_lr,209,1,123,0.59,1,6,0,0,1,0.0105911,0.62748,1.45244
hard,global,reloc_dual,209,1,136,0.546667,1,2,0,0,1,0.0104936,0.560198,1.4202
hard,kidnap,mcl,210,0,-1,0,0,0,0,0.00961496,1,-1,0.576271,0
hard,kidnap,aug,210,1,35,0.803333,1,93,0,0.0101825,1,0.0235828,0.71507,0
hard,kidnap,er,210,0,-1,0,0,186,0,0.00973215,1,-1,0.676745,0
hard,kidnap,reloc,210,1,0,0.95,1,6,0,0.00950113,1,0.00818906,0.641662,1.46177
hard,kidnap,reloc_lr,210,1,0,1,1,2,0,0.00939789,1,0.0185388,0.685362,1.29221
hard,kidnap,reloc_dual,210,1,1,0.96,1,5,0,0.00955111,1,0.00929581,0.558497,1.42988
hard,global,mcl,210,0,-1,0,0,0,0,0,1,-1,0.577416,0
hard,global,aug,210,1,221,0.27,1,66,0,0,1,0.0458027,0.568671,0
hard,global,er,210,0,-1,0,0,141,0,0,1,-1,0.748977,0
hard,global,reloc,210,1,0,1,1,1,0,0,1,0.0173896,0.551402,1.7754
hard,global,reloc_lr,210,1,0,1,1,9,0,0,1,0.015345,0.746499,1.45008
hard,global,reloc_dual,210,1,1,0.996667,1,1,0,0,1,0.0176936,0.59599,1.6118
hard,kidnap,mcl,211,0,-1,0,0,0,0,0.0210527,1,-1,0.638061,0
hard,kidnap,aug,211,0,-1,0,0,142,0,0.0211549,1,-1,0.77214,0
hard,kidnap,er,211,0,-1,0,0,243,0,0.0213165,1,-1,0.873957,0
hard,kidnap,reloc,211,1,0,1,1,1,0,0.0216872,1,0.00721085,0.554286,1.9074
hard,kidnap,reloc_lr,211,1,0,1,1,2,1,0.0216406,1,0.00728331,0.544145,1.41464
hard,kidnap,reloc_dual,211,1,1,0.996667,1,1,0,0.0211981,1,0.00733211,0.603756,1.6898
hard,global,mcl,211,0,-1,0,0,0,0,0,1,-1,0.582563,0
hard,global,aug,211,0,-1,0,0,73,0,0,1,-1,0.653736,0
hard,global,er,211,0,-1,0,0,260,0,0,1,-1,0.944454,0
hard,global,reloc,211,1,0,1,1,1,0,0,1,0.00842817,0.690529,1.8536
hard,global,reloc_lr,211,1,0,1,1,2,0,0,1,0.00853666,0.583994,1.1949
hard,global,reloc_dual,211,1,1,0.996667,1,1,0,0,1,0.00844793,0.549321,1.727
hard,kidnap,mcl,212,0,-1,0,0,0,0,0.00848451,1,-1,0.620092,0
hard,kidnap,aug,212,0,-1,0,0,22,0,0.00827486,1,-1,0.584056,0
hard,kidnap,er,212,0,-1,0,0,202,0,0.00814225,1,-1,0.797778,0
hard,kidnap,reloc,212,1,158,0.473333,1,3,0,0.00809338,1,0.0208283,0.574784,1.3926
hard,kidnap,reloc_lr,212,1,0,0.493333,0,8,2,0.00818826,1,0.00866155,0.696545,1.26425
hard,kidnap,reloc_dual,212,1,2,0.953333,1,4,0,0.0085056,1,0.014522,0.628147,1.22938
hard,global,mcl,212,0,-1,0,0,0,0,0,1,-1,0.473901,0
hard,global,aug,212,0,-1,0,0,17,0,0,1,-1,0.610111,0
hard,global,er,212,0,-1,0,0,151,0,0,1,-1,0.699445,0
hard,global,reloc,212,1,163,0.456667,1,3,0,0,1,0.00833125,0.647997,1.3066
hard,global,reloc_lr,212,1,1,0.996667,1,2,0,0,1,0.0100925,0.570722,1.30957
hard,global,reloc_dual,212,1,1,0.996667,1,1,0,0,1,0.0102759,0.608172,1.1829
hard,kidnap,mcl,213,0,-1,0,0,0,0,0.00694448,1,-1,0.560272,0
hard,kidnap,aug,213,1,111,0.64,1,132,0,0.00710394,1,0.0137493,0.780172,0
hard,kidnap,er,213,0,-1,0,0,282,0,0.0068832,1,-1,0.851259,0
hard,kidnap,reloc,213,1,40,0.87,1,6,0,0.00719776,1,0.0102585,0.639028,1.40875
hard,kidnap,reloc_lr,213,1,41,0.876667,1,17,0,0.0072204,1,0.00950133,0.773368,1.46816
hard,kidnap,reloc_dual,213,1,40,0.866667,1,3,0,0.00713487,1,0.0108983,0.674305,1.30525
hard,global,mcl,213,0,-1,0,0,0,0,0,1,-1,0.600614,0
hard,global,aug,213,0,-1,0,0,15,0,0,1,-1,0.64002,0
hard,global,er,213,0,-1,0,0,111,0,0,1,-1,0.740779,0
hard,global,reloc,213,1,1,0.86,1,4,0,0,1,0.00900621,0.534514,1.37955
hard,global,reloc_lr,213,1,0,1,1,1,0,0,1,0.0138047,0.646881,0.996046
hard,global,reloc_dual,213,1,1,0.853333,1,4,0,0,1,0.00939066,0.539503,1.21878
hard,kidnap,mcl,214,0,-1,0,0,0,0,0.00941155,1,-1,0.51184,0
hard,kidnap,aug,214,1,46,0.846667,1,62,0,0.00978576,1,0.0102335,0.60789,0
hard,kidnap,er,214,0,-1,0,0,297,0,0.00967627,1,-1,0.771782,0
hard,kidnap,reloc,214,1,1,0.996667,1,1,0,0.00944311,1,0.00840152,0.555259,1.4196
hard,kidnap,reloc_lr,214,1,0,1,1,6,4,0.00943318,1,0.00889688,0.58707,1.19848
hard,kidnap,reloc_dual,214,1,1,0.996667,1,1,0,0.0094029,1,0.00831965,0.56906,1.1024
hard,global,mcl,214,0,-1,0,0,0,0,0,1,-1,0.3949,0
hard,global,aug,214,0,-1,0.0233333,1,30,0,0,1,0.139001,0.588692,0
hard,global,er,214,1,1,0.96,1,9,0,0,1,0.0195081,0.581783,0
hard,global,reloc,214,1,2,0.96,1,5,0,0,1,0.0194852,0.602384,1.50874
hard,global,reloc_lr,214,1,0,0.736667,1,9,0,0,1,0.0168378,0.649971,1.0318
hard,global,reloc_dual,214,1,1,0.963333,1,3,0,0,1,0.0193624,0.606621,1.12273
hard,kidnap,mcl,215,0,-1,0,0,0,0,0.0105728,1,-1,0.527955,0
hard,kidnap,aug,215,1,54,0.82,1,52,0,0.0108309,1,0.0130256,0.598606,0
hard,kidnap,er,215,0,-1,0,0,215,0,0.010575,1,-1,0.825262,0
hard,kidnap,reloc,215,1,1,0.996667,1,2,0,0.0102691,1,0.0104787,0.584229,1.5787
hard,kidnap,reloc_lr,215,1,1,0.996667,1,1,0,0.0107301,1,0.0105245,0.591065,1.04104
hard,kidnap,reloc_dual,215,1,1,0.996667,1,1,0,0.0105344,1,0.0104754,0.522174,1.17615
hard,global,mcl,215,0,-1,0,0,0,0,0,1,-1,0.644418,0
hard,global,aug,215,0,-1,0,0,31,0,0,1,-1,0.604701,0
hard,global,er,215,0,-1,0,0,244,0,0,1,-1,0.935757,0
hard,global,reloc,215,1,0,0.973333,1,3,0,0,1,0.00978832,0.587139,1.273
hard,global,reloc_lr,215,1,0,0.993333,1,0,0,0,1,0.0193103,0.672007,1.0322
hard,global,reloc_dual,215,1,1,0.97,1,3,0,0,1,0.0104814,0.614959,1.2049
hard,kidnap,mcl,216,0,-1,0,0,0,0,0.0107939,1,-1,0.460726,0
hard,kidnap,aug,216,1,45,0.85,1,59,0,0.0107902,1,0.0204949,0.524573,0
hard,kidnap,er,216,0,-1,0,0,221,0,0.0111732,1,-1,0.731756,0
hard,kidnap,reloc,216,1,0,1,1,1,0,0.0109837,1,0.0116689,0.522046,1.2469
hard,kidnap,reloc_lr,216,1,0,1,1,20,0,0.010869,1,0.0119163,0.709751,1.40195
hard,kidnap,reloc_dual,216,1,42,0.86,1,2,0,0.0111829,1,0.0123204,0.521694,1.3619
hard,global,mcl,216,0,-1,0,0,0,0,0,1,-1,0.555118,0
hard,global,aug,216,0,-1,0,0,29,0,0,1,-1,0.589194,0
hard,global,er,216,0,-1,0,0,252,0,0,1,-1,0.807455,0
hard,global,reloc,216,1,0,0.913333,1,4,0,0,1,0.0140797,0.528237,1.3748
hard,global,reloc_lr,216,1,0,0.913333,1,12,0,0,1,0.015304,0.690741,1.0521
hard,global,reloc_dual,216,1,209,0.306667,1,4,0,0,1,0.0239717,0.64505,1.3297
hard,kidnap,mcl,217,0,-1,0,0,0,0,0.00676553,1,-1,0.483301,0
hard,kidnap,aug,217,0,-1,0,0,210,0,0.00660129,1,-1,0.67739,0
hard,kidnap,er,217,0,-1,0,0,236,0,0.00646356,1,-1,0.694394,0
hard,kidnap,reloc,217,1,12,0.973333,1,1,0,0.00672198,1,0.0155317,0.663737,1.3504
hard,kidnap,reloc_lr,217,1,1,0.996667,1,2,1,0.00656098,1,0.0156852,0.600358,1.10264
hard,kidnap,reloc_dual,217,1,8,0.99,1,1,0,0.00677525,1,0.0150979,0.550531,1.1687
hard,global,mcl,217,0,-1,0,0,0,0,0,1,-1,0.485496,0
hard,global,aug,217,1,0,1,1,0,0,0,1,0.00944696,0.536646,0
hard,global,er,217,0,-1,0,0,92,0,0,1,-1,0.628115,0
hard,global,reloc,217,1,0,1,1,1,0,0,1,0.0086754,0.545354,1.7036
hard,global,reloc_lr,217,1,0,1,1,2,0,0,1,0.00880047,0.499823,1.3034
hard,global,reloc_dual,217,1,1,0.996667,1,1,0,0,1,0.00873369,0.603299,1.2801
hard,kidnap,mcl,218,0,-1,0,0,0,0,0.00767415,1,-1,0.473727,0
hard,kidnap,aug,218,0,-1,0,0,119,0,0.00714787,1,-1,0.818004,0
hard,kidnap,er,218,0,-1,0,0,190,0,0.00752943,1,-1,0.928306,0
hard,kidnap,reloc,218,1,0,1,1,1,0,0.00712194,1,0.0104606,0.689608,2.1287
hard,kidnap,reloc_lr,218,1,0,1,1,3,0,0.00757949,1,0.0103949,0.672869,1.4326
hard,kidnap,reloc_dual,218,1,1,0.996667,1,1,0,0.00727568,1,0.0102969,0.650208,1.7352
hard,global,mcl,218,0,-1,0,0,0,0,0,1,-1,0.696761,0
hard,global,aug,218,1,117,0.61,1,16,0,0,1,0.00709545,0.618613,0
hard,global,er,218,0,-1,0,0,193,0,0,1,-1,0.942245,0
hard,global,reloc,218,1,99,0.67,1,2,0,0,1,0.00689815,0.6604,1.49805
hard,global,reloc_lr,218,1,0,1,1,1,0,0,1,0.00740838,0.586005,1.27767
hard,global,reloc_dual,218,1,1,0.996667,1,1,0,0,1,0.00694514,0.586465,1.2527
hard,kidnap,mcl,219,0,-1,0,0,0,0,0.00728052,1,-1,0.465278,0
hard,kidnap,aug,219,0,-1,0,0,173,0,0.00710478,1,-1,0.701227,0
hard,kidnap,er,219,0,-1,0,0,218,0,0.00723466,1,-1,0.708809,0
hard,kidnap,reloc,219,1,0,1,1,1,0,0.00723432,1,0.00994479,0.588095,1.4965
hard,kidnap,reloc_lr,219,1,0,1,1,1,0,0.00726252,1,0.00990882,0.580255,1.06181
hard,kidnap,reloc_dual,219,1,1,0.996667,1,1,0,0.00720752,1,0.0100024,0.600418,1.3861
hard,global,mcl,219,0,-1,0,0,0,0,0,1,-1,0.551092,0
hard,global,aug,219,0,-1,0,0,0,0,0,1,-1,0.598785,0
hard,global,er,219,0,-1,0,0,30,0,0,1,-1,0.544733,0
hard,global,reloc,219,1,0,1,1,1,0,0,1,0.0070458,0.636612,1.4982
hard,global,reloc_lr,219,1,0,1,1,10,0,0,1,0.00703197,0.855799,1.57101
hard,global,reloc_dual,219,1,0,1,1,0,0,0,1,0.0130519,0.644915,1.4228
hard,kidnap,mcl,220,0,-1,0,0,0,0,0.00943304,1,-1,0.523884,0
hard,kidnap,aug,220,0,-1,0,0,65,0,0.00934329,1,-1,0.628005,0
hard,kidnap,er,220,0,-1,0,0,256,0,0.00990026,1,-1,0.833811,0
hard,kidnap,reloc,220,1,0,1,1,1,0,0.00962372,1,0.00881704,0.537909,1.369
hard,kidnap,reloc_lr,220,1,0,1,1,1,0,0.00949785,1,0.00864138,0.557544,1.04914
hard,kidnap,reloc_dual,220,1,1,0.996667,1,1,0,0.00951046,1,0.0088205,0.573884,1.3716
hard,global,mcl,220,0,-1,0,0,0,0,0,1,-1,0.512403,0
hard,global,aug,220,0,-1,0,0,52,0,0,1,-1,0.607186,0
hard,global,er,220,0,-1,0,0,182,0,0,1,-1,0.786779,0
hard,global,reloc,220,1,0,1,1,1,0,0,1,0.00998109,0.564667,1.3268
hard,global,reloc_lr,220,1,0,1,1,2,0,0,1,0.00947475,0.567271,0.988373
hard,global,reloc_dual,220,1,1,0.996667,1,1,0,0,1,0.0094105,0.581343,1.0852
hard,kidnap,mcl,221,0,-1,0,0,0,0,0.00739445,1,-1,0.56872,0
hard,kidnap,aug,221,1,160,0.466667,1,151,0,0.00752999,1,0.00814978,0.668985,0
hard,kidnap,er,221,0,-1,0,0,300,0,0.00746851,1,-1,0.790574,0
hard,kidnap,reloc,221,1,0,1,1,1,0,0.00734241,1,0.00781406,0.529218,1.1511
hard,kidnap,reloc_lr,221,1,0,1,1,3,0,0.00727852,1,0.00757428,0.560296,1.1065
hard,kidnap,reloc_dual,221,1,1,0.996667,1,1,0,0.00726753,1,0.00712196,0.501842,0.9749
hard,global,mcl,221,0,-1,0,0,0,0,0,1,-1,0.365294,0
hard,global,aug,221,0,-1,0,0,14,0,0,1,-1,0.47154,0
hard,global,er,221,0,-1,0,0,247,0,0,1,-1,0.81689,0
hard,global,reloc,221,1,0,0.863333,0,6,0,0,1,0.00919936,0.56363,1.29882
hard,global,reloc_lr,221,1,0,0.886667,1,6,0,0,1,0.00884652,0.618658,1.05193
hard,global,reloc_dual,221,1,1,0.863333,0,4,0,0,1,0.00896083,0.501639,1.05772
hard,kidnap,mcl,222,0,-1,0,0,0,0,0.0360272,1,-1,0.567518,0
hard,kidnap,aug,222,0,-1,0,0,118,26,8.02637,0.45,-1,0.631031,0
hard,kidnap,er,222,0,-1,0,0,266,2,0.0446178,0.95,-1,0.749545,0
hard,kidnap,reloc,222,1,0,1,1,3,2,0.853142,0.95,0.00619707,0.599806,1.4819
hard,kidnap,reloc_lr,222,1,0,1,1,1,0,0.0357658,1,0.0061615,0.755174,1.102
hard,kidnap,reloc_dual,222,1,1,0.996667,1,3,2,0.630349,0.95,0.00637356,0.802836,1.40723
hard,global,mcl,222,0,-1,0,0,0,0,0,1,-1,0.435451,0
hard,global,aug,222,0,-1,0,0,25,0,0,1,-1,0.75369,0
hard,global,er,222,0,-1,0,0,100,0,0,1,-1,0.775526,0
hard,global,reloc,222,1,1,0.996667,1,1,0,0,1,0.00707617,0.635006,1.939
hard,global,reloc_lr,222,1,1,0.996667,1,1,0,0,1,0.00703901,0.714177,1.7405
hard,global,reloc_dual,222,1,1,0.996667,1,1,0,0,1,0.0068054,0.803178,1.6423
hard,kidnap,mcl,223,0,-1,0,0,0,0,0.0094889,1,-1,0.845649,0
hard,kidnap,aug,223,1,37,0.883333,1,66,0,0.00932284,1,0.0151695,0.778322,0
hard,kidnap,er,223,0,-1,0,0,300,0,0.0093152,1,-1,0.978089,0
hard,kidnap,reloc,223,1,0,1,1,1,0,0.00953485,1,0.00795514,0.533185,1.3584
hard,kidnap,reloc_lr,223,1,0,1,1,12,5,0.00933115,1,0.00849027,0.597975,1.179
hard,kidnap,reloc_dual,223,1,1,0.996667,1,1,0,0.00919679,1,0.00808617,0.549178,1.1232
hard,global,mcl,223,0,-1,0,0,0,0,0,1,-1,0.544896,0
hard,global,aug,223,0,-1,0,0,89,0,0,1,-1,0.572602,0
hard,global,er,223,0,-1,0,0,192,0,0,1,-1,0.773739,0
hard,global,reloc,223,1,0,1,1,1,0,0,1,0.00906208,0.561875,1.3924
hard,global,reloc_lr,223,1,0,1,1,5,0,0,1,0.00894707,0.593788,1.25764
hard,global,reloc_dual,223,1,1,0.996667,1,1,0,0,1,0.00919371,0.530075,1.0673
hard,kidnap,mcl,224,0,-1,0,0,0,0,0.00972124,1,-1,0.465088,0
hard,kidnap,aug,224,1,27,0.91,1,32,0,0.00968183,1,0.0144741,0.57311,0
hard,kidnap,er,224,0,-1,0,0,98,0,0.00975783,1,-1,0.718772,0
hard,kidnap,reloc,224,1,0,1,1,1,0,0.0100147,1,0.0112372,0.593047,1.5333
hard,kidnap,reloc_lr,224,1,1,0.996667,1,11,0,0.00965579,1,0.0115725,0.778325,1.33748
hard,kidnap,reloc_dual,224,1,1,0.996667,1,1,0,0.0100039,1,0.0115038,0.841237,1.5976
hard,global,mcl,224,0,-1,0,0,0,0,0,1,-1,0.488156,0
hard,global,aug,224,0,-1,0,0,12,0,0,1,-1,0.660669,0
hard,global,er,224,0,-1,0,0,68,0,0,1,-1,0.794183,0
hard,global,reloc,224,1,0,1,1,1,0,0,1,0.0174509,0.620862,2.1468
hard,global,reloc_lr,224,1,0,1,1,1,0,0,1,0.0186551,0.668572,1.9636
hard,global,reloc_dual,224,1,64,0.786667,1,1,0,0,1,0.0147076,0.783475,1.5843
hard,kidnap,mcl,225,0,-1,0,0,0,0,0.00772606,1,-1,0.677648,0
hard,kidnap,aug,225,1,198,0.34,1,206,0,0.00778059,1,0.0212513,0.9435,0
hard,kidnap,er,225,0,-1,0,0,215,0,0.00783748,1,-1,0.832057,0
hard,kidnap,reloc,225,1,1,0.996667,1,1,0,0.00789826,1,0.0125508,0.530344,2.0704
hard,kidnap,reloc_lr,225,1,1,0.996667,1,9,0,0.00772471,1,0.0135039,0.676885,1.31987
hard,kidnap,reloc_dual,225,1,3,0.993333,1,1,0,0.00780619,1,0.0130794,0.615377,1.7501
hard,global,mcl,225,0,-1,0,0,0,0,0,1,-1,0.447672,0
hard,global,aug,225,0,-1,0,0,6,0,0,1,-1,0.624502,0
hard,global,er,225,0,-1,0,0,37,0,0,1,-1,0.760755,0
hard,global,reloc,225,1,228,0.24,1,4,0,0,1,0.00617606,0.637074,1.73785
hard,global,reloc_lr,225,1,34,0.696667,1,24,0,0,1,0.00999923,0.936831,1.7416
hard,global,reloc_dual,225,1,229,0.24,1,4,0,0,1,0.00777271,0.757475,1.63372
hard,kidnap,mcl,226,0,-1,0,0,0,0,0.00664428,1,-1,0.602831,0
hard,kidnap,aug,226,0,-1,0,0,142,0,0.00635168,1,-1,0.689809,0
hard,kidnap,er,226,0,-1,0,0,111,0,0.0066726,1,-1,0.715404,0
hard,kidnap,reloc,226,1,0,0.806667,0,3,0,0.00654076,1,0.0101716,0.614357,1.78523
hard,kidnap,reloc_lr,226,1,0,1,1,16,0,0.00653984,1,0.0171594,0.82561,1.33882
hard,kidnap,reloc_dual,226,1,1,0.806667,0,3,0,0.00661054,1,0.0103632,0.576656,1.3792
hard,global,mcl,226,0,-1,0,0,0,0,0,1,-1,0.491458,0
hard,global,aug,226,0,-1,0,0,42,0,0,1,-1,0.707589,0
hard,global,er,226,0,-1,0,0,168,0,0,1,-1,0.935624,0
hard,global,reloc,226,1,1,0.94,1,7,0,0,1,0.00887944,0.829721,1.6794
hard,global,reloc_lr,226,1,0,0.98,1,6,0,0,1,0.0134596,0.941532,1.35774
hard,global,reloc_dual,226,1,1,0.946667,1,7,0,0,1,0.00867096,0.745689,1.43453
hard,kidnap,mcl,227,0,-1,0,0,0,0,0.00966683,1,-1,0.69529,0
hard,kidnap,aug,227,1,14,0.613333,1,192,0,0.0106648,1,0.019462,0.922677,0
hard,kidnap,er,227,0,-1,0,0,91,0,0.00951182,1,-1,0.838799,0
hard,kidnap,reloc,227,1,0,0.71,1,8,0,0.0105111,1,0.0113018,0.649948,1.81305
hard,kidnap,reloc_lr,227,1,0,1,1,15,0,0.0107776,1,0.020004,0.888686,1.60878
hard,kidnap,reloc_dual,227,1,1,0.716667,1,6,0,0.0110798,1,0.0107724,0.63401,1.52385
hard,global,mcl,227,0,-1,0,0,0,0,0,1,-1,0.41517,0
hard,global,aug,227,0,-1,0.00333333,0,25,0,0,1,0.255386,0.561786,0
hard,global,er,227,0,-1,0,0,190,0,0,1,-1,0.788748,0
hard,global,reloc,227,1,0,0.916667,0,5,0,0,1,0.0101347,0.659402,1.9102
hard,global,reloc_lr,227,1,0,0.983333,1,11,0,0,1,0.0208425,0.902607,1.28872
hard,global,reloc_dual,227,1,1,0.916667,0,4,0,0,1,0.0103837,0.571618,1.43508
hard,kidnap,mcl,228,0,-1,0,0,0,0,0.0110479,1,-1,0.580611,0
hard,kidnap,aug,228,1,78,0.74,1,79,0,0.0105659,1,0.0185079,0.669225,0
hard,kidnap,er,228,0,-1,0,0,257,0,0.0110886,1,-1,0.732026,0
hard,kidnap,reloc,228,1,9,0.986667,1,1,0,0.0115775,1,0.0123935,0.529291,1.5311
hard,kidnap,reloc_lr,228,1,9,0.99,1,3,0,0.0112081,1,0.0124457,0.60972,1.03723
hard,kidnap,reloc_dual,228,1,134,0.57,1,3,0,0.0107007,1,0.0129984,0.703081,1.2534
hard,global,mcl,228,1,1,0.996667,1,0,0,0,1,0.026491,0.583262,0
hard,global,aug,228,1,255,0.15,1,61,0,0,1,0.0478026,0.605109,0
hard,global,er,228,0,-1,0,0,293,0,0,1,-1,0.81096,0
hard,global,reloc,228,1,21,0.933333,1,5,0,0,1,0.0200507,0.643679,1.33418
hard,global,reloc_lr,228,1,13,0.953333,1,56,0,0,1,0.0201526,1.07852,1.3601
hard,global,reloc_dual,228,1,27,0.926667,1,1,0,0,1,0.0206265,0.590178,1.13414
hard,kidnap,mcl,229,0,-1,0,0,0,0,0.00814455,1,-1,0.549046,0
hard,kidnap,aug,229,1,24,0.643333,0,49,0,0.00801794,1,0.0119429,0.712516,0
hard,kidnap,er,229,0,-1,0,0,169,0,0.00826211,1,-1,0.683401,0
hard,kidnap,reloc,229,1,0,0.71,0,6,0,0.00833697,1,0.00818992,0.619617,1.39173
hard,kidnap,reloc_lr,229,0,-1,0,0,8,0,0.00823769,1,-1,0.683801,1.23604
hard,kidnap,reloc_dual,229,1,13,0.683333,0,2,0,0.00810641,1,0.00791717,0.721625,1.51847
hard,global,mcl,229,0,-1,0,0,0,0,0,1,-1,0.629336,0
hard,global,aug,229,0,-1,0,0,22,0,0,1,-1,0.666066,0
hard,global,er,229,0,-1,0,0,272,0,0,1,-1,1.12109,0
hard,global,reloc,229,1,0,1,1,1,0,0,1,0.00779668,0.613178,1.5464
hard,global,reloc_lr,229,1,0,1,1,1,0,0,1,0.00773362,0.664689,1.14111
hard,global,reloc_dual,229,1,1,0.996667,1,1,0,0,1,0.00771874,0.550913,1.3317
hard,kidnap,mcl,230,0,-1,0,0,0,0,0.0144394,1,-1,0.641973,0
hard,kidnap,aug,230,1,36,0.88,1,44,5,0.017261,1,0.0164731,0.626174,0
hard,kidnap,er,230,0,-1,0,0,278,2,0.0353867,0.95,-1,0.887951,0
hard,kidnap,reloc,230,1,0,1,1,3,2,4.32168,0.35,0.00989005,0.713215,1.47683
hard,kidnap,reloc_lr,230,1,0,1,1,3,2,0.485535,0.93,0.00964088,0.659383,1.28131
hard,kidnap,reloc_dual,230,1,1,0.996667,1,3,2,1.89325,0.82,0.00967963,0.63181,1.48843
hard,global,mcl,230,0,-1,0,0,0,0,0,1,-1,0.692277,0
hard,global,aug,230,0,-1,0,0,59,0,0,1,-1,0.593327,0
hard,global,er,230,0,-1,0,0,202,0,0,1,-1,1.00386,0
hard,global,reloc,230,1,107,0.643333,1,4,0,0,1,0.012021,0.592511,1.5606
hard,global,reloc_lr,230,1,2,0.613333,1,5,0,0,1,0.0274366,0.829883,1.19393
hard,global,reloc_dual,230,1,111,0.63,1,4,0,0,1,0.0111066,0.659882,1.51802
hard,kidnap,mcl,231,0,-1,0,0,0,0,0.0116467,1,-1,0.576029,0
hard,kidnap,aug,231,0,-1,0,0,173,0,0.0114105,1,-1,0.617953,0
hard,kidnap,er,231,0,-1,0,0,179,0,0.0115583,1,-1,0.695868,0
hard,kidnap,reloc,231,1,0,1,1,1,0,0.0114951,1,0.011752,0.543846,1.3777
hard,kidnap,reloc_lr,231,1,0,0.943333,1,20,7,0.0113457,1,0.0113138,0.769934,1.4518
hard,kidnap,reloc_dual,231,1,1,0.996667,1,1,0,0.0112784,1,0.0111999,0.590638,1.6921
hard,global,mcl,231,0,-1,0,0,0,0,0,1,-1,0.475001,0
hard,global,aug,231,1,0,1,1,0,0,0,1,0.0145737,0.6162,0
hard,global,er,231,0,-1,0,0,128,0,0,1,-1,0.771223,0
hard,global,reloc,231,1,0,1,1,1,0,0,1,0.00977978,0.64377,2.2704
hard,global,reloc_lr,231,1,0,1,1,2,0,0,1,0.00977358,0.893345,1.53693
hard,global,reloc_dual,231,1,1,0.996667,1,1,0,0,1,0.00965567,0.733538,2.1816
hard,kidnap,mcl,232,0,-1,0,0,0,0,0.00933388,1,-1,0.812477,0
hard,kidnap,aug,232,1,183,0.39,1,157,0,0.00921934,1,0.0109234,0.83229,0
hard,kidnap,er,232,0,-1,0,0,296,0,0.0092276,1,-1,0.955939,0
hard,kidnap,reloc,232,1,0,1,1,1,0,0.00943427,1,0.00737067,0.619748,1.6672
hard,kidnap,reloc_lr,232,1,1,0.996667,1,3,0,0.00918462,1,0.00731724,0.62299,1.50354
hard,kidnap,reloc_dual,232,1,1,0.996667,1,1,0,0.00938604,1,0.00756358,0.650292,1.5346
hard,global,mcl,232,1,98,0.673333,1,0,0,0,1,0.0155335,0.602718,0
hard,global,aug,232,0,-1,0,0,35,0,0,1,-1,0.581748,0
hard,global,er,232,0,-1,0,0,230,0,0,1,-1,0.842322,0
hard,global,reloc,232,1,0,1,1,1,0,0,1,0.00791268,0.625766,1.8642
hard,global,reloc_lr,232,1,0,1,1,1,0,0,1,0.00825363,0.579817,1.20148
hard,global,reloc_dual,232,1,1,0.996667,1,1,0,0,1,0.00802333,0.518282,1.3646
hard,kidnap,mcl,233,0,-1,0,0,0,0,0.00928911,1,-1,0.558943,0
hard,kidnap,aug,233,0,-1,0,0,181,0,0.00927514,1,-1,0.736655,0
hard,kidnap,er,233,0,-1,0,0,236,0,0.00947432,1,-1,0.785236,0
hard,kidnap,reloc,233,1,0,1,1,1,0,0.00946573,1,0.00982171,0.554766,1.4809
hard,kidnap,reloc_lr,233,1,0,1,1,1,0,0.00915202,1,0.0104938,0.580606,1.32535
hard,kidnap,reloc_dual,233,1,1,0.996667,1,1,0,0.0093637,1,0.00869968,0.599973,1.6072
hard,global,mcl,233,0,-1,0,0,0,0,0,1,-1,0.521626,0
hard,global,aug,233,0,-1,0,0,0,0,0,1,-1,0.564252,0
hard,global,er,233,1,83,0.723333,1,72,0,0,1,0.0117837,0.597744,0
hard,global,reloc,233,1,0,1,1,1,0,0,1,0.00848891,0.570377,1.1259
hard,global,reloc_lr,233,1,0,1,1,3,0,0,1,0.00804159,0.611875,1.10929
hard,global,reloc_dual,233,1,1,0.996667,1,1,0,0,1,0.00764551,0.570999,0.9161
hard,kidnap,mcl,234,0,-1,0,0,0,0,0.012219,1,-1,0.590764,0
hard,kidnap,aug,234,1,231,0.23,1,217,31,0.0124341,1,0.0194814,0.803849,0
hard,kidnap,er,234,0,-1,0,0,303,3,0.0126513,1,-1,0.923924,0
hard,kidnap,reloc,234,1,1,0.996667,1,7,3,0.0120807,1,0.0115418,0.57557,1.2873
hard,kidnap,reloc_lr,234,1,0,1,1,10,6,0.0121441,1,0.0114631,0.773025,1.04748
hard,kidnap,reloc_dual,234,1,1,0.996667,1,1,0,0.0119975,1,0.0118373,0.656293,1.34109
hard,global,mcl,234,0,-1,0,0,0,0,0,1,-1,0.575261,0
hard,global,aug,234,1,147,0.51,1,9,0,0,1,0.0198054,0.621768,0
hard,global,er,234,0,-1,0,0,143,0,0,1,-1,0.750832,0
hard,global,reloc,234,1,0,0.943333,1,6,0,0,1,0.01722,0.596816,1.43918
hard,global,reloc_lr,234,1,0,0.623333,1,7,0,0,1,0.0131143,0.728539,1.16779
hard,global,reloc_dual,234,1,89,0.72,1,4,0,0,1,0.00944285,0.674072,1.617
hard,kidnap,mcl,235,0,-1,0,0,0,0,0.00840471,1,-1,0.566502,0
hard,kidnap,aug,235,1,142,0.526667,1,105,1,0.00810185,1,0.0123619,0.706762,0
hard,kidnap,er,235,0,-1,0,0,232,1,0.0185169,0.98,-1,0.911122,0
hard,kidnap,reloc,235,1,1,0.996667,1,2,1,0.212857,0.98,0.00825286,0.581091,1.3585
hard,kidnap,reloc_lr,235,1,1,0.953333,1,6,2,0.00813974,1,0.00813587,0.685678,1.12116
hard,kidnap,reloc_dual,235,1,9,0.97,1,3,1,0.0512203,0.99,0.00828843,0.588364,1.3058
hard,global,mcl,235,0,-1,0,0,0,0,0,1,-1,0.452339,0
hard,global,aug,235,0,-1,0,0,34,0,0,1,-1,0.56686,0
hard,global,er,235,0,-1,0,0,160,0,0,1,-1,0.689601,0
hard,global,reloc,235,1,0,0.983333,1,4,0,0,1,0.0103624,0.596057,1.47265
hard,global,reloc_lr,235,1,0,0.973333,1,5,0,0,1,0.00992766,0.587766,1.23877
hard,global,reloc_dual,235,1,1,0.98,1,3,0,0,1,0.0101741,0.661755,1.47457
hard,kidnap,mcl,236,0,-1,0,0,0,0,0.0159987,1,-1,0.565906,0
hard,kidnap,aug,236,0,-1,0,0,108,0,0.0152605,1,-1,0.77749,0
hard,kidnap,er,236,0,-1,0,0,286,2,0.0245941,0.95,-1,0.934766,0
hard,kidnap,reloc,236,1,17,0.383333,1,16,3,2.31117,0.81,0.0142783,0.658046,1.62574
hard,kidnap,reloc_lr,236,1,0,0.343333,1,33,4,0.376362,0.94,0.0127924,0.796349,1.31561
hard,kidnap,reloc_dual,236,1,1,0.403333,1,10,3,2.12817,0.81,0.0129776,0.609346,1.25459
hard,global,mcl,236,0,-1,0,0,0,0,0,1,-1,0.522895,0
hard,global,aug,236,0,-1,0.01,1,41,0,0,1,0.188061,0.581671,0
hard,global,er,236,0,-1,0,0,190,0,0,1,-1,0.779633,0
hard,global,reloc,236,1,0,0.96,1,7,0,0,1,0.00810136,0.619717,1.37243
hard,global,reloc_lr,236,1,0,0.996667,1,10,0,0,1,0.0145707,0.757486,1.02589
hard,global,reloc_dual,236,1,1,0.95,1,4,0,0,1,0.00865272,0.588566,1.02884
hard,kidnap,mcl,237,0,-1,0,0,0,0,0.00573257,1,-1,0.608793,0
hard,kidnap,aug,237,0,-1,0,0,197,0,0.00584981,1,-1,0.793634,0
hard,kidnap,er,237,0,-1,0,0,291,0,0.00588528,1,-1,0.869911,0
hard,kidnap,reloc,237,1,1,0.996667,1,2,0,0.00586127,1,0.00717846,0.629279,0.9134
hard,kidnap,reloc_lr,237,1,1,0.996667,1,2,0,0.00587475,1,0.00742423,0.588244,1.01698
hard,kidnap,reloc_dual,237,1,5,0.983333,1,2,0,0.00573385,1,0.00720529,0.535332,0.75335
hard,global,mcl,237,0,-1,0,0,0,0,0,1,-1,0.435795,0
hard,global,aug,237,0,-1,0,0,57,0,0,1,-1,0.541421,0
hard,global,er,237,0,-1,0,0,80,0,0,1,-1,0.577936,0
hard,global,reloc,237,1,0,1,1,1,0,0,1,0.0128732,0.503545,1.5178
hard,global,reloc_lr,237,1,0,1,1,5,0,0,1,0.0126765,0.558787,1.15754
hard,global,reloc_dual,237,1,1,0.996667,1,1,0,0,1,0.0128064,0.653873,1.264
hard,kidnap,mcl,238,0,-1,0,0,0,0,0.00810769,1,-1,0.52016,0
hard,kidnap,aug,238,1,85,0.716667,1,113,0,0.00819072,1,0.0137865,0.671946,0
hard,kidnap,er,238,0,-1,0,0,267,0,0.00823756,1,-1,0.980913,0
hard,kidnap,reloc,238,1,0,1,1,2,0,0.00814466,1,0.00902875,0.561722,1.4921
hard,kidnap,reloc_lr,238,1,0,1,1,24,0,0.0081589,1,0.00894576,0.778524,1.18722
hard,kidnap,reloc_dual,238,1,1,0.996667,1,1,0,0.00800486,1,0.00911492,0.648316,1.14435
hard,global,mcl,238,0,-1,0,0,0,0,0,1,-1,0.4755,0
hard,global,aug,238,1,0,0.93,1,0,0,0,1,0.0434579,0.593098,0
hard,global,er,238,0,-1,0,0,189,0,0,1,-1,0.818431,0
hard,global,reloc,238,1,0,0.936667,1,11,0,0,1,0.0389952,0.650457,1.04056
hard,global,reloc_lr,238,1,0,0.936667,1,15,0,0,1,0.0340454,0.698752,1.12735
hard,global,reloc_dual,238,1,49,0.773333,1,2,0,0,1,0.0500395,0.589717,1.02346
hard,kidnap,mcl,239,0,-1,0,0,0,0,0.0222676,1,-1,0.563164,0
hard,kidnap,aug,239,1,259,0.136667,1,138,19,1.1633,0.84,0.016939,0.798945,0
hard,kidnap,er,239,0,-1,0,0,263,7,0.05367,0.93,-1,0.910062,0
hard,kidnap,reloc,239,1,0,1,1,7,6,0.396286,0.95,0.00753281,0.605146,1.7163
hard,kidnap,reloc_lr,239,1,0,1,1,2,1,0.0216522,1,0.00750495,0.72871,1.30964
hard,kidnap,reloc_dual,239,1,1,0.996667,1,4,3,1.0823,0.91,0.00759534,0.612208,1.4795
hard,global,mcl,239,0,-1,0,0,0,0,0,1,-1,0.652015,0
hard,global,aug,239,0,-1,0,0,34,0,0,1,-1,0.57827,0
hard,global,er,239,0,-1,0,0,112,0,0,1,-1,0.722151,0
hard,global,reloc,239,1,0,1,1,1,0,0,1,0.00727015,0.601726,1.4391
hard,global,reloc_lr,239,1,0,1,1,1,0,0,1,0.00712106,0.601035,1.9369
hard,global,reloc_dual,239,1,1,0.996667,1,1,0,0,1,0.00712623,0.620667,1.4213
hard,kidnap,mcl,240,0,-1,0,0,0,0,0.00793916,1,-1,0.600664,0
hard,kidnap,aug,240,0,-1,0,0,135,0,0.00798169,1,-1,0.709681,0
hard,kidnap,er,240,0,-1,0,0,222,0,0.00805221,1,-1,0.800519,0
hard,kidnap,reloc,240,1,1,0.996667,1,1,0,0.00787028,1,0.00854648,0.576519,1.3713
hard,kidnap,reloc_lr,240,1,6,0.983333,1,2,1,0.00814814,1,0.00834181,0.671546,1.18146
hard,kidnap,reloc_dual,240,1,6,0.983333,1,1,0,0.00814197,1,0.00841692,0.625034,1.5248
hard,global,mcl,240,0,-1,0,0,0,0,0,1,-1,0.627533,0
hard,global,aug,240,0,-1,0,0,48,0,0,1,-1,0.653067,0
hard,global,er,240,0,-1,0,0,63,0,0,1,-1,0.731837,0
hard,global,reloc,240,1,1,0.996667,1,1,0,0,1,0.00921529,0.601431,2.3924
hard,global,reloc_lr,240,1,31,0.896667,1,2,0,0,1,0.00941639,0.640991,1.34436
hard,global,reloc_dual,240,1,4,0.993333,1,1,0,0,1,0.00907085,0.615145,1.8233
hard,kidnap,mcl,241,0,-1,0,0,0,0,0.00902324,1,-1,0.621216,0
hard,kidnap,aug,241,0,-1,0,0,183,0,0.00943711,1,-1,0.817288,0
hard,kidnap,er,241,0,-1,0,0,293,0,0.00931289,1,-1,0.920717,0
hard,kidnap,reloc,241,1,0,1,1,1,0,0.00937693,1,0.00803861,0.639075,1.7952
hard,kidnap,reloc_lr,241,1,0,1,1,2,1,0.00932056,1,0.00784698,0.712318,1.25471
hard,kidnap,reloc_dual,241,1,1,0.996667,1,1,0,0.00925604,1,0.00784878,0.750401,1.6074
hard,global,mcl,241,0,-1,0,0,0,0,0,1,-1,0.544748,0
hard,global,aug,241,0,-1,0,0,10,0,0,1,-1,0.725342,0
hard,global,er,241,0,-1,0,0,83,0,0,1,-1,0.866381,0
hard,global,reloc,241,1,0,1,1,2,0,0,1,0.010628,0.650088,1.9576
hard,global,reloc_lr,241,1,0,1,1,1,0,0,1,0.0102537,0.716677,1.58001
hard,global,reloc_dual,241,1,1,0.996667,1,1,0,0,1,0.00994856,0.617414,1.7829
hard,kidnap,mcl,242,0,-1,0,0,0,0,0.0326518,1,-1,0.656994,0
hard,kidnap,aug,242,1,7,0.976667,1,72,61,5.24508,0.43,0.00804121,0.749659,0
hard,kidnap,er,242,0,-1,0,0,30,2,0.0344411,0.92,-1,0.676792,0
hard,kidnap,reloc,242,1,0,1,1,3,2,0.71262,0.89,0.00829257,0.657346,1.876
hard,kidnap,reloc_lr,242,1,0,1,1,3,2,0.137577,0.92,0.00814195,0.734494,1.47089
hard,kidnap,reloc_dual,242,1,1,0.996667,1,3,2,1.32868,0.92,0.0083357,0.679596,1.60093
hard,global,mcl,242,0,-1,0,0,0,0,0,1,-1,0.551951,0
hard,global,aug,242,0,-1,0,0,0,0,0,1,-1,0.567736,0
hard,global,er,242,0,-1,0,0,156,0,0,1,-1,0.864261,0
hard,global,reloc,242,1,103,0.656667,1,2,0,0,1,0.00648404,0.634539,1.8207
hard,global,reloc_lr,242,1,70,0.766667,1,2,0,0,1,0.00662169,0.649062,1.46325
hard,global,reloc_dual,242,1,104,0.653333,1,2,0,0,1,0.00655815,0.637145,1.43385
hard,kidnap,mcl,243,0,-1,0,0,0,0,0.0219509,1,-1,0.569024,0
hard,kidnap,aug,243,1,72,0.76,1,90,16,4.56769,0.5,0.0226613,0.664656,0
hard,kidnap,er,243,0,-1,0,0,246,6,0.0523816,0.95,-1,0.925516,0
hard,kidnap,reloc,243,1,62,0.793333,1,9,7,8.05882,0.44,0.0155329,0.582885,1.4864
hard,kidnap,reloc_lr,243,1,0,1,1,8,2,0.025001,1,0.0162507,0.742008,1.14302
hard,kidnap,reloc_dual,243,1,7,0.99,1,4,3,7.9524,0.45,0.0155815,0.650955,1.22457
hard,global,mcl,243,0,-1,0,0,0,0,0,1,-1,0.507973,0
hard,global,aug,243,0,-1,0,0,65,0,0,1,-1,0.576403,0
hard,global,er,243,0,-1,0,0,200,0,0,1,-1,0.804509,0
hard,global,reloc,243,1,0,0.983333,1,4,0,0,1,0.0137625,0.591218,1.40332
hard,global,reloc_lr,243,1,0,0.993333,1,3,0,0,1,0.0152653,0.663114,1.37103
hard,global,reloc_dual,243,1,1,0.98,1,3,0,0,1,0.0134006,0.615078,1.3756
hard,kidnap,mcl,244,0,-1,0,0,0,0,0.014027,1,-1,0.605894,0
hard,kidnap,aug,244,0,-1,0,0,76,0,0.0140199,1,-1,0.709358,0
hard,kidnap,er,244,0,-1,0,0,188,1,0.0140995,1,-1,0.800874,0
hard,kidnap,reloc,244,1,0,1,1,2,1,0.0137707,1,0.00805902,0.576314,1.5064
hard,kidnap,reloc_lr,244,1,0,1,1,3,2,0.0138637,1,0.00769887,0.580168,1.16114
hard,kidnap,reloc_dual,244,1,1,0.996667,1,1,0,0.0137349,1,0.00778582,0.544563,1.3111
hard,global,mcl,244,0,-1,0,0,0,0,0,1,-1,0.435512,0
hard,global,aug,244,0,-1,0,0,23,0,0,1,-1,0.50832,0
hard,global,er,244,0,-1,0,0,228,0,0,1,-1,0.787737,0
hard,global,reloc,244,1,0,1,1,1,0,0,1,0.00846205,0.535819,1.315
hard,global,reloc_lr,244,1,2,0.993333,1,1,0,0,1,0.00825738,0.650029,1.35197
hard,global,reloc_dual,244,1,1,0.996667,1,1,0,0,1,0.0081635,0.573963,1.4834
hard,kidnap,mcl,245,0,-1,0,0,0,0,0.00998525,1,-1,0.563434,0
hard,kidnap,aug,245,1,60,0.8,1,66,0,0.00957213,1,0.00972812,0.625966,0
hard,kidnap,er,245,0,-1,0,0,257,0,0.00999837,1,-1,0.912624,0
hard,kidnap,reloc,245,1,0,1,1,1,0,0.00978044,1,0.00786512,0.568488,1.9614
hard,kidnap,reloc_lr,245,1,0,1,1,7,5,0.00986207,1,0.00772295,0.687419,1.14571
hard,kidnap,reloc_dual,245,1,1,0.996667,1,1,0,0.00969213,1,0.00777886,0.574497,1.9688
hard,global,mcl,245,0,-1,0,0,0,0,0,1,-1,0.63876,0
hard,global,aug,245,0,-1,0,0,4,0,0,1,-1,0.661951,0
hard,global,er,245,0,-1,0,0,174,0,0,1,-1,0.882629,0
hard,global,reloc,245,1,0,1,1,1,0,0,1,0.0066277,0.598336,2.0257
hard,global,reloc_lr,245,1,0,1,1,2,0,0,1,0.00682424,0.667724,1.64147
hard,global,reloc_dual,245,1,83,0.723333,1,2,0,0,1,0.00671538,0.678931,1.622
hard,kidnap,mcl,246,0,-1,0,0,0,0,0.00672549,1,-1,0.592907,0
hard,kidnap,aug,246,1,141,0.53,1,64,0,0.00678814,1,0.00998321,0.725809,0
hard,kidnap,er,246,0,-1,0,0,57,0,0.00665283,1,-1,0.805322,0
hard,kidnap,reloc,246,1,32,0.893333,1,4,0,0.00693961,1,0.00959997,0.743675,1.43715
hard,kidnap,reloc_lr,246,1,35,0.883333,1,6,0,0.00645042,1,0.0102006,0.858897,1.48629
hard,kidnap,reloc_dual,246,1,33,0.89,1,2,0,0.00675821,1,0.00969398,0.676316,1.347
hard,global,mcl,246,0,-1,0,0,0,0,0,1,-1,0.691924,0
hard,global,aug,246,0,-1,0,0,25,0,0,1,-1,0.646312,0
hard,global,er,246,0,-1,0,0,62,0,0,1,-1,0.768917,0
hard,global,reloc,246,1,0,1,1,1,0,0,1,0.0103122,0.689069,1.938
hard,global,reloc_lr,246,1,0,1,1,1,0,0,1,0.0103021,0.732996,1.41418
hard,global,reloc_dual,246,1,1,0.996667,1,1,0,0,1,0.0103589,0.63061,1.579
hard,kidnap,mcl,247,0,-1,0,0,0,0,0.0137668,1,-1,0.545599,0
hard,kidnap,aug,247,1,33,0.89,1,34,6,0.126646,0.99,0.00973682,0.645696,0
hard,kidnap,er,247,0,-1,0,0,296,3,0.0356584,0.95,-1,0.87733,0
hard,kidnap,reloc,247,1,136,0.543333,0,8,4,0.907018,0.94,0.00996889,0.649644,1.40871
hard,kidnap,reloc_lr,247,1,48,0.836667,0,8,0,0.0142815,1,0.00914756,0.656763,1.10275
hard,kidnap,reloc_dual,247,1,137,0.54,0,5,2,0.678908,0.94,0.0101626,0.52567,1.15802
hard,global,mcl,247,0,-1,0,0,0,0,0,1,-1,0.688028,0
hard,global,aug,247,0,-1,0,0,18,0,0,1,-1,0.552134,0
hard,global,er,247,0,-1,0,0,124,0,0,1,-1,0.640683,0
hard,global,reloc,247,1,1,0.996667,1,1,0,0,1,0.00907272,0.556621,1.7893
hard,global,reloc_lr,247,1,0,1,1,3,0,0,1,0.0091099,0.594265,1.06553
hard,global,reloc_dual,247,1,1,0.996667,1,1,0,0,1,0.00911193,0.461637,1.4311
hard,kidnap,mcl,248,0,-1,0,0,0,0,0.0197528,1,-1,0.493687,0
hard,kidnap,aug,248,0,-1,0,0,88,0,0.0202981,1,-1,0.562091,0
hard,kidnap,er,248,0,-1,0,0,233,0,0.0208517,1,-1,0.667959,0
hard,kidnap,reloc,248,1,0,1,1,1,0,0.0200279,1,0.00675828,0.488871,1.3244
hard,kidnap,reloc_lr,248,1,0,1,1,3,2,0.0197065,1,0.00664386,0.61333,1.18661
hard,kidnap,reloc_dual,248,1,1,0.996667,1,1,0,0.0199574,1,0.0066142,0.533844,1.2282
hard,global,mcl,248,0,-1,0,0,0,0,0,1,-1,0.421414,0
hard,global,aug,248,0,-1,0,0,68,0,0,1,-1,0.674221,0
hard,global,er,248,0,-1,0,0,162,0,0,1,-1,0.742155,0
hard,global,reloc,248,1,2,0.993333,1,1,0,0,1,0.00768067,0.530673,1.5623
hard,global,reloc_lr,248,1,0,1,1,1,0,0,1,0.00768673,0.57668,1.18307
hard,global,reloc_dual,248,1,1,0.996667,1,1,0,0,1,0.00786488,0.463907,1.3554
hard,kidnap,mcl,249,0,-1,0,0,0,0,0.0157547,1,-1,0.574458,0
hard,kidnap,aug,249,0,-1,0,0,59,0,0.0140079,1,-1,0.630074,0
hard,kidnap,er,249,0,-1,0,0,197,0,0.0142916,1,-1,0.833304,0
hard,kidnap,reloc,249,1,0,1,1,1,0,0.0157133,1,0.00780882,0.560567,1.4933
hard,kidnap,reloc_lr,249,1,0,1,1,1,0,0.0144877,1,0.00775017,0.598857,1.45323
hard,kidnap,reloc_dual,249,1,1,0.996667,1,1,0,0.0148588,1,0.00735085,0.588379,1.4933
hard,global,mcl,249,0,-1,0,0,0,0,0,1,-1,0.634035,0
hard,global,aug,249,0,-1,0,0,59,0,0,1,-1,0.717281,0
hard,global,er,249,1,266,0.113333,1,60,0,0,1,0.00837533,0.761168,0
hard,global,reloc,249,1,1,0.996667,1,1,0,0,1,0.00728606,0.695745,2.1121
hard,global,reloc_lr,249,1,0,1,1,1,0,0,1,0.00723147,0.661373,2.4586
hard,global,reloc_dual,249,1,51,0.83,1,1,0,0,1,0.00731337,0.790685,2.14695
hard,kidnap,mcl,250,0,-1,0,0,0,0,0.00930461,1,-1,0.588194,0
hard,kidnap,aug,250,1,31,0.896667,1,33,0,0.00896865,1,0.0107793,0.660737,0
hard,kidnap,er,250,0,-1,0,0,249,0,0.00925569,1,-1,0.941207,0
hard,kidnap,reloc,250,1,5,0.99,1,1,0,0.00927539,1,0.00803156,0.666722,1.6319
hard,kidnap,reloc_lr,250,1,0,1,1,1,0,0.00918373,1,0.0075575,0.65807,1.45613
hard,kidnap,reloc_dual,250,1,146,0.513333,1,2,0,0.00926962,1,0.00772046,0.636252,1.30905
hard,global,mcl,250,0,-1,0,0,0,0,0,1,-1,0.577951,0
hard,global,aug,250,0,-1,0,0,60,0,0,1,-1,0.637021,0
hard,global,er,250,0,-1,0,0,69,0,0,1,-1,0.681271,0
hard,global,reloc,250,1,0,1,1,1,0,0,1,0.00837616,0.654689,2.0241
hard,global,reloc_lr,250,1,0,1,1,1,0,0,1,0.00836523,0.60166,1.39124
hard,global,reloc_dual,250,1,1,0.996667,1,1,0,0,1,0.00836838,0.632052,1.5991
hard,kidnap,mcl,251,0,-1,0,0,0,0,0.00883375,1,-1,0.651479,0
hard,kidnap,aug,251,1,268,0.106667,1,68,0,0.00878779,1,0.0292827,0.70216,0
hard,kidnap,er,251,0,-1,0,0,300,0,0.00902552,1,-1,0.941443,0
hard,kidnap,reloc,251,1,0,1,1,1,0,0.0091863,1,0.0092412,0.544464,1.2284
hard,kidnap,reloc_lr,251,1,0,1,1,4,0,0.00883801,1,0.00882567,0.673402,1.01257
hard,kidnap,reloc_dual,251,1,1,0.996667,1,1,0,0.00872804,1,0.00935444,0.535197,1.0133
hard,global,mcl,251,0,-1,0,0,0,0,0,1,-1,0.461372,0
hard,global,aug,251,1,0,1,1,0,0,0,1,0.0136068,0.55149,0
hard,global,er,251,0,-1,0,0,210,0,0,1,-1,0.898596,0
hard,global,reloc,251,1,0,1,1,4,0,0,1,0.00885498,0.583519,0.970925
hard,global,reloc_lr,251,1,0,1,1,11,0,0,1,0.00868437,0.708646,1.06841
hard,global,reloc_dual,251,1,1,0.996667,1,1,0,0,1,0.00847365,0.599636,1.07017
hard,kidnap,mcl,252,0,-1,0,0,0,0,0.0078253,1,-1,0.588135,0
hard,kidnap,aug,252,0,-1,0,0,112,0,0.00769126,1,-1,0.722902,0
hard,kidnap,er,252,0,-1,0,0,254,0,0.00763368,1,-1,0.88402,0
hard,kidnap,reloc,252,1,119,0.603333,1,2,0,0.00757402,1,0.00903254,0.58248,1.77405
hard,kidnap,reloc_lr,252,1,36,0.88,1,2,0,0.00752535,1,0.0086505,0.57676,1.48367
hard,kidnap,reloc_dual,252,1,1,0.996667,1,1,0,0.00766445,1,0.00881679,0.612522,1.4887
hard,global,mcl,252,0,-1,0,0,0,0,0,1,-1,0.554123,0
hard,global,aug,252,1,0,1,1,0,0,0,1,0.0103398,0.507271,0
hard,global,er,252,1,220,0.266667,1,78,0,0,1,0.0337436,0.64698,0
hard,global,reloc,252,1,0,1,1,1,0,0,1,0.00818949,0.614016,1.838
hard,global,reloc_lr,252,1,0,1,1,1,0,0,1,0.00820291,0.605377,1.18138
hard,global,reloc_dual,252,1,1,0.996667,1,1,0,0,1,0.00837505,0.617291,1.4438
hard,kidnap,mcl,253,0,-1,0,0,0,0,0.00933628,1,-1,0.511381,0
hard,kidnap,aug,253,0,-1,0,0,85,0,0.00935356,1,-1,0.734764,0
hard,kidnap,er,253,0,-1,0,0,264,0,0.00962592,1,-1,1.06284,0
hard,kidnap,reloc,253,1,0,1,1,1,0,0.0092894,1,0.00817305,0.649286,2.093
hard,kidnap,reloc_lr,253,1,0,1,1,10,3,0.00957501,1,0.00832148,0.746129,1.42545
hard,kidnap,reloc_dual,253,1,1,0.996667,1,1,0,0.00947357,1,0.00815165,0.593645,1.5397
hard,global,mcl,253,0,-1,0,0,0,0,0,1,-1,0.591525,0
hard,global,aug,253,0,-1,0,0,23,0,0,1,-1,0.546472,0
hard,global,er,253,0,-1,0,0,29,0,0,1,-1,0.647975,0
hard,global,reloc,253,1,97,0.676667,1,2,0,0,1,0.00669166,0.572447,1.4538
hard,global,reloc_lr,253,1,49,0.836667,1,2,0,0,1,0.00662753,0.662843,1.43877
hard,global,reloc_dual,253,1,5,0.99,1,1,0,0,1,0.00660742,0.583161,1.4931
hard,kidnap,mcl,254,0,-1,0,0,0,0,0.00894747,1,-1,0.667042,0
hard,kidnap,aug,254,0,-1,0,0,89,0,0.00900458,1,-1,0.647597,0
hard,kidnap,er,254,0,-1,0,0,294,0,0.00926685,1,-1,1.02109,0
hard,kidnap,reloc,254,1,76,0.746667,1,2,0,0.00895943,1,0.00979734,0.599762,1.64785
hard,kidnap,reloc_lr,254,1,52,0.826667,1,2,0,0.00917868,1,0.00963102,0.629452,1.26684
hard,kidnap,reloc_dual,254,1,84,0.72,1,2,0,0.009118,1,0.0097492,0.619186,1.34875
hard,global,mcl,254,0,-1,0,0,0,0,0,1,-1,0.608202,0
hard,global,aug,254,0,-1,0,0,0,0,0,1,-1,0.642947,0
hard,global,er,254,0,-1,0,0,169,0,0,1,-1,0.871567,0
hard,global,reloc,254,1,103,0.656667,1,2,0,0,1,0.0118511,0.600886,1.6409
hard,global,reloc_lr,254,1,92,0.693333,1,2,0,0,1,0.0116253,0.676195,1.23888
hard,global,reloc_dual,254,1,104,0.653333,1,2,0,0,1,0.0120197,0.616043,1.42185
hard,kidnap,mcl,255,0,-1,0,0,0,0,0.0241599,1,-1,0.518084,0
hard,kidnap,aug,255,1,142,0.526667,1,129,9,0.0254831,1,0.0114868,0.665724,0
hard,kidnap,er,255,0,-1,0,0,248,2,0.0207352,0.99,-1,0.748631,0
hard,kidnap,reloc,255,1,0,1,1,3,2,0.45504,0.94,0.0110721,0.589244,1.3042
hard,kidnap,reloc_lr,255,1,0,1,1,2,0,0.0230956,1,0.0110136,0.667878,1.05151
hard,kidnap,reloc_dual,255,1,1,0.996667,1,1,0,0.0246847,1,0.0110964,0.560878,1.28445
hard,global,mcl,255,0,-1,0,0,0,0,0,1,-1,0.51838,0
hard,global,aug,255,0,-1,0,0,49,0,0,1,-1,0.543323,0
hard,global,er,255,0,-1,0,0,211,0,0,1,-1,0.855892,0
hard,global,reloc,255,1,0,0.983333,1,3,0,0,1,0.00983265,0.527516,1.30733
hard,global,reloc_lr,255,1,47,0.86,1,3,0,0,1,0.00937962,0.579317,1.02479
hard,global,reloc_dual,255,1,48,0.84,1,2,0,0,1,0.00891167,0.620579,1.2504
hard,kidnap,mcl,256,0,-1,0,0,0,0,0.00668947,1,-1,0.616107,0
hard,kidnap,aug,256,1,65,0.783333,1,80,0,0.00671683,1,0.0131041,0.660784,0
hard,kidnap,er,256,0,-1,0,0,198,0,0.00677022,1,-1,0.77931,0
hard,kidnap,reloc,256,1,1,0.996667,1,1,0,0.00670479,1,0.00770608,0.565754,1.5827
hard,kidnap,reloc_lr,256,1,0,1,1,1,0,0.00683623,1,0.00771983,0.659955,1.23752
hard,kidnap,reloc_dual,256,1,1,0.996667,1,1,0,0.00691109,1,0.00800491,0.559355,1.3449
hard,global,mcl,256,0,-1,0,0,0,0,0,1,-1,0.518101,0
hard,global,aug,256,0,-1,0,0,14,0,0,1,-1,0.503981,0
hard,global,er,256,0,-1,0,0,118,0,0,1,-1,0.783847,0
hard,global,reloc,256,1,1,0.996667,1,1,0,0,1,0.00826815,0.547475,1.5201
hard,global,reloc_lr,256,1,1,0.996667,1,2,0,0,1,0.00783751,0.562089,1.54385
hard,global,reloc_dual,256,1,1,0.996667,1,1,0,0,1,0.00810591,0.543301,1.2201
hard,kidnap,mcl,257,0,-1,0,0,0,0,0.00836276,1,-1,0.672971,0
hard,kidnap,aug,257,1,200,0.333333,1,74,0,0.00845298,1,0.0257731,0.718095,0
hard,kidnap,er,257,1,220,0.266667,1,113,0,0.00837458,1,0.0329158,0.784011,0
hard,kidnap,reloc,257,1,0,1,1,1,0,0.00845052,1,0.00876224,0.592038,1.761
hard,kidnap,reloc_lr,257,1,0,1,1,1,0,0.00828016,1,0.00880174,0.621297,1.47987
hard,kidnap,reloc_dual,257,1,1,0.996667,1,1,0,0.00836825,1,0.00864765,0.578443,1.5834
hard,global,mcl,257,0,-1,0,0,0,0,0,1,-1,0.474063,0
hard,global,aug,257,0,-1,0,0,45,0,0,1,-1,0.563075,0
hard,global,er,257,0,-1,0,0,211,0,0,1,-1,0.98785,0
hard,global,reloc,257,1,2,0.993333,1,2,0,0,1,0.00971421,0.619296,2.07595
hard,global,reloc_lr,257,1,2,0.993333,1,3,0,0,1,0.0108732,0.686189,1.60642
hard,global,reloc_dual,257,1,2,0.993333,1,1,0,0,1,0.0114388,0.568948,1.633
hard,kidnap,mcl,258,0,-1,0,0,0,0,0.00897465,1,-1,0.539355,0
hard,kidnap,aug,258,1,13,0.956667,1,12,0,0.00892834,1,0.011951,0.586285,0
hard,kidnap,er,258,0,-1,0,0,177,0,0.00888812,1,-1,0.790554,0
hard,kidnap,reloc,258,1,0,1,1,1,0,0.00923217,1,0.00758797,0.603004,1.7886
hard,kidnap,reloc_lr,258,1,0,1,1,1,0,0.0088511,1,0.00776312,0.5817,1.29603
hard,kidnap,reloc_dual,258,1,1,0.996667,1,1,0,0.00876932,1,0.00773818,0.579757,1.7336
hard,global,mcl,258,0,-1,0,0,0,0,0,1,-1,0.482445,0
hard,global,aug,258,1,0,1,1,0,0,0,1,0.00964635,0.572727,0
hard,global,er,258,0,-1,0,0,104,0,0,1,-1,0.7008,0
hard,global,reloc,258,1,0,1,1,1,0,0,1,0.00706858,0.625219,1.4392
hard,global,reloc_lr,258,1,0,1,1,1,0,0,1,0.00705657,0.572784,1.38857
hard,global,reloc_dual,258,1,1,0.996667,1,1,0,0,1,0.00736652,0.601769,1.3805
hard,kidnap,mcl,259,0,-1,0,0,0,0,0.0103571,1,-1,0.618862,0
hard,kidnap,aug,259,0,-1,0.0166667,1,58,0,0.0100408,1,0.103708,0.655828,0
hard,kidnap,er,259,0,-1,0,0,232,0,0.0102309,1,-1,0.83352,0
hard,kidnap,reloc,259,1,0,0.983333,1,3,0,0.00958601,1,0.00806811,0.641645,1.96333
hard,kidnap,reloc_lr,259,1,0,0.973333,1,6,0,0.009585,1,0.00809245,0.625754,1.40056
hard,kidnap,reloc_dual,259,1,1,0.98,1,3,0,0.0103993,1,0.0080591,0.658439,1.49
hard,global,mcl,259,0,-1,0,0,0,0,0,1,-1,0.331769,0
hard,global,aug,259,0,-1,0,0,25,0,0,1,-1,0.627409,0
hard,global,er,259,0,-1,0,0,221,0,0,1,-1,0.910651,0
hard,global,reloc,259,1,0,1,1,1,0,0,1,0.0101815,0.567995,1.8618
hard,global,reloc_lr,259,1,0,1,1,1,0,0,1,0.0100031,0.617958,1.02268
hard,global,reloc_dual,259,1,1,0.996667,1,1,0,0,1,0.0100508,0.563568,1.3429
hard,kidnap,mcl,260,0,-1,0,0,0,0,0.0112378,1,-1,0.518761,0
hard,kidnap,aug,260,0,-1,0,0,70,0,0.0109563,1,-1,0.618608,0
hard,kidnap,er,260,0,-1,0,0,20,0,0.0112332,1,-1,0.638033,0
hard,kidnap,reloc,260,1,0,1,1,1,0,0.0107566,1,0.00686872,0.603692,1.5469
hard,kidnap,reloc_lr,260,1,0,1,1,1,0,0.0111115,1,0.00690316,0.563826,1.24273
hard,kidnap,reloc_dual,260,1,1,0.996667,1,1,0,0.0109921,1,0.00681976,0.687936,1.7872
hard,global,mcl,260,0,-1,0,0,0,0,0,1,-1,0.409268,0
hard,global,aug,260,1,0,1,1,0,0,0,1,0.0152006,0.687552,0
hard,global,er,260,0,-1,0,0,247,0,0,1,-1,1.10555,0
hard,global,reloc,260,1,62,0.776667,1,6,0,0,1,0.0134808,0.612746,1.43587
hard,global,reloc_lr,260,1,50,0.833333,1,4,0,0,1,0.0144831,0.766909,1.1461
hard,global,reloc_dual,260,1,4,0.773333,1,4,0,0,1,0.00965066,0.613142,1.27982
hard,kidnap,mcl,261,0,-1,0,0,0,0,0.0078974,1,-1,0.600282,0
hard,kidnap,aug,261,0,-1,0,0,144,0,0.00787873,1,-1,0.710306,0
hard,kidnap,er,261,0,-1,0,0,222,0,0.00779461,1,-1,0.846112,0
hard,kidnap,reloc,261,1,1,0.97,1,3,0,0.00781698,1,0.00887511,0.531783,1.3987
hard,kidnap,reloc_lr,261,1,1,0.996667,1,2,0,0.00783341,1,0.0139514,0.630935,1.1349
hard,kidnap,reloc_dual,261,1,1,0.97,1,3,0,0.00778889,1,0.00887423,0.544503,1.324
hard,global,mcl,261,0,-1,0,0,0,0,0,1,-1,0.57504,0
hard,global,aug,261,0,-1,0,0,25,0,0,1,-1,0.503442,0
hard,global,er,261,0,-1,0,0,187,0,0,1,-1,0.79246,0
hard,global,reloc,261,1,0,1,1,1,0,0,1,0.0100654,0.545737,1.4154
hard,global,reloc_lr,261,1,0,1,1,1,0,0,1,0.0105849,0.595583,0.98078
hard,global,reloc_dual,261,1,2,0.993333,1,1,0,0,1,0.01046,0.507025,1.1625
hard,kidnap,mcl,262,0,-1,0,0,0,0,0.00817266,1,-1,0.459928,0
hard,kidnap,aug,262,0,-1,0,0,102,2,0.00863208,1,-1,0.700191,0
hard,kidnap,er,262,0,-1,0,0,264,0,0.0081461,1,-1,0.877804,0
hard,kidnap,reloc,262,1,0,0.976667,1,3,0,0.0082266,1,0.00936224,0.618604,1.45057
hard,kidnap,reloc_lr,262,1,0,1,1,4,1,0.00830105,1,0.0147376,0.718479,1.27835
hard,kidnap,reloc_dual,262,1,1,0.79,0,3,0,0.0084548,1,0.00919746,0.62105,1.39623
hard,global,mcl,262,0,-1,0,0,0,0,0,1,-1,0.536298,0
hard,global,aug,262,1,222,0.26,1,34,0,0,1,0.0224553,0.575992,0
hard,global,er,262,0,-1,0,0,101,0,0,1,-1,0.740582,0
hard,global,reloc,262,1,0,1,1,1,0,0,1,0.00916272,0.558696,1.5912
hard,global,reloc_lr,262,1,0,1,1,1,0,0,1,0.00920051,0.554455,1.9167
hard,global,reloc_dual,262,1,2,0.993333,1,1,0,0,1,0.00905348,0.593165,1.2777
hard,kidnap,mcl,263,0,-1,0,0,0,0,0.0087913,1,-1,0.57808,0
hard,kidnap,aug,263,1,36,0.88,1,39,0,0.00850086,1,0.00980191,0.629723,0
hard,kidnap,er,263,0,-1,0,0,270,0,0.00870626,1,-1,0.870736,0
hard,kidnap,reloc,263,1,0,1,1,1,0,0.00859365,1,0.00715403,0.545138,1.2257
hard,kidnap,reloc_lr,263,1,2,0.993333,1,1,0,0.00875487,1,0.00709755,0.564859,0.940612
hard,kidnap,reloc_dual,263,1,2,0.993333,1,1,0,0.00874763,1,0.00730387,0.557796,1.1719
hard,global,mcl,263,0,-1,0,0,0,0,0,1,-1,0.377719,0
hard,global,aug,263,0,-1,0,0,1,0,0,1,-1,0.532865,0
hard,global,er,263,0,-1,0,0,289,0,0,1,-1,0.879519,0
hard,global,reloc,263,1,0,1,1,1,0,0,1,0.00801359,0.524718,1.2701
hard,global,reloc_lr,263,1,0,1,1,3,0,0,1,0.00815806,0.607285,0.981171
hard,global,reloc_dual,263,1,1,0.996667,1,1,0,0,1,0.00816029,0.572982,1.2229
hard,kidnap,mcl,264,0,-1,0,0,0,0,0.0565188,0.96,-1,0.539856,0
hard,kidnap,aug,264,1,181,0.396667,1,106,20,1.67434,0.76,0.0101658,0.579134,0
hard,kidnap,er,264,0,-1,0,0,235,4,0.100538,0.86,-1,0.818781,0
hard,kidnap,reloc,264,1,146,0.513333,1,11,6,2.41999,0.67,0.0138699,0.729501,1.49804
hard,kidnap,reloc_lr,264,1,10,0.923333,1,31,6,0.235691,0.95,0.0111185,1.07118,1.54235
hard,kidnap,reloc_dual,264,1,43,0.923333,1,7,3,0.988946,0.88,0.0166432,0.753569,1.49907
hard,global,mcl,264,0,-1,0,0,0,0,0,1,-1,0.462821,0
hard,global,aug,264,1,0,1,1,0,0,0,1,0.00828054,0.654487,0
hard,global,er,264,0,-1,0,0,153,0,0,1,-1,0.996895,0
hard,global,reloc,264,1,0,1,1,1,0,0,1,0.00787474,0.727046,2.3299
hard,global,reloc_lr,264,1,0,1,1,4,0,0,1,0.00863492,0.861579,1.51325
hard,global,reloc_dual,264,1,1,0.996667,1,1,0,0,1,0.00782585,0.700633,1.7994
hard,kidnap,mcl,265,0,-1,0,0,0,0,0.00789749,1,-1,0.720221,0
hard,kidnap,aug,265,1,68,0.773333,1,76,0,0.00777162,1,0.0104497,0.771642,0
hard,kidnap,er,265,0,-1,0,0,300,0,0.00761752,1,-1,0.993254,0
hard,kidnap,reloc,265,1,1,0.996667,1,1,0,0.00776109,1,0.00777404,0.587567,1.5449
hard,kidnap,reloc_lr,265,1,42,0.86,1,2,0,0.00775377,1,0.00781417,0.564635,1.12128
hard,kidnap,reloc_dual,265,1,3,0.99,1,1,0,0.00778268,1,0.0076049,0.555255,1.1394
hard,global,mcl,265,0,-1,0,0,0,0,0,1,-1,0.555068,0
hard,global,aug,265,1,258,0.14,1,77,0,0,1,0.0365683,0.5878,0
hard,global,er,265,0,-1,0,0,234,0,0,1,-1,0.899518,0
hard,global,reloc,265,1,2,0.886667,1,4,0,0,1,0.00809941,0.580119,1.28768
hard,global,reloc_lr,265,1,18,0.94,1,2,0,0,1,0.0149288,0.613388,1.02373
hard,global,reloc_dual,265,1,25,0.81,1,4,0,0,1,0.00790451,0.62567,1.24815
hard,kidnap,mcl,266,0,-1,0,0,0,0,0.0113519,1,-1,0.615094,0
hard,kidnap,aug,266,0,-1,0,0,48,0,0.011058,1,-1,0.617749,0
hard,kidnap,er,266,0,-1,0,0,162,0,0.0111782,1,-1,0.715337,0
hard,kidnap,reloc,266,1,133,0.556667,1,2,0,0.0112558,1,0.00580636,0.619907,1.84555
hard,kidnap,reloc_lr,266,1,5,0.986667,1,2,1,0.0112808,1,0.00608035,0.537822,1.37814
hard,kidnap,reloc_dual,266,0,-1,0,0,1,0,0.0110022,1,-1,0.61648,1.4016
hard,global,mcl,266,0,-1,0,0,0,0,0,1,-1,0.516472,0
hard,global,aug,266,0,-1,0,0,29,0,0,1,-1,0.624966,0
hard,global,er,266,0,-1,0,0,83,0,0,1,-1,0.75039,0
hard,global,reloc,266,1,0,1,1,1,0,0,1,0.00748854,0.667674,1.8198
hard,global,reloc_lr,266,1,1,0.996667,1,2,0,0,1,0.00762781,0.629488,1.33781
hard,global,reloc_dual,266,1,1,0.996667,1,1,0,0,1,0.00772709,0.696343,1.6857
hard,kidnap,mcl,267,0,-1,0,0,0,0,0.00641716,1,-1,0.572642,0
hard,kidnap,aug,267,1,23,0.67,0,56,0,0.00631283,1,0.00934026,0.7457,0
hard,kidnap,er,267,0,-1,0,0,122,0,0.00613538,1,-1,0.806519,0
hard,kidnap,reloc,267,1,99,0.403333,0,4,0,0.00621234,1,0.00797221,0.625754,1.76468
hard,kidnap,reloc_lr,267,1,96,0.68,1,8,0,0.00614447,1,0.0150314,0.704677,1.52793
hard,kidnap,reloc_dual,267,1,100,0.403333,0,4,0,0.0061027,1,0.00770505,0.636876,1.4191
hard,global,mcl,267,0,-1,0,0,0,0,0,1,-1,0.489752,0
hard,global,aug,267,0,-1,0,0,44,0,0,1,-1,0.614199,0
hard,global,er,267,0,-1,0,0,88,0,0,1,-1,0.707561,0
hard,global,reloc,267,1,0,1,1,1,0,0,1,0.00939856,0.535627,1.7798
hard,global,reloc_lr,267,1,0,1,1,5,0,0,1,0.00919155,0.681924,1.27314
hard,global,reloc_dual,267,1,1,0.996667,1,1,0,0,1,0.00915096,0.585737,1.9373
hard,kidnap,mcl,268,0,-1,0,0,0,0,0.0116475,1,-1,0.449527,0
hard,kidnap,aug,268,1,25,0.916667,1,18,0,0.0114093,1,0.0169212,0.614228,0
hard,kidnap,er,268,0,-1,0,0,229,0,0.0110997,1,-1,0.784631,0
hard,kidnap,reloc,268,1,0,0.976667,1,6,0,0.0111759,1,0.0121916,0.602898,1.61968
hard,kidnap,reloc_lr,268,1,0,0.98,1,21,2,0.0113644,1,0.0159674,0.775546,1.5839
hard,kidnap,reloc_dual,268,1,1,0.976667,1,3,0,0.0108424,1,0.0108707,0.615047,1.5247
hard,global,mcl,268,0,-1,0,0,0,0,0,1,-1,0.611659,0
hard,global,aug,268,0,-1,0,0,23,0,0,1,-1,0.558573,0
hard,global,er,268,1,1,0.996667,1,2,0,0,1,0.0114306,0.630303,0
hard,global,reloc,268,1,0,1,1,1,0,0,1,0.0113703,0.576449,1.7766
hard,global,reloc_lr,268,1,0,1,1,4,0,0,1,0.0112628,0.784463,1.37505
hard,global,reloc_dual,268,1,1,0.996667,1,1,0,0,1,0.0112768,0.612695,1.3595
hard,kidnap,mcl,269,0,-1,0,0,0,0,0.00826018,1,-1,0.551944,0
hard,kidnap,aug,269,0,-1,0.00333333,0,181,0,0.00826276,1,0.224726,0.699666,0
hard,kidnap,er,269,0,-1,0,0,267,0,0.00837211,1,-1,0.853343,0
hard,kidnap,reloc,269,1,0,1,1,1,0,0.00847525,1,0.00809672,0.563172,1.3175
hard,kidnap,reloc_lr,269,1,0,1,1,1,0,0.00840667,1,0.00819375,0.627702,1.1673
hard,kidnap,reloc_dual,269,1,1,0.996667,1,1,0,0.00847875,1,0.00805627,0.561352,1.1559
hard,global,mcl,269,0,-1,0,0,0,0,0,1,-1,0.552947,0
hard,global,aug,269,0,-1,0,0,0,0,0,1,-1,0.520016,0
hard,global,er,269,0,-1,0,0,93,0,0,1,-1,0.635036,0
hard,global,reloc,269,1,1,0.92,1,12,0,0,1,0.0204847,0.581682,1.31627
hard,global,reloc_lr,269,1,0,0.916667,1,29,0,0,1,0.0200922,0.754021,1.0932
hard,global,reloc_dual,269,1,1,0.93,1,5,0,0,1,0.0212314,0.599364,1.22089
hard,kidnap,mcl,270,0,-1,0,0,0,0,0.00959148,1,-1,0.544843,0
hard,kidnap,aug,270,1,247,0.176667,1,242,0,0.0090712,1,0.0679518,0.707639,0
hard,kidnap,er,270,0,-1,0,0,258,0,0.00905978,1,-1,0.71976,0
hard,kidnap,reloc,270,1,149,0.503333,1,2,0,0.00900006,1,0.013164,0.575043,1.73975
hard,kidnap,reloc_lr,270,1,74,0.753333,1,7,0,0.00917407,1,0.0125646,0.608602,1.25331
hard,kidnap,reloc_dual,270,1,149,0.503333,1,2,0,0.00917381,1,0.01266,0.527524,1.21395
hard,global,mcl,270,0,-1,0,0,0,0,0,1,-1,0.52159,0
hard,global,aug,270,0,-1,0,0,21,0,0,1,-1,0.586937,0
hard,global,er,270,0,-1,0,0,111,0,0,1,-1,0.786498,0
hard,global,reloc,270,1,41,0.863333,1,2,0,0,1,0.00935939,0.640563,1.45455
hard,global,reloc_lr,270,1,42,0.86,1,4,0,0,1,0.00941545,0.643937,1.27525
hard,global,reloc_dual,270,1,42,0.863333,1,2,0,0,1,0.0103028,0.621735,1.3813
hard,kidnap,mcl,271,0,-1,0,0,0,0,0.0106423,1,-1,0.522134,0
hard,kidnap,aug,271,1,262,0.126667,1,94,0,0.0107053,1,0.0079823,0.6622,0
hard,kidnap,er,271,0,-1,0,0,261,0,0.0106947,1,-1,0.844004,0
hard,kidnap,reloc,271,1,1,0.996667,1,1,0,0.0105833,1,0.00813331,0.570318,1.8147
hard,kidnap,reloc_lr,271,1,0,1,1,6,5,0.0107964,1,0.00812441,0.713986,1.10852
hard,kidnap,reloc_dual,271,1,1,0.996667,1,1,0,0.0107892,1,0.00809053,0.593686,1.8421
hard,global,mcl,271,0,-1,0,0,0,0,0,1,-1,0.566405,0
hard,global,aug,271,0,-1,0,0,28,0,0,1,-1,0.584701,0
hard,global,er,271,0,-1,0,0,113,0,0,1,-1,0.826059,0
hard,global,reloc,271,1,5,0.983333,1,6,0,0,1,0.0176437,0.679217,1.61023
hard,global,reloc_lr,271,1,0,1,1,74,0,0,1,0.0188521,1.33821,1.67444
hard,global,reloc_dual,271,1,6,0.98,1,1,0,0,1,0.0176756,0.626231,1.30692
hard,kidnap,mcl,272,0,-1,0,0,0,0,0.00737117,1,-1,0.5673,0
hard,kidnap,aug,272,0,-1,0.02,1,230,0,0.00737107,1,0.225107,0.712751,0
hard,kidnap,er,272,0,-1,0,0,216,0,0.00739668,1,-1,0.821158,0
hard,kidnap,reloc,272,1,0,0.666667,1,4,0,0.00743967,1,0.00925389,0.67591,1.3892
hard,kidnap,reloc_lr,272,1,0,0.753333,1,13,1,0.0073807,1,0.00899666,0.774305,1.26788
hard,kidnap,reloc_dual,272,1,1,0.663333,1,4,0,0.00719355,1,0.00942902,0.606212,1.28225
hard,global,mcl,272,0,-1,0,0,0,0,0,1,-1,0.490159,0
hard,global,aug,272,1,220,0.266667,1,31,0,0,1,0.0201241,0.539882,0
hard,global,er,272,0,-1,0,0,270,0,0,1,-1,0.94027,0
hard,global,reloc,272,1,0,1,1,1,0,0,1,0.0096241,0.609012,1.5984
hard,global,reloc_lr,272,1,1,0.996667,1,8,0,0,1,0.00871048,0.662626,1.25618
hard,global,reloc_dual,272,1,1,0.996667,1,1,0,0,1,0.0104621,0.637486,1.2288
hard,kidnap,mcl,273,0,-1,0,0,0,0,0.0156438,1,-1,0.579555,0
hard,kidnap,aug,273,0,-1,0,0,62,0,0.0168674,1,-1,0.583278,0
hard,kidnap,er,273,0,-1,0,0,286,0,0.0148329,1,-1,0.825225,0
hard,kidnap,reloc,273,1,2,0.39,1,4,0,0.0153169,1,0.00956349,0.612511,1.3841
hard,kidnap,reloc_lr,273,1,0,0.673333,1,10,3,0.015048,1,0.00855775,0.621178,1.0741
hard,kidnap,reloc_dual,273,1,1,0.393333,1,4,0,0.014619,1,0.0100139,0.626415,1.28163
hard,global,mcl,273,0,-1,0,0,0,0,0,1,-1,0.367267,0
hard,global,aug,273,0,-1,0,0,46,0,0,1,-1,0.541895,0
hard,global,er,273,0,-1,0,0,216,0,0,1,-1,0.738241,0
hard,global,reloc,273,1,7,0.986667,1,1,0,0,1,0.0119712,0.534214,1.201
hard,global,reloc_lr,273,1,7,0.99,1,8,0,0,1,0.0128875,0.646296,0.963482
hard,global,reloc_dual,273,1,2,0.993333,1,1,0,0,1,0.0114915,0.566515,1.1341
hard,kidnap,mcl,274,0,-1,0,0,0,0,0.0147855,1,-1,0.604434,0
hard,kidnap,aug,274,1,13,0.956667,1,35,0,0.014717,1,0.0133719,0.569275,0
hard,kidnap,er,274,0,-1,0,0,277,0,0.0142866,1,-1,0.860373,0
hard,kidnap,reloc,274,1,0,0.81,1,6,0,0.0146704,1,0.00921524,0.603837,1.51078
hard,kidnap,reloc_lr,274,1,0,0.986667,1,10,1,0.0145941,1,0.0141657,0.727693,1.08802
hard,kidnap,reloc_dual,274,1,1,0.773333,0,2,0,0.0152442,1,0.00752582,0.721647,1.30903
hard,global,mcl,274,0,-1,0,0,0,0,0,1,-1,0.505277,0
hard,global,aug,274,0,-1,0,0,0,0,0,1,-1,0.574803,0
hard,global,er,274,1,255,0.15,1,177,0,0,1,0.0144757,0.7551,0
hard,global,reloc,274,1,0,1,1,1,0,0,1,0.010592,0.54266,1.2043
hard,global,reloc_lr,274,1,0,1,1,4,0,0,1,0.0104868,0.707781,1.15594
hard,global,reloc_dual,274,1,1,0.996667,1,1,0,0,1,0.0107685,0.540657,1.1589
hard,kidnap,mcl,275,0,-1,0,0,0,0,0.0063321,1,-1,0.654776,0
hard,kidnap,aug,275,1,230,0.233333,1,75,0,0.00627265,1,0.00925306,0.644361,0
hard,kidnap,er,275,0,-1,0,0,218,0,0.00637915,1,-1,0.894206,0
hard,kidnap,reloc,275,1,64,0.79,1,4,0,0.00635543,1,0.00774091,0.588341,1.39425
hard,kidnap,reloc_lr,275,1,61,0.8,1,14,0,0.00630295,1,0.00645508,0.728775,1.25887
hard,kidnap,reloc_dual,275,1,83,0.723333,1,3,0,0.00646201,1,0.00618582,0.618324,1.2771
hard,global,mcl,275,0,-1,0,0,0,0,0,1,-1,0.423792,0
hard,global,aug,275,0,-1,0,0,38,0,0,1,-1,0.595682,0
hard,global,er,275,0,-1,0,0,174,0,0,1,-1,0.837877,0
hard,global,reloc,275,1,0,0.616667,1,5,0,0,1,0.00922565,0.59044,1.47506
hard,global,reloc_lr,275,1,0,0.83,1,8,0,0,1,0.014249,0.824503,1.15793
hard,global,reloc_dual,275,1,1,0.613333,1,4,0,0,1,0.00885387,0.652835,1.21377
hard,kidnap,mcl,276,0,-1,0,0,0,0,0.00899735,1,-1,0.509198,0
hard,kidnap,aug,276,1,13,0.956667,1,11,0,0.00904675,1,0.0154013,0.542044,0
hard,kidnap,er,276,0,-1,0,0,242,0,0.00908285,1,-1,0.724099,0
hard,kidnap,reloc,276,1,0,1,1,1,0,0.00923672,1,0.0088949,0.526772,1.736
hard,kidnap,reloc_lr,276,1,0,1,1,21,4,0.00921365,1,0.00913396,0.663171,1.12507
hard,kidnap,reloc_dual,276,1,1,0.996667,1,1,0,0.00914151,1,0.00913043,0.562563,1.3165
hard,global,mcl,276,1,0,1,1,0,0,0,1,0.0224597,0.552422,0
hard,global,aug,276,0,-1,0,0,0,0,0,1,-1,0.542508,0
hard,global,er,276,0,-1,0,0,45,0,0,1,-1,0.582133,0
hard,global,reloc,276,1,3,0.363333,0,4,0,0,1,0.00963838,0.537384,1.33465
hard,global,reloc_lr,276,1,3,0.953333,1,6,0,0,1,0.0147131,0.714337,1.12212
hard,global,reloc_dual,276,1,3,0.956667,1,4,0,0,1,0.0148752,0.551198,1.2233
hard,kidnap,mcl,277,0,-1,0,0,0,0,0.0109883,1,-1,0.525478,0
hard,kidnap,aug,277,1,79,0.736667,1,86,0,0.0112271,1,0.01376,0.632737,0
hard,kidnap,er,277,0,-1,0,0,284,0,0.0109856,1,-1,0.83524,0
hard,kidnap,reloc,277,1,0,1,1,1,0,0.0108615,1,0.00878518,0.568164,1.219
hard,kidnap,reloc_lr,277,1,0,1,1,2,0,0.0107615,1,0.00852255,0.662418,1.13516
hard,kidnap,reloc_dual,277,1,1,0.996667,1,1,0,0.0106827,1,0.00791395,0.577182,1.0915
hard,global,mcl,277,0,-1,0,0,0,0,0,1,-1,0.573285,0
hard,global,aug,277,0,-1,0,0,0,0,0,1,-1,0.584003,0
hard,global,er,277,0,-1,0,0,276,0,0,1,-1,0.92255,0
hard,global,reloc,277,1,0,1,1,2,0,0,1,0.00846592,0.592373,1.25345
hard,global,reloc_lr,277,1,12,0.96,1,4,0,0,1,0.00749722,0.621666,0.885509
hard,global,reloc_dual,277,1,58,0.806667,1,2,0,0,1,0.00640486,0.547752,1.05315
hard,kidnap,mcl,278,0,-1,0,0,0,0,0.0104992,1,-1,0.539206,0
hard,kidnap,aug,278,1,216,0.28,1,89,0,0.0104561,1,0.0218985,0.605467,0
hard,kidnap,er,278,0,-1,0,0,246,0,0.0110388,1,-1,0.754658,0
hard,kidnap,reloc,278,1,188,0.383333,1,5,0,0.0105703,1,0.0117781,0.538642,1.23324
hard,kidnap,reloc_lr,278,1,30,0.37,0,6,1,0.0107506,1,0.0114823,0.532611,1.02825
hard,kidnap,reloc_dual,278,1,30,0.773333,1,3,0,0.0103991,1,0.0184977,0.552466,1.21445
hard,global,mcl,278,0,-1,0,0,0,0,0,1,-1,0.539446,0
hard,global,aug,278,1,0,1,1,0,0,0,1,0.00832873,0.570847,0
hard,global,er,278,0,-1,0,0,296,0,0,1,-1,0.890899,0
hard,global,reloc,278,1,21,0.956667,1,1,0,0,1,0.00764754,0.586879,1.5141
hard,global,reloc_lr,278,1,128,0.573333,1,8,0,0,1,0.00711728,0.555593,1.59314
hard,global,reloc_dual,278,1,134,0.553333,1,1,0,0,1,0.00728469,0.613888,1.2391
hard,kidnap,mcl,279,0,-1,0,0,0,0,0.0088456,1,-1,0.486783,0
hard,kidnap,aug,279,0,-1,0,0,95,0,0.00882552,1,-1,0.561139,0
hard,kidnap,er,279,0,-1,0,0,154,0,0.0088988,1,-1,0.715225,0
hard,kidnap,reloc,279,1,0,1,1,1,0,0.0085997,1,0.0109346,0.56134,1.3416
hard,kidnap,reloc_lr,279,1,0,1,1,1,0,0.00907683,1,0.010722,0.61587,1.08247
hard,kidnap,reloc_dual,279,1,1,0.996667,1,1,0,0.00885067,1,0.0107921,0.620423,1.2355
hard,global,mcl,279,0,-1,0,0,0,0,0,1,-1,0.398153,0
hard,global,aug,279,0,-1,0,0,54,0,0,1,-1,0.588226,0
hard,global,er,279,0,-1,0,0,50,0,0,1,-1,0.644244,0
hard,global,reloc,279,1,0,1,1,1,0,0,1,0.00976672,0.567541,2.2195
hard,global,reloc_lr,279,1,0,1,1,2,0,0,1,0.00971829,0.674994,1.59792
hard,global,reloc_dual,279,1,1,0.996667,1,1,0,0,1,0.00992708,0.557672,2.125
hard,kidnap,mcl,280,0,-1,0,0,0,0,0.00875106,1,-1,0.633272,0
hard,kidnap,aug,280,1,16,0.946667,1,17,3,0.00871384,1,0.0107186,0.696831,0
hard,kidnap,er,280,0,-1,0,0,259,0,0.00871454,1,-1,0.922832,0
hard,kidnap,reloc,280,1,0,1,1,1,0,0.00857123,1,0.00860699,0.636988,2.0539
hard,kidnap,reloc_lr,280,1,91,0.696667,1,12,9,0.574021,0.95,0.00906077,0.711638,1.59924
hard,kidnap,reloc_dual,280,1,1,0.996667,1,1,0,0.00877673,1,0.00884435,0.584624,1.6065
hard,global,mcl,280,0,-1,0,0,0,0,0,1,-1,0.362734,0
hard,global,aug,280,1,1,0.996667,1,0,0,0,1,0.0142686,0.628422,0
hard,global,er,280,0,-1,0,0,262,0,0,1,-1,1.01402,0
hard,global,reloc,280,1,0,1,1,1,0,0,1,0.00889606,0.579138,1.6093
hard,global,reloc_lr,280,1,0,1,1,11,0,0,1,0.00888458,0.657232,1.31944
hard,global,reloc_dual,280,1,24,0.923333,1,2,0,0,1,0.0100663,0.571498,1.147
hard,kidnap,mcl,281,0,-1,0,0,0,0,0.00930115,1,-1,0.542377,0
hard,kidnap,aug,281,1,251,0.163333,1,134,0,0.00891941,1,0.0292737,0.65922,0
hard,kidnap,er,281,0,-1,0,0,222,0,0.00897691,1,-1,0.813318,0
hard,kidnap,reloc,281,1,0,1,1,1,0,0.0091112,1,0.00730794,0.652484,1.5338
hard,kidnap,reloc_lr,281,1,0,1,1,1,0,0.00904693,1,0.0073347,0.585688,1.22238
hard,kidnap,reloc_dual,281,1,1,0.996667,1,1,0,0.00911474,1,0.00734095,0.591978,1.3927
hard,global,mcl,281,0,-1,0,0,0,0,0,1,-1,0.544784,0
hard,global,aug,281,0,-1,0,0,36,0,0,1,-1,0.551102,0
hard,global,er,281,0,-1,0,0,141,0,0,1,-1,0.756302,0
hard,global,reloc,281,1,0,1,1,1,0,0,1,0.0109166,0.673982,2.0885
hard,global,reloc_lr,281,1,0,1,1,1,0,0,1,0.0108995,0.694021,1.1687
hard,global,reloc_dual,281,1,1,0.996667,1,1,0,0,1,0.0108391,0.557955,1.9109
hard,kidnap,mcl,282,0,-1,0,0,0,0,0.0119864,1,-1,0.588188,0
hard,kidnap,aug,282,0,-1,0,0,245,0,0.0114257,1,-1,0.702589,0
hard,kidnap,er,282,0,-1,0,0,283,1,0.0185764,1,-1,0.864793,0
hard,kidnap,reloc,282,1,0,1,1,4,1,0.0114936,1,0.0124704,0.647133,1.4435
hard,kidnap,reloc_lr,282,1,0,1,1,16,7,0.0115975,1,0.0123038,0.940441,1.32235
hard,kidnap,reloc_dual,282,1,1,0.996667,1,1,0,0.0120801,1,0.0122165,0.659274,1.48955
hard,global,mcl,282,0,-1,0,0,0,0,0,1,-1,0.687488,0
hard,global,aug,282,1,4,0.946667,1,0,0,0,1,0.028775,0.766782,0
hard,global,er,282,0,-1,0,0,157,0,0,1,-1,1.05504,0
hard,global,reloc,282,1,1,0.776667,1,5,0,0,1,0.0182222,0.818593,1.90684
hard,global,reloc_lr,282,1,0,0.786667,1,16,0,0,1,0.0174196,0.944837,1.62421
hard,global,reloc_dual,282,1,1,0.773333,1,5,0,0,1,0.0180663,0.648208,1.41116
hard,kidnap,mcl,283,0,-1,0,0,0,0,0.0104299,1,-1,0.582622,0
hard,kidnap,aug,283,0,-1,0,0,75,0,0.0111897,1,-1,0.696908,0
hard,kidnap,er,283,0,-1,0,0,289,3,0.0123995,1,-1,0.88422,0
hard,kidnap,reloc,283,1,0,0.99,0,5,1,0.0110039,1,0.00824188,0.58152,1.28764
hard,kidnap,reloc_lr,283,1,0,1,1,4,2,0.010656,1,0.00839304,0.62433,0.969218
hard,kidnap,reloc_dual,283,1,1,0.99,0,2,0,0.0108606,1,0.00799401,0.603429,1.10347
hard,global,mcl,283,0,-1,0,0,0,0,0,1,-1,0.515685,0
hard,global,aug,283,1,238,0.206667,1,46,0,0,1,0.0190279,0.558967,0
hard,global,er,283,0,-1,0,0,52,0,0,1,-1,0.754697,0
hard,global,reloc,283,1,0,1,1,1,0,0,1,0.00884114,0.615864,1.8201
hard,global,reloc_lr,283,1,0,1,1,1,0,0,1,0.00879997,0.670826,1.04762
hard,global,reloc_dual,283,1,1,0.996667,1,1,0,0,1,0.00891336,0.561112,1.1698
hard,kidnap,mcl,284,0,-1,0,0,0,0,0.0107745,1,-1,0.587754,0
hard,kidnap,aug,284,0,-1,0.00666667,1,157,0,0.0103296,1,0.0719248,0.672534,0
hard,kidnap,er,284,0,-1,0,0,251,0,0.0106162,1,-1,0.871004,0
hard,kidnap,reloc,284,1,12,0.876667,1,4,0,0.0103582,1,0.00998547,0.566004,1.38402
hard,kidnap,reloc_lr,284,1,12,0.89,1,49,24,0.0101112,1,0.00954061,0.901233,1.19768
hard,kidnap,reloc_dual,284,1,82,0.63,1,5,0,0.0105261,1,0.0112363,0.584508,1.12592
hard,global,mcl,284,0,-1,0,0,0,0,0,1,-1,0.479332,0
hard,global,aug,284,1,61,0.796667,1,31,0,0,1,0.0157525,0.573067,0
hard,global,er,284,0,-1,0,0,289,0,0,1,-1,0.940461,0
hard,global,reloc,284,1,0,1,1,1,0,0,1,0.00933402,0.552509,1.7191
hard,global,reloc_lr,284,1,0,1,1,52,0,0,1,0.00931274,0.87086,1.3024
hard,global,reloc_dual,284,1,1,0.996667,1,1,0,0,1,0.00952918,0.508678,1.5579
hard,kidnap,mcl,285,0,-1,0,0,0,0,0.00708868,1,-1,0.536158,0
hard,kidnap,aug,285,1,286,0.0466667,1,233,0,0.0069999,1,0.0829703,0.821742,0
hard,kidnap,er,285,0,-1,0,0,269,0,0.00708584,1,-1,0.86024,0
hard,kidnap,reloc,285,1,0,0.676667,1,5,0,0.00715736,1,0.00958025,0.577966,1.63078
hard,kidnap,reloc_lr,285,1,0,1,1,6,0,0.00717799,1,0.0107402,0.692886,1.18781
hard,kidnap,reloc_dual,285,1,1,0.676667,1,3,0,0.00730137,1,0.00946977,0.624506,1.59283
hard,global,mcl,285,0,-1,0,0,0,0,0,1,-1,0.523841,0
hard,global,aug,285,0,-1,0,0,7,0,0,1,-1,0.651052,0
hard,global,er,285,0,-1,0,0,102,0,0,1,-1,0.704586,0
hard,global,reloc,285,1,0,1,1,1,0,0,1,0.00965239,0.596307,1.8195
hard,global,reloc_lr,285,1,0,1,1,1,0,0,1,0.0094055,0.586085,1.1452
hard,global,reloc_dual,285,1,1,0.996667,1,1,0,0,1,0.00952783,0.579882,1.3117
hard,kidnap,mcl,286,0,-1,0,0,0,0,0.00770997,1,-1,0.632177,0
hard,kidnap,aug,286,1,170,0.433333,1,122,0,0.00757804,1,0.0130999,0.722859,0
hard,kidnap,er,286,0,-1,0,0,246,0,0.00770008,1,-1,0.933408,0
hard,kidnap,reloc,286,1,0,1,1,1,0,0.00776681,1,0.00643044,0.557058,1.6005
hard,kidnap,reloc_lr,286,1,0,1,1,1,0,0.00759921,1,0.00645732,0.586304,1.32385
hard,kidnap,reloc_dual,286,1,1,0.996667,1,1,0,0.00774893,1,0.00655113,0.561243,1.2186
hard,global,mcl,286,0,-1,0,0,0,0,0,1,-1,0.545681,0
hard,global,aug,286,0,-1,0,0,141,0,0,1,-1,0.578998,0
hard,global,er,286,0,-1,0,0,194,0,0,1,-1,0.712078,0
hard,global,reloc,286,1,0,1,1,1,0,0,1,0.0093387,0.573821,1.5255
hard,global,reloc_lr,286,1,0,1,1,4,0,0,1,0.0096129,0.680342,1.18592
hard,global,reloc_dual,286,1,1,0.996667,1,1,0,0,1,0.00950414,0.638112,1.2974
hard,kidnap,mcl,287,0,-1,0,0,0,0,0.0074689,1,-1,0.504459,0
hard,kidnap,aug,287,0,-1,0,0,138,0,0.00687492,1,-1,0.661799,0
hard,kidnap,er,287,0,-1,0,0,281,0,0.00702946,1,-1,0.852536,0
hard,kidnap,reloc,287,1,0,0.973333,1,3,0,0.00744312,1,0.00979577,0.637878,1.55467
hard,kidnap,reloc_lr,287,1,0,0.953333,1,6,1,0.00753351,1,0.00910701,0.66691,1.58608
hard,kidnap,reloc_dual,287,1,1,0.966667,1,4,0,0.00760976,1,0.00992079,0.569657,1.65995
hard,global,mcl,287,0,-1,0,0,0,0,0,1,-1,0.548154,0
hard,global,aug,287,1,43,0.856667,1,8,0,0,1,0.0216808,0.547204,0
hard,global,er,287,0,-1,0,0,226,0,0,1,-1,0.852473,0
hard,global,reloc,287,1,0,0.973333,1,4,0,0,1,0.0109787,0.63576,2.0219
hard,global,reloc_lr,287,1,0,1,1,9,0,0,1,0.0142567,0.775148,1.71168
hard,global,reloc_dual,287,1,1,0.966667,1,4,0,0,1,0.0110182,0.616245,1.88093
hard,kidnap,mcl,288,0,-1,0,0,0,0,0.0123325,1,-1,0.535006,0
hard,kidnap,aug,288,1,38,0.873333,1,40,0,0.0117286,1,0.00939587,0.612965,0
hard,kidnap,er,288,0,-1,0,0,281,0,0.0123981,1,-1,0.765539,0
hard,kidnap,reloc,288,1,10,0.966667,1,2,0,0.0123096,1,0.00888406,0.539629,1.9438
hard,kidnap,reloc_lr,288,1,4,0.986667,1,16,8,0.012072,1,0.00843354,0.750563,1.73019
hard,kidnap,reloc_dual,288,1,12,0.96,1,2,0,0.0122894,1,0.0084883,0.611399,1.76545
hard,global,mcl,288,0,-1,0,0,0,0,0,1,-1,0.619478,0
hard,global,aug,288,0,-1,0,0,93,0,0,1,-1,0.649734,0
hard,global,er,288,0,-1,0,0,200,0,0,1,-1,0.845793,0
hard,global,reloc,288,1,93,0.65,1,12,0,0,1,0.0181913,0.67287,1.78582
hard,global,reloc_lr,288,1,72,0.736667,1,39,0,0,1,0.0199732,1.15316,1.4319
hard,global,reloc_dual,288,1,65,0.723333,1,5,0,0,1,0.0118825,0.655648,1.2399
hard,kidnap,mcl,289,0,-1,0,0,0,0,0.0201549,1,-1,0.494672,0
hard,kidnap,aug,289,0,-1,0,0,70,0,0.0211987,1,-1,0.500873,0
hard,kidnap,er,289,0,-1,0,0,159,0,0.0211559,1,-1,0.62347,0
hard,kidnap,reloc,289,1,0,1,1,1,0,0.0211634,1,0.0170486,0.58622,1.5517
hard,kidnap,reloc_lr,289,1,0,1,1,18,8,4.20127,0.38,0.0218507,0.632816,1.1062
hard,kidnap,reloc_dual,289,1,4,0.986667,1,1,0,0.0206396,1,0.0186721,0.511995,1.2941
hard,global,mcl,289,0,-1,0,0,0,0,0,1,-1,0.519874,0
hard,global,aug,289,0,-1,0,0,11,0,0,1,-1,0.627188,0
hard,global,er,289,0,-1,0,0,188,0,0,1,-1,0.812047,0
hard,global,reloc,289,1,4,0.996667,1,2,0,0,1,0.0267245,0.673179,1.82875
hard,global,reloc_lr,289,1,0,0.753333,1,26,0,0,1,0.00958903,0.795181,1.45426
hard,global,reloc_dual,289,1,4,0.986667,1,1,0,0,1,0.0270586,0.66587,1.6226
hard,kidnap,mcl,290,0,-1,0,0,0,0,0.00606375,1,-1,0.68346,0
hard,kidnap,aug,290,1,108,0.64,1,34,0,0.00658955,1,0.0155022,0.709028,0
hard,kidnap,er,290,0,-1,0,0,297,0,0.00621186,1,-1,1.08224,0
hard,kidnap,reloc,290,1,0,1,1,1,0,0.00630208,1,0.00783154,0.574408,1.4489
hard,kidnap,reloc_lr,290,1,0,1,1,5,4,0.00604308,1,0.00786386,0.633548,1.22597
hard,kidnap,reloc_dual,290,1,1,0.996667,1,1,0,0.00633187,1,0.00779243,0.613959,1.4933
hard,global,mcl,290,0,-1,0,0,0,0,0,1,-1,0.569083,0
hard,global,aug,290,0,-1,0,0,27,0,0,1,-1,0.615279,0
hard,global,er,290,0,-1,0,0,292,0,0,1,-1,0.89651,0
hard,global,reloc,290,1,0,1,1,1,0,0,1,0.00994681,0.551402,1.256
hard,global,reloc_lr,290,1,0,1,1,17,0,0,1,0.00965871,0.724169,1.18207
hard,global,reloc_dual,290,1,1,0.996667,1,1,0,0,1,0.0099443,0.604019,1.0598
hard,kidnap,mcl,291,0,-1,0,0,0,0,0.00763492,1,-1,0.477638,0
hard,kidnap,aug,291,1,228,0.24,1,94,0,0.00780662,1,0.036022,0.620978,0
hard,kidnap,er,291,0,-1,0,0,250,0,0.00755577,1,-1,0.77791,0
hard,kidnap,reloc,291,1,0,0.993333,0,4,0,0.00782061,1,0.0120481,0.561779,1.3463
hard,kidnap,reloc_lr,291,1,0,1,1,2,0,0.00787263,1,0.0130234,0.637188,1.07284
hard,kidnap,reloc_dual,291,1,1,0.993333,0,2,0,0.00786924,1,0.0121394,0.576188,1.29673
hard,global,mcl,291,0,-1,0,0,0,0,0,1,-1,0.54226,0
hard,global,aug,291,0,-1,0,0,22,0,0,1,-1,0.600269,0
hard,global,er,291,0,-1,0,0,87,0,0,1,-1,0.641025,0
hard,global,reloc,291,1,0,1,1,1,0,0,1,0.0111794,0.609973,1.4383
hard,global,reloc_lr,291,1,0,1,1,2,0,0,1,0.0111073,0.576772,1.05088
hard,global,reloc_dual,291,1,3,0.966667,1,1,0,0,1,0.0109879,0.60662,1.3225
hard,kidnap,mcl,292,0,-1,0,0,0,0,0.0081193,1,-1,0.532534,0
hard,kidnap,aug,292,1,46,0.846667,1,36,0,0.00809762,1,0.0114709,0.662651,0
hard,kidnap,er,292,0,-1,0,0,152,0,0.00820178,1,-1,0.746269,0
hard,kidnap,reloc,292,1,0,1,1,1,0,0.00838382,1,0.0111634,0.647995,1.4733
hard,kidnap,reloc_lr,292,1,0,1,1,2,0,0.00837422,1,0.0108577,0.629355,1.3895
hard,kidnap,reloc_dual,292,1,1,0.996667,1,1,0,0.00829711,1,0.0112079,0.620055,1.6273
hard,global,mcl,292,0,-1,0,0,0,0,0,1,-1,0.650928,0
hard,global,aug,292,0,-1,0,0,43,0,0,1,-1,0.650107,0
hard,global,er,292,0,-1,0,0,61,0,0,1,-1,0.790708,0
hard,global,reloc,292,1,0,1,1,1,0,0,1,0.0130285,0.660473,1.9747
hard,global,reloc_lr,292,1,0,1,1,8,0,0,1,0.0131958,0.706204,1.48345
hard,global,reloc_dual,292,1,1,0.996667,1,1,0,0,1,0.0129529,0.63113,1.7893
hard,kidnap,mcl,293,0,-1,0,0,0,0,0.0157163,1,-1,0.569442,0
hard,kidnap,aug,293,0,-1,0,0,100,0,0.0169623,1,-1,0.736015,0
hard,kidnap,er,293,0,-1,0,0,209,0,0.0162722,1,-1,0.853644,0
hard,kidnap,reloc,293,1,0,1,1,1,0,0.0167956,1,0.00895415,0.625009,1.6486
hard,kidnap,reloc_lr,293,1,0,1,1,2,0,0.0166645,1,0.00936049,0.610708,1.37432
hard,kidnap,reloc_dual,293,1,1,0.996667,1,1,0,0.0167075,1,0.00901697,0.62524,1.6748
hard,global,mcl,293,0,-1,0,0,0,0,0,1,-1,0.531364,0
hard,global,aug,293,0,-1,0,0,48,0,0,1,-1,0.599792,0
hard,global,er,293,0,-1,0,0,123,0,0,1,-1,0.850952,0
hard,global,reloc,293,1,1,0.996667,1,1,0,0,1,0.00843491,0.630325,2.1291
hard,global,reloc_lr,293,1,0,1,1,1,0,0,1,0.00834182,0.666828,1.82145
hard,global,reloc_dual,293,1,96,0.703333,1,2,0,0,1,0.00769323,0.630195,1.4421
hard,kidnap,mcl,294,0,-1,0,0,0,0,0.00698421,1,-1,0.726172,0
hard,kidnap,aug,294,0,-1,0,0,192,0,0.00682354,1,-1,0.781105,0
hard,kidnap,er,294,0,-1,0,0,136,0,0.00712218,1,-1,0.810403,0
hard,kidnap,reloc,294,1,0,1,1,1,0,0.0067249,1,0.0110596,0.583994,1.5097
hard,kidnap,reloc_lr,294,1,2,0.996667,1,16,0,0.00659373,1,0.0109556,0.697854,1.51363
hard,kidnap,reloc_dual,294,1,1,0.996667,1,1,0,0.00684894,1,0.0109996,0.606186,1.2957
hard,global,mcl,294,0,-1,0,0,0,0,0,1,-1,0.515858,0
hard,global,aug,294,1,227,0.243333,1,59,0,0,1,0.0180376,0.632412,0
hard,global,er,294,0,-1,0,0,27,0,0,1,-1,0.614091,0
hard,global,reloc,294,1,0,0.99,1,4,0,0,1,0.00786377,0.633636,1.66037
hard,global,reloc_lr,294,1,0,1,1,1,0,0,1,0.00935835,0.726645,1.31883
hard,global,reloc_dual,294,1,1,0.986667,1,3,0,0,1,0.00813512,0.674816,1.44683
hard,kidnap,mcl,295,0,-1,0,0,0,0,0.0126734,1,-1,0.568469,0
hard,kidnap,aug,295,0,-1,0,0,117,0,0.0125829,1,-1,0.756691,0
hard,kidnap,er,295,0,-1,0,0,188,0,0.0133587,1,-1,0.860598,0
hard,kidnap,reloc,295,1,0,0.856667,1,3,0,0.0128844,1,0.0178162,0.545752,1.58373
hard,kidnap,reloc_lr,295,1,0,1,1,26,25,0.32913,0.97,0.0176022,0.712579,1.20298
hard,kidnap,reloc_dual,295,1,1,0.996667,1,1,0,0.0128019,1,0.0171158,0.664853,1.6694
hard,global,mcl,295,0,-1,0,0,0,0,0,1,-1,0.433885,0
hard,global,aug,295,0,-1,0,0,16,0,0,1,-1,0.535402,0
hard,global,er,295,1,248,0.173333,1,127,0,0,1,0.0109829,0.705301,0
hard,global,reloc,295,1,0,1,1,1,0,0,1,0.00780384,0.620277,1.3925
hard,global,reloc_lr,295,1,0,1,1,2,0,0,1,0.00778813,0.605685,1.23118
hard,global,reloc_dual,295,1,1,0.996667,1,1,0,0,1,0.00783935,0.553536,1.1579
hard,kidnap,mcl,296,0,-1,0,0,0,0,0.0103891,1,-1,0.615528,0
hard,kidnap,aug,296,0,-1,0,0,144,0,0.0103549,1,-1,0.739734,0
hard,kidnap,er,296,0,-1,0,0,220,0,0.0108252,1,-1,0.890759,0
hard,kidnap,reloc,296,1,6,0.966667,1,4,0,0.0105164,1,0.0103561,0.584312,1.4835
hard,kidnap,reloc_lr,296,1,1,0.976667,1,4,0,0.0105595,1,0.00988228,0.622764,1.14693
hard,kidnap,reloc_dual,296,1,1,0.976667,1,3,0,0.0105173,1,0.010141,0.58618,1.24217
hard,global,mcl,296,0,-1,0,0,0,0,0,1,-1,0.614969,0
hard,global,aug,296,0,-1,0,0,73,0,0,1,-1,0.601129,0
hard,global,er,296,0,-1,0,0,92,0,0,1,-1,0.637459,0
hard,global,reloc,296,1,0,1,1,1,0,0,1,0.00677277,0.553931,1.6423
hard,global,reloc_lr,296,1,0,1,1,1,0,0,1,0.00697883,0.61195,1.03402
hard,global,reloc_dual,296,1,94,0.686667,1,1,0,0,1,0.00632655,0.69081,1.4061
hard,kidnap,mcl,297,0,-1,0,0,0,0,0.00658053,1,-1,0.521612,0
hard,kidnap,aug,297,1,20,0.933333,1,27,0,0.00664993,1,0.0146379,0.601992,0
hard,kidnap,er,297,0,-1,0,0,84,0,0.00641894,1,-1,0.743281,0
hard,kidnap,reloc,297,1,0,1,1,1,0,0.00669001,1,0.00779285,0.553068,1.3708
hard,kidnap,reloc_lr,297,1,0,1,1,5,0,0.00643667,1,0.00771387,0.605158,1.02532
hard,kidnap,reloc_dual,297,1,1,0.996667,1,1,0,0.00671752,1,0.00825322,0.66377,0.9803
hard,global,mcl,297,0,-1,0,0,0,0,0,1,-1,0.576689,0
hard,global,aug,297,0,-1,0,0,59,0,0,1,-1,0.673314,0
hard,global,er,297,0,-1,0,0,89,0,0,1,-1,0.746507,0
hard,global,reloc,297,1,212,0.293333,1,3,0,0,1,0.00823705,0.660111,1.42427
hard,global,reloc_lr,297,1,29,0.916667,1,4,0,0,1,0.00852606,0.655269,1.06547
hard,global,reloc_dual,297,1,1,0.973333,1,1,0,0,1,0.00840111,0.616193,1.1758
hard,kidnap,mcl,298,0,-1,0,0,0,0,0.00642816,1,-1,0.641879,0
hard,kidnap,aug,298,1,57,0.81,1,60,0,0.00647001,1,0.00852752,0.70199,0
hard,kidnap,er,298,0,-1,0,0,283,0,0.00633364,1,-1,0.995967,0
hard,kidnap,reloc,298,1,1,0.996667,1,1,0,0.006549,1,0.00767406,0.647014,1.483
hard,kidnap,reloc_lr,298,1,1,0.996667,1,2,0,0.0062841,1,0.00784501,0.600403,1.35663
hard,kidnap,reloc_dual,298,1,1,0.996667,1,1,0,0.00620134,1,0.00767999,0.559528,1.2499
hard,global,mcl,298,0,-1,0,0,0,0,0,1,-1,0.676779,0
hard,global,aug,298,1,280,0.0666667,1,45,0,0,1,0.0632293,0.603074,0
hard,global,er,298,0,-1,0,0,23,0,0,1,-1,0.693492,0
hard,global,reloc,298,1,1,0.996667,1,1,0,0,1,0.00798998,0.583068,1.9124
hard,global,reloc_lr,298,1,0,1,1,1,0,0,1,0.00807475,0.708146,1.34946
hard,global,reloc_dual,298,1,266,0.116667,1,3,0,0,1,0.0105101,0.623487,1.5844
hard,kidnap,mcl,299,0,-1,0,0,0,0,0.00855256,1,-1,0.692998,0
hard,kidnap,aug,299,1,145,0.516667,1,209,2,0.0083902,1,0.0408476,0.892693,0
hard,kidnap,er,299,0,-1,0,0,273,0,0.00846225,1,-1,1.2177,0
hard,kidnap,reloc,299,1,1,0.98,1,4,0,0.00819552,1,0.0158511,0.833928,1.7773
hard,kidnap,reloc_lr,299,1,1,0.996667,1,17,0,0.00850973,1,0.0221292,0.979441,1.45042
hard,kidnap,reloc_dual,299,1,1,0.98,1,3,0,0.00848754,1,0.0159734,0.739782,1.6751
hard,global,mcl,299,0,-1,0,0,0,0,0,1,-1,0.70471,0
hard,global,aug,299,1,266,0.113333,1,16,0,0,1,0.00976179,0.738871,0
hard,global,er,299,0,-1,0,0,186,0,0,1,-1,0.969285,0
hard,global,reloc,299,1,0,0.65,1,5,0,0,1,0.00956825,0.77286,1.84442
hard,global,reloc_lr,299,1,0,0.966667,1,7,0,0,1,0.00904552,0.824569,1.52557
hard,global,reloc_dual,299,1,63,0.763333,1,3,0,0,1,0.0128473,0.775615,1.53153
