frame,points,hypotheses,track_err_m,init_ok,init_err_m,init_yaw_err_deg,gpu_ms,cpu1_ms,cpun_ms
15,5279,144,0.0353,1,0.0358,0.084,23.482,4936.575,1236.391
45,5247,144,0.0488,1,0.0494,0.024,23.483,5074.519,1262.060
75,5287,144,0.0376,1,0.0381,0.069,166.384,5220.159,1363.738
105,4647,144,0.0369,1,0.0374,0.024,177.257,4636.549,1212.370
135,4636,144,0.0539,1,0.0544,0.660,172.195,5131.877,1460.496
165,5353,144,0.1270,1,0.1284,0.782,191.632,-1.000,-1.000
195,5920,144,0.0202,1,0.0203,0.111,30.562,-1.000,-1.000
225,7315,144,0.1110,1,0.1113,0.462,45.420,-1.000,-1.000
255,7746,144,0.0410,1,0.0406,0.214,37.141,-1.000,-1.000
285,7770,144,0.1311,1,0.1328,0.331,48.651,-1.000,-1.000
315,7500,144,0.1335,1,0.1233,0.455,38.422,-1.000,-1.000
345,5429,144,0.0634,1,0.0633,0.117,25.979,-1.000,-1.000
375,5806,144,0.0865,1,0.0884,0.231,26.165,-1.000,-1.000
405,4407,144,0.0244,1,0.0247,0.015,22.558,-1.000,-1.000
435,4421,144,0.0179,1,0.0190,0.383,19.846,-1.000,-1.000
465,5796,144,0.0539,1,0.0544,0.452,23.905,-1.000,-1.000
495,6670,144,0.0387,1,0.0396,0.195,27.211,-1.000,-1.000
525,6754,144,0.1024,1,0.1012,0.711,29.128,-1.000,-1.000
555,5845,144,0.0992,1,0.1000,0.059,29.876,-1.000,-1.000
585,5151,144,0.0635,1,0.0638,0.124,21.226,-1.000,-1.000
615,5401,144,0.0425,1,0.0396,0.155,23.781,-1.000,-1.000
645,5787,144,0.0207,1,0.0211,0.025,29.866,-1.000,-1.000
675,6565,144,0.0426,1,0.0421,0.185,33.139,-1.000,-1.000
705,6558,144,0.0652,1,0.0670,0.127,32.144,-1.000,-1.000
735,6400,144,0.0359,1,0.0356,0.017,30.435,-1.000,-1.000
765,5990,144,0.0536,1,0.0544,0.151,28.432,-1.000,-1.000
795,5629,144,0.0648,1,0.0653,0.035,24.117,-1.000,-1.000
825,6431,144,0.0355,1,0.0353,0.177,25.799,-1.000,-1.000
855,6718,144,0.1366,1,0.1378,0.243,31.509,-1.000,-1.000
885,7382,144,0.0479,1,0.0487,0.016,33.856,-1.000,-1.000
915,7635,144,0.0727,1,0.0736,0.089,32.709,-1.000,-1.000
945,8105,144,0.0446,1,0.0445,0.691,36.822,-1.000,-1.000
975,8279,144,0.0401,1,0.0411,0.073,36.806,-1.000,-1.000
1005,8443,144,0.0276,1,0.0281,0.044,36.742,-1.000,-1.000
1035,9575,144,0.0371,1,0.0383,0.092,38.906,-1.000,-1.000
1065,9758,144,0.0477,1,0.0488,0.094,40.520,-1.000,-1.000
1095,8370,144,0.1243,1,0.1260,0.201,34.582,-1.000,-1.000
1125,8584,144,0.1173,1,0.1155,1.665,44.260,-1.000,-1.000
1155,8393,144,0.0724,1,0.0733,1.010,36.189,-1.000,-1.000
1185,7972,144,0.0489,1,0.0493,0.114,33.126,-1.000,-1.000
