track,mode,seed,arrived,best_lap,clearance,collision,collisions,cpu1_ms,cpun_ms,est_r00,est_r01,est_r02,est_r10,est_r11,est_r12,est_r20,est_r21,est_r22,est_tx,est_ty,est_tz,frame,gpu_ms,horizon_s,hypotheses,init_err_m,init_ok,init_yaw_err_deg,laps,max_offset,mean_ms,offtrack,p95_ms,points,prior_phase,prior_x,prior_y,prior_z,robots,sim_s,steps,stopped,success,target,throughput,track_err_m,wait_p95
dynamic,observed_stale,5000,,,0.0505,0,,,,,,,,,,,,,,,,,,,,,,,,,0.6066,,0.6416,,,,,,,,140,0,1,,,,
dynamic,observed_stale,5001,,,0.3925,0,,,,,,,,,,,,,,,,,,,,,,,,,0.6029,,0.6416,,,,,,,,70,0,1,,,,
dynamic,observed_stale,5002,,,-0.2664,1,,,,,,,,,,,,,,,,,,,,,,,,,0.6195,,0.7194,,,,,,,,101,0,0,,,,
dynamic,observed_stale,5003,,,-0.1201,1,,,,,,,,,,,,,,,,,,,,,,,,,0.5025,,0.5652,,,,,,,,108,0,0,,,,
dynamic,observed_stale,5004,,,0.3833,0,,,,,,,,,,,,,,,,,,,,,,,,,0.4916,,0.529,,,,,,,,84,0,1,,,,
dynamic,observed_stale,5005,,,0.3925,0,,,,,,,,,,,,,,,,,,,,,,,,,0.4885,,0.5156,,,,,,,,71,0,1,,,,
dynamic,observed_stale,5006,,,0.3908,0,,,,,,,,,,,,,,,,,,,,,,,,,0.5592,,0.6818,,,,,,,,68,0,1,,,,
dynamic,observed_stale,5007,,,0.3919,0,,,,,,,,,,,,,,,,,,,,,,,,,0.5198,,0.5474,,,,,,,,69,0,1,,,,
dynamic,observed_stale,5008,,,0.3845,0,,,,,,,,,,,,,,,,,,,,,,,,,0.4883,,0.5115,,,,,,,,88,0,1,,,,
dynamic,observed_stale,5009,,,-0.1114,1,,,,,,,,,,,,,,,,,,,,,,,,,0.4972,,0.5264,,,,,,,,69,0,0,,,,
dynamic,observed_stale,5010,,,-0.1522,1,,,,,,,,,,,,,,,,,,,,,,,,,0.4958,,0.5194,,,,,,,,87,0,0,,,,
dynamic,observed_stale,5011,,,0.3885,0,,,,,,,,,,,,,,,,,,,,,,,,,0.5034,,0.5346,,,,,,,,111,0,1,,,,
dynamic,observed_stale,5012,,,0.2371,0,,,,,,,,,,,,,,,,,,,,,,,,,0.5043,,0.5475,,,,,,,,153,2,1,,,,
dynamic,observed_stale,5013,,,0.3048,0,,,,,,,,,,,,,,,,,,,,,,,,,0.4935,,0.5286,,,,,,,,74,0,1,,,,
dynamic,observed_stale,5014,,,0.2415,0,,,,,,,,,,,,,,,,,,,,,,,,,0.4891,,0.5152,,,,,,,,88,0,1,,,,
dynamic,observed_stale,5015,,,0.3918,0,,,,,,,,,,,,,,,,,,,,,,,,,0.4918,,0.5121,,,,,,,,79,0,1,,,,
dynamic,observed_stale,5016,,,0.3898,0,,,,,,,,,,,,,,,,,,,,,,,,,0.4935,,0.5267,,,,,,,,87,0,1,,,,
dynamic,observed_stale,5017,,,0.3519,0,,,,,,,,,,,,,,,,,,,,,,,,,0.4845,,0.5107,,,,,,,,95,0,1,,,,
dynamic,observed_stale,5018,,,0.3922,0,,,,,,,,,,,,,,,,,,,,,,,,,0.4813,,0.505,,,,,,,,73,0,1,,,,
dynamic,observed_stale,5019,,,-0.1068,1,,,,,,,,,,,,,,,,,,,,,,,,,0.4882,,0.518,,,,,,,,72,0,0,,,,
dynamic,observed_stale,5020,,,0.339,0,,,,,,,,,,,,,,,,,,,,,,,,,0.4974,,0.5385,,,,,,,,103,1,1,,,,
dynamic,observed_stale,5021,,,0.39,0,,,,,,,,,,,,,,,,,,,,,,,,,0.5116,,0.5558,,,,,,,,89,0,1,,,,
dynamic,observed_stale,5022,,,0.3914,0,,,,,,,,,,,,,,,,,,,,,,,,,0.4973,,0.53,,,,,,,,135,2,1,,,,
dynamic,observed_stale,5023,,,0.3925,0,,,,,,,,,,,,,,,,,,,,,,,,,0.4867,,0.5218,,,,,,,,92,0,1,,,,
dynamic,observed_stale,5024,,,0.392,0,,,,,,,,,,,,,,,,,,,,,,,,,0.5,,0.5416,,,,,,,,117,1,1,,,,
dynamic,observed_stale,5025,,,0.3904,0,,,,,,,,,,,,,,,,,,,,,,,,,0.4951,,0.5458,,,,,,,,122,3,1,,,,
dynamic,observed_stale,5026,,,0.389,0,,,,,,,,,,,,,,,,,,,,,,,,,0.4918,,0.5354,,,,,,,,79,0,1,,,,
dynamic,observed_stale,5027,,,-0.182,1,,,,,,,,,,,,,,,,,,,,,,,,,0.4952,,0.5345,,,,,,,,69,0,0,,,,
dynamic,observed_stale,5028,,,0.3925,0,,,,,,,,,,,,,,,,,,,,,,,,,0.4842,,0.5101,,,,,,,,113,1,1,,,,
dynamic,observed_stale,5029,,,0.3925,0,,,,,,,,,,,,,,,,,,,,,,,,,0.4912,,0.5288,,,,,,,,71,0,1,,,,
dynamic,observed_stale,5030,,,0.391,0,,,,,,,,,,,,,,,,,,,,,,,,,0.522,,0.6209,,,,,,,,69,0,1,,,,
dynamic,observed_stale,5031,,,0.3903,0,,,,,,,,,,,,,,,,,,,,,,,,,0.5152,,0.5939,,,,,,,,70,0,1,,,,
dynamic,observed_stale,5032,,,0.3925,0,,,,,,,,,,,,,,,,,,,,,,,,,0.49,,0.5292,,,,,,,,87,0,1,,,,
dynamic,observed_stale,5033,,,0.2497,0,,,,,,,,,,,,,,,,,,,,,,,,,0.49,,0.5245,,,,,,,,71,0,1,,,,
dynamic,observed_stale,5034,,,-0.6703,1,,,,,,,,,,,,,,,,,,,,,,,,,0.4836,,0.5214,,,,,,,,96,0,0,,,,
dynamic,observed_stale,5035,,,0.0512,0,,,,,,,,,,,,,,,,,,,,,,,,,0.4891,,0.5152,,,,,,,,71,0,1,,,,
dynamic,observed_stale,5036,,,0.3925,0,,,,,,,,,,,,,,,,,,,,,,,,,0.4799,,0.5045,,,,,,,,80,0,1,,,,
dynamic,observed_stale,5037,,,0.0247,0,,,,,,,,,,,,,,,,,,,,,,,,,0.4762,,0.4953,,,,,,,,125,1,1,,,,
dynamic,observed_stale,5038,,,0.1215,0,,,,,,,,,,,,,,,,,,,,,,,,,0.4774,,0.5089,,,,,,,,70,0,1,,,,
dynamic,observed_stale,5039,,,0.3891,0,,,,,,,,,,,,,,,,,,,,,,,,,0.4774,,0.5047,,,,,,,,73,0,1,,,,
dynamic,observed_stale,5040,,,0.392,0,,,,,,,,,,,,,,,,,,,,,,,,,0.476,,0.5002,,,,,,,,68,0,1,,,,
dynamic,observed_stale,5041,,,0.3913,0,,,,,,,,,,,,,,,,,,,,,,,,,0.4821,,0.5129,,,,,,,,75,0,1,,,,
dynamic,observed_stale,5042,,,0.3898,0,,,,,,,,,,,,,,,,,,,,,,,,,0.4752,,0.4919,,,,,,,,69,0,1,,,,
dynamic,observed_stale,5043,,,0.2192,0,,,,,,,,,,,,,,,,,,,,,,,,,0.477,,0.4955,,,,,,,,85,0,1,,,,
dynamic,observed_stale,5044,,,0.3725,0,,,,,,,,,,,,,,,,,,,,,,,,,0.4826,,0.5206,,,,,,,,101,1,1,,,,
dynamic,observed_stale,5045,,,-0.0349,1,,,,,,,,,,,,,,,,,,,,,,,,,0.4801,,0.501,,,,,,,,128,1,0,,,,
dynamic,observed_stale,5046,,,-0.1353,1,,,,,,,,,,,,,,,,,,,,,,,,,0.4792,,0.4946,,,,,,,,86,0,0,,,,
dynamic,observed_stale,5047,,,0.3895,0,,,,,,,,,,,,,,,,,,,,,,,,,0.4772,,0.4979,,,,,,,,92,0,1,,,,
dynamic,observed_stale,5048,,,0.2387,0,,,,,,,,,,,,,,,,,,,,,,,,,0.482,,0.5054,,,,,,,,92,0,1,,,,
dynamic,observed_stale,5049,,,0.3925,0,,,,,,,,,,,,,,,,,,,,,,,,,0.4819,,0.5111,,,,,,,,68,0,1,,,,
dynamic,observed_stale,5050,,,0.1613,0,,,,,,,,,,,,,,,,,,,,,,,,,0.4783,,0.5036,,,,,,,,74,0,1,,,,
dynamic,observed_stale,5051,,,0.377,0,,,,,,,,,,,,,,,,,,,,,,,,,0.4823,,0.5137,,,,,,,,69,0,1,,,,
dynamic,observed_stale,5052,,,0.2985,0,,,,,,,,,,,,,,,,,,,,,,,,,0.4843,,0.5237,,,,,,,,158,0,1,,,,
dynamic,observed_stale,5053,,,0.2835,0,,,,,,,,,,,,,,,,,,,,,,,,,0.4796,,0.5185,,,,,,,,74,1,1,,,,
dynamic,observed_stale,5054,,,0.3917,0,,,,,,,,,,,,,,,,,,,,,,,,,0.4835,,0.5282,,,,,,,,86,0,1,,,,
dynamic,observed_stale,5055,,,0.2672,0,,,,,,,,,,,,,,,,,,,,,,,,,0.4835,,0.5086,,,,,,,,71,0,1,,,,
dynamic,observed_stale,5056,,,0.3907,0,,,,,,,,,,,,,,,,,,,,,,,,,0.4814,,0.5081,,,,,,,,92,0,1,,,,
dynamic,observed_stale,5057,,,0.3925,0,,,,,,,,,,,,,,,,,,,,,,,,,0.481,,0.5139,,,,,,,,99,0,1,,,,
dynamic,observed_stale,5058,,,0.3898,0,,,,,,,,,,,,,,,,,,,,,,,,,0.4829,,0.5265,,,,,,,,82,0,1,,,,
dynamic,observed_stale,5059,,,0.3188,0,,,,,,,,,,,,,,,,,,,,,,,,,0.4832,,0.5282,,,,,,,,71,0,1,,,,
dynamic,observed_latency,5000,,,0.0637,0,,,,,,,,,,,,,,,,,,,,,,,,,0.478,,0.5029,,,,,,,,73,0,1,,,,
dynamic,observed_latency,5001,,,0.3925,0,,,,,,,,,,,,,,,,,,,,,,,,,0.4762,,0.5118,,,,,,,,70,0,1,,,,
dynamic,observed_latency,5002,,,-0.4814,1,,,,,,,,,,,,,,,,,,,,,,,,,0.4798,,0.5125,,,,,,,,145,3,0,,,,
dynamic,observed_latency,5003,,,-0.5575,1,,,,,,,,,,,,,,,,,,,,,,,,,0.5186,,0.6153,,,,,,,,82,0,0,,,,
dynamic,observed_latency,5004,,,0.3833,0,,,,,,,,,,,,,,,,,,,,,,,,,0.4813,,0.5065,,,,,,,,72,0,1,,,,
dynamic,observed_latency,5005,,,0.3925,0,,,,,,,,,,,,,,,,,,,,,,,,,0.4765,,0.4995,,,,,,,,71,0,1,,,,
dynamic,observed_latency,5006,,,0.3908,0,,,,,,,,,,,,,,,,,,,,,,,,,0.4777,,0.5135,,,,,,,,70,0,1,,,,
dynamic,observed_latency,5007,,,0.3919,0,,,,,,,,,,,,,,,,,,,,,,,,,0.4792,,0.4982,,,,,,,,72,0,1,,,,
dynamic,observed_latency,5008,,,0.3845,0,,,,,,,,,,,,,,,,,,,,,,,,,0.4847,,0.5135,,,,,,,,94,0,1,,,,
dynamic,observed_latency,5009,,,0.0394,0,,,,,,,,,,,,,,,,,,,,,,,,,0.4838,,0.5204,,,,,,,,69,0,1,,,,
dynamic,observed_latency,5010,,,-0.106,1,,,,,,,,,,,,,,,,,,,,,,,,,0.5106,,0.5946,,,,,,,,87,1,0,,,,
dynamic,observed_latency,5011,,,0.3885,0,,,,,,,,,,,,,,,,,,,,,,,,,0.4797,,0.5089,,,,,,,,69,0,1,,,,
dynamic,observed_latency,5012,,,0.3736,0,,,,,,,,,,,,,,,,,,,,,,,,,0.4781,,0.5063,,,,,,,,102,1,1,,,,
dynamic,observed_latency,5013,,,0.3837,0,,,,,,,,,,,,,,,,,,,,,,,,,0.4777,,0.4997,,,,,,,,109,1,1,,,,
dynamic,observed_latency,5014,,,0.0876,0,,,,,,,,,,,,,,,,,,,,,,,,,0.4777,,0.5001,,,,,,,,130,1,1,,,,
dynamic,observed_latency,5015,,,0.3918,0,,,,,,,,,,,,,,,,,,,,,,,,,0.4766,,0.4932,,,,,,,,73,0,1,,,,
dynamic,observed_latency,5016,,,0.3702,0,,,,,,,,,,,,,,,,,,,,,,,,,0.4803,,0.5027,,,,,,,,94,2,1,,,,
dynamic,observed_latency,5017,,,0.0997,0,,,,,,,,,,,,,,,,,,,,,,,,,0.4821,,0.5062,,,,,,,,69,0,1,,,,
dynamic,observed_latency,5018,,,0.3922,0,,,,,,,,,,,,,,,,,,,,,,,,,0.4762,,0.4986,,,,,,,,69,0,1,,,,
dynamic,observed_latency,5019,,,-0.0909,1,,,,,,,,,,,,,,,,,,,,,,,,,0.481,,0.5173,,,,,,,,103,0,0,,,,
dynamic,observed_latency,5020,,,0.1783,0,,,,,,,,,,,,,,,,,,,,,,,,,0.4832,,0.511,,,,,,,,70,0,1,,,,
dynamic,observed_latency,5021,,,0.39,0,,,,,,,,,,,,,,,,,,,,,,,,,0.4779,,0.5021,,,,,,,,88,0,1,,,,
dynamic,observed_latency,5022,,,0.3914,0,,,,,,,,,,,,,,,,,,,,,,,,,0.4833,,0.5095,,,,,,,,88,0,1,,,,
dynamic,observed_latency,5023,,,0.3925,0,,,,,,,,,,,,,,,,,,,,,,,,,0.4789,,0.509,,,,,,,,102,0,1,,,,
dynamic,observed_latency,5024,,,0.392,0,,,,,,,,,,,,,,,,,,,,,,,,,0.4777,,0.5004,,,,,,,,68,0,1,,,,
dynamic,observed_latency,5025,,,0.3904,0,,,,,,,,,,,,,,,,,,,,,,,,,0.4799,,0.5233,,,,,,,,140,0,1,,,,
dynamic,observed_latency,5026,,,0.389,0,,,,,,,,,,,,,,,,,,,,,,,,,0.4821,,0.5182,,,,,,,,75,0,1,,,,
dynamic,observed_latency,5027,,,-0.2953,1,,,,,,,,,,,,,,,,,,,,,,,,,0.4894,,0.5234,,,,,,,,103,1,0,,,,
dynamic,observed_latency,5028,,,0.3925,0,,,,,,,,,,,,,,,,,,,,,,,,,0.4839,,0.5072,,,,,,,,68,0,1,,,,
dynamic,observed_latency,5029,,,0.3925,0,,,,,,,,,,,,,,,,,,,,,,,,,0.5057,,0.605,,,,,,,,118,0,1,,,,
dynamic,observed_latency,5030,,,0.391,0,,,,,,,,,,,,,,,,,,,,,,,,,0.4911,,0.5297,,,,,,,,86,0,1,,,,
dynamic,observed_latency,5031,,,0.3903,0,,,,,,,,,,,,,,,,,,,,,,,,,0.5502,,0.5955,,,,,,,,122,0,1,,,,
dynamic,observed_latency,5032,,,0.3925,0,,,,,,,,,,,,,,,,,,,,,,,,,0.4832,,0.5057,,,,,,,,97,0,1,,,,
dynamic,observed_latency,5033,,,0.0311,0,,,,,,,,,,,,,,,,,,,,,,,,,0.4837,,0.5083,,,,,,,,152,1,1,,,,
dynamic,observed_latency,5034,,,0.3925,0,,,,,,,,,,,,,,,,,,,,,,,,,0.4797,,0.5167,,,,,,,,78,0,1,,,,
dynamic,observed_latency,5035,,,-0.0865,1,,,,,,,,,,,,,,,,,,,,,,,,,0.4821,,0.5106,,,,,,,,111,2,0,,,,
dynamic,observed_latency,5036,,,0.3688,0,,,,,,,,,,,,,,,,,,,,,,,,,0.4802,,0.512,,,,,,,,73,0,1,,,,
dynamic,observed_latency,5037,,,-0.4167,1,,,,,,,,,,,,,,,,,,,,,,,,,0.4826,,0.5093,,,,,,,,110,0,0,,,,
dynamic,observed_latency,5038,,,0.2994,0,,,,,,,,,,,,,,,,,,,,,,,,,0.48,,0.5137,,,,,,,,77,0,1,,,,
dynamic,observed_latency,5039,,,0.3891,0,,,,,,,,,,,,,,,,,,,,,,,,,0.5333,,0.6016,,,,,,,,94,0,1,,,,
dynamic,observed_latency,5040,,,0.392,0,,,,,,,,,,,,,,,,,,,,,,,,,0.5346,,0.5947,,,,,,,,71,0,1,,,,
dynamic,observed_latency,5041,,,0.3913,0,,,,,,,,,,,,,,,,,,,,,,,,,0.4782,,0.4984,,,,,,,,81,0,1,,,,
dynamic,observed_latency,5042,,,0.1034,0,,,,,,,,,,,,,,,,,,,,,,,,,0.4804,,0.5024,,,,,,,,131,2,1,,,,
dynamic,observed_latency,5043,,,0.312,0,,,,,,,,,,,,,,,,,,,,,,,,,0.4853,,0.5154,,,,,,,,97,1,1,,,,
dynamic,observed_latency,5044,,,0.3725,0,,,,,,,,,,,,,,,,,,,,,,,,,0.4837,,0.5149,,,,,,,,123,0,1,,,,
dynamic,observed_latency,5045,,,0.0141,0,,,,,,,,,,,,,,,,,,,,,,,,,0.4813,,0.512,,,,,,,,71,0,1,,,,
dynamic,observed_latency,5046,,,0.3905,0,,,,,,,,,,,,,,,,,,,,,,,,,0.4833,,0.5148,,,,,,,,107,0,1,,,,
dynamic,observed_latency,5047,,,0.3895,0,,,,,,,,,,,,,,,,,,,,,,,,,0.4784,,0.5043,,,,,,,,69,0,1,,,,
dynamic,observed_latency,5048,,,-0.1632,1,,,,,,,,,,,,,,,,,,,,,,,,,0.48,,0.5086,,,,,,,,92,0,0,,,,
dynamic,observed_latency,5049,,,0.3925,0,,,,,,,,,,,,,,,,,,,,,,,,,0.4791,,0.4991,,,,,,,,83,1,1,,,,
dynamic,observed_latency,5050,,,-0.0186,1,,,,,,,,,,,,,,,,,,,,,,,,,0.4804,,0.5114,,,,,,,,73,0,0,,,,
dynamic,observed_latency,5051,,,0.3885,0,,,,,,,,,,,,,,,,,,,,,,,,,0.4868,,0.5157,,,,,,,,72,0,1,,,,
dynamic,observed_latency,5052,,,0.2863,0,,,,,,,,,,,,,,,,,,,,,,,,,0.4837,,0.509,,,,,,,,107,0,1,,,,
dynamic,observed_latency,5053,,,0.3287,0,,,,,,,,,,,,,,,,,,,,,,,,,0.5055,,0.5884,,,,,,,,92,1,1,,,,
dynamic,observed_latency,5054,,,0.3917,0,,,,,,,,,,,,,,,,,,,,,,,,,0.4885,,0.5678,,,,,,,,69,0,1,,,,
dynamic,observed_latency,5055,,,0.2747,0,,,,,,,,,,,,,,,,,,,,,,,,,0.4844,,0.5137,,,,,,,,91,1,1,,,,
dynamic,observed_latency,5056,,,0.3907,0,,,,,,,,,,,,,,,,,,,,,,,,,0.4812,,0.4994,,,,,,,,71,0,1,,,,
dynamic,observed_latency,5057,,,0.3925,0,,,,,,,,,,,,,,,,,,,,,,,,,0.481,,0.4987,,,,,,,,91,0,1,,,,
dynamic,observed_latency,5058,,,0.3898,0,,,,,,,,,,,,,,,,,,,,,,,,,0.482,,0.5028,,,,,,,,105,1,1,,,,
dynamic,observed_latency,5059,,,0.2566,0,,,,,,,,,,,,,,,,,,,,,,,,,0.4802,,0.4978,,,,,,,,68,0,1,,,,
dynamic,observed_risk,5000,,,0.3925,0,,,,,,,,,,,,,,,,,,,,,,,,,0.5283,,0.5489,,,,,,,,89,0,1,,,,
dynamic,observed_risk,5001,,,0.3925,0,,,,,,,,,,,,,,,,,,,,,,,,,0.5254,,0.546,,,,,,,,126,1,1,,,,
dynamic,observed_risk,5002,,,0.3925,0,,,,,,,,,,,,,,,,,,,,,,,,,0.5283,,0.5482,,,,,,,,88,0,1,,,,
dynamic,observed_risk,5003,,,0.0538,0,,,,,,,,,,,,,,,,,,,,,,,,,0.5377,,0.57,,,,,,,,76,0,1,,,,
dynamic,observed_risk,5004,,,0.3833,0,,,,,,,,,,,,,,,,,,,,,,,,,0.5244,,0.545,,,,,,,,90,1,1,,,,
dynamic,observed_risk,5005,,,0.3925,0,,,,,,,,,,,,,,,,,,,,,,,,,0.5271,,0.5606,,,,,,,,92,0,1,,,,
dynamic,observed_risk,5006,,,0.3908,0,,,,,,,,,,,,,,,,,,,,,,,,,0.5297,,0.5416,,,,,,,,72,0,1,,,,
dynamic,observed_risk,5007,,,0.3742,0,,,,,,,,,,,,,,,,,,,,,,,,,0.5254,,0.5509,,,,,,,,69,0,1,,,,
dynamic,observed_risk,5008,,,0.3845,0,,,,,,,,,,,,,,,,,,,,,,,,,0.5251,,0.5482,,,,,,,,86,0,1,,,,
dynamic,observed_risk,5009,,,0.2054,0,,,,,,,,,,,,,,,,,,,,,,,,,0.5261,,0.5527,,,,,,,,68,0,1,,,,
dynamic,observed_risk,5010,,,0.0626,0,,,,,,,,,,,,,,,,,,,,,,,,,0.5334,,0.5814,,,,,,,,101,2,1,,,,
dynamic,observed_risk,5011,,,0.3885,0,,,,,,,,,,,,,,,,,,,,,,,,,0.5226,,0.5465,,,,,,,,148,1,1,,,,
dynamic,observed_risk,5012,,,0.3736,0,,,,,,,,,,,,,,,,,,,,,,,,,0.5309,,0.5712,,,,,,,,69,0,1,,,,
dynamic,observed_risk,5013,,,0.3837,0,,,,,,,,,,,,,,,,,,,,,,,,,0.5316,,0.5651,,,,,,,,103,0,1,,,,
dynamic,observed_risk,5014,,,0.3925,0,,,,,,,,,,,,,,,,,,,,,,,,,0.5263,,0.55,,,,,,,,69,0,1,,,,
dynamic,observed_risk,5015,,,0.3918,0,,,,,,,,,,,,,,,,,,,,,,,,,0.5275,,0.5448,,,,,,,,120,2,1,,,,
dynamic,observed_risk,5016,,,0.3898,0,,,,,,,,,,,,,,,,,,,,,,,,,0.5264,,0.5478,,,,,,,,83,0,1,,,,
dynamic,observed_risk,5017,,,0.3925,0,,,,,,,,,,,,,,,,,,,,,,,,,0.5261,,0.556,,,,,,,,74,0,1,,,,
dynamic,observed_risk,5018,,,0.3922,0,,,,,,,,,,,,,,,,,,,,,,,,,0.5229,,0.5488,,,,,,,,74,0,1,,,,
dynamic,observed_risk,5019,,,0.3925,0,,,,,,,,,,,,,,,,,,,,,,,,,0.5157,,0.5396,,,,,,,,400,5,0,,,,
dynamic,observed_risk,5020,,,0.3259,0,,,,,,,,,,,,,,,,,,,,,,,,,0.5225,,0.5387,,,,,,,,89,0,1,,,,
dynamic,observed_risk,5021,,,0.39,0,,,,,,,,,,,,,,,,,,,,,,,,,0.5278,,0.5684,,,,,,,,94,0,1,,,,
dynamic,observed_risk,5022,,,0.3914,0,,,,,,,,,,,,,,,,,,,,,,,,,0.5256,,0.5724,,,,,,,,88,0,1,,,,
dynamic,observed_risk,5023,,,0.3925,0,,,,,,,,,,,,,,,,,,,,,,,,,0.5374,,0.5782,,,,,,,,80,0,1,,,,
dynamic,observed_risk,5024,,,0.392,0,,,,,,,,,,,,,,,,,,,,,,,,,0.5255,,0.5505,,,,,,,,113,1,1,,,,
dynamic,observed_risk,5025,,,0.3904,0,,,,,,,,,,,,,,,,,,,,,,,,,0.5279,,0.5484,,,,,,,,98,0,1,,,,
dynamic,observed_risk,5026,,,0.389,0,,,,,,,,,,,,,,,,,,,,,,,,,0.5274,,0.5459,,,,,,,,71,0,1,,,,
dynamic,observed_risk,5027,,,0.3925,0,,,,,,,,,,,,,,,,,,,,,,,,,0.5295,,0.5587,,,,,,,,80,0,1,,,,
dynamic,observed_risk,5028,,,0.3925,0,,,,,,,,,,,,,,,,,,,,,,,,,0.5215,,0.5442,,,,,,,,74,0,1,,,,
dynamic,observed_risk,5029,,,0.3925,0,,,,,,,,,,,,,,,,,,,,,,,,,0.5339,,0.5626,,,,,,,,72,0,1,,,,
dynamic,observed_risk,5030,,,0.391,0,,,,,,,,,,,,,,,,,,,,,,,,,0.5298,,0.5494,,,,,,,,73,0,1,,,,
dynamic,observed_risk,5031,,,0.3903,0,,,,,,,,,,,,,,,,,,,,,,,,,0.5243,,0.5472,,,,,,,,86,0,1,,,,
dynamic,observed_risk,5032,,,0.3925,0,,,,,,,,,,,,,,,,,,,,,,,,,0.5278,,0.5559,,,,,,,,97,1,1,,,,
dynamic,observed_risk,5033,,,0.3925,0,,,,,,,,,,,,,,,,,,,,,,,,,0.5263,,0.5488,,,,,,,,110,0,1,,,,
dynamic,observed_risk,5034,,,0.3925,0,,,,,,,,,,,,,,,,,,,,,,,,,0.5289,,0.5628,,,,,,,,78,0,1,,,,
dynamic,observed_risk,5035,,,0.3896,0,,,,,,,,,,,,,,,,,,,,,,,,,0.5296,,0.5543,,,,,,,,84,0,1,,,,
dynamic,observed_risk,5036,,,0.3925,0,,,,,,,,,,,,,,,,,,,,,,,,,0.5253,,0.5578,,,,,,,,114,1,1,,,,
dynamic,observed_risk,5037,,,0.3917,0,,,,,,,,,,,,,,,,,,,,,,,,,0.5257,,0.5497,,,,,,,,114,1,1,,,,
dynamic,observed_risk,5038,,,0.3876,0,,,,,,,,,,,,,,,,,,,,,,,,,0.5242,,0.5439,,,,,,,,76,0,1,,,,
dynamic,observed_risk,5039,,,0.3891,0,,,,,,,,,,,,,,,,,,,,,,,,,0.5273,,0.5564,,,,,,,,104,0,1,,,,
dynamic,observed_risk,5040,,,0.392,0,,,,,,,,,,,,,,,,,,,,,,,,,0.5224,,0.5439,,,,,,,,147,1,1,,,,
dynamic,observed_risk,5041,,,0.3913,0,,,,,,,,,,,,,,,,,,,,,,,,,0.5278,,0.5552,,,,,,,,71,0,1,,,,
dynamic,observed_risk,5042,,,0.3898,0,,,,,,,,,,,,,,,,,,,,,,,,,0.5306,,0.5749,,,,,,,,92,0,1,,,,
dynamic,observed_risk,5043,,,0.3908,0,,,,,,,,,,,,,,,,,,,,,,,,,0.5297,,0.5595,,,,,,,,80,1,1,,,,
dynamic,observed_risk,5044,,,0.3725,0,,,,,,,,,,,,,,,,,,,,,,,,,0.5282,,0.5529,,,,,,,,71,0,1,,,,
dynamic,observed_risk,5045,,,0.3913,0,,,,,,,,,,,,,,,,,,,,,,,,,0.5257,,0.5465,,,,,,,,112,2,1,,,,
dynamic,observed_risk,5046,,,0.3905,0,,,,,,,,,,,,,,,,,,,,,,,,,0.5228,,0.5428,,,,,,,,118,0,1,,,,
dynamic,observed_risk,5047,,,0.3895,0,,,,,,,,,,,,,,,,,,,,,,,,,0.5224,,0.5427,,,,,,,,72,0,1,,,,
dynamic,observed_risk,5048,,,0.172,0,,,,,,,,,,,,,,,,,,,,,,,,,0.5324,,0.5554,,,,,,,,81,0,1,,,,
dynamic,observed_risk,5049,,,0.3925,0,,,,,,,,,,,,,,,,,,,,,,,,,0.5277,,0.5527,,,,,,,,75,0,1,,,,
dynamic,observed_risk,5050,,,0.3303,0,,,,,,,,,,,,,,,,,,,,,,,,,0.5181,,0.5466,,,,,,,,400,6,0,,,,
dynamic,observed_risk,5051,,,0.3885,0,,,,,,,,,,,,,,,,,,,,,,,,,0.5283,,0.5602,,,,,,,,87,0,1,,,,
dynamic,observed_risk,5052,,,0.3887,0,,,,,,,,,,,,,,,,,,,,,,,,,0.5241,,0.5479,,,,,,,,70,0,1,,,,
dynamic,observed_risk,5053,,,0.3797,0,,,,,,,,,,,,,,,,,,,,,,,,,0.535,,0.5739,,,,,,,,70,1,1,,,,
dynamic,observed_risk,5054,,,0.3917,0,,,,,,,,,,,,,,,,,,,,,,,,,0.5276,,0.5683,,,,,,,,71,0,1,,,,
dynamic,observed_risk,5055,,,0.3925,0,,,,,,,,,,,,,,,,,,,,,,,,,0.5259,,0.5642,,,,,,,,112,1,1,,,,
dynamic,observed_risk,5056,,,0.3907,0,,,,,,,,,,,,,,,,,,,,,,,,,0.5266,,0.5582,,,,,,,,71,0,1,,,,
dynamic,observed_risk,5057,,,0.3925,0,,,,,,,,,,,,,,,,,,,,,,,,,0.5265,,0.5666,,,,,,,,70,0,1,,,,
dynamic,observed_risk,5058,,,0.3898,0,,,,,,,,,,,,,,,,,,,,,,,,,0.522,,0.5441,,,,,,,,112,0,1,,,,
dynamic,observed_risk,5059,,,0.3914,0,,,,,,,,,,,,,,,,,,,,,,,,,0.5244,,0.5563,,,,,,,,98,1,1,,,,
racing,blind,5000,,0,,,,,,,,,,,,,,,,,,,,,,,,,0,4.9406,0.1336,3,0.1609,,,,,,,3.24,,,,2,,,
racing,aware,5000,,15.78,,,,,,,,,,,,,,,,,,,,,,,,,2,2.8315,0.1597,0,0.2004,,,,,,,31.74,,,,2,,,
racing,blind,5001,,0,,,,,,,,,,,,,,,,,,,,,,,,,0,4.6261,0.1371,2,0.1606,,,,,,,3.18,,,,2,,,
racing,aware,5001,,15.66,,,,,,,,,,,,,,,,,,,,,,,,,2,2.4509,0.1692,0,0.202,,,,,,,31.92,,,,2,,,
racing,blind,5002,,0,,,,,,,,,,,,,,,,,,,,,,,,,0,5.2182,0.3413,4,0.3665,,,,,,,3.18,,,,2,,,
racing,aware,5002,,15.78,,,,,,,,,,,,,,,,,,,,,,,,,2,2.5424,0.1777,0,0.2098,,,,,,,32.1,,,,2,,,
racing,blind,5003,,0,,,,,,,,,,,,,,,,,,,,,,,,,0,4.9406,0.1369,3,0.1587,,,,,,,3.24,,,,2,,,
racing,aware,5003,,15.54,,,,,,,,,,,,,,,,,,,,,,,,,2,3.0315,0.1625,0,0.2001,,,,,,,31.38,,,,2,,,
racing,blind,5004,,0,,,,,,,,,,,,,,,,,,,,,,,,,0,5.144,0.1453,3,0.174,,,,,,,3.18,,,,2,,,
racing,aware,5004,,15.42,,,,,,,,,,,,,,,,,,,,,,,,,2,2.9399,0.1613,0,0.188,,,,,,,31.26,,,,2,,,
racing,blind,5005,,0,,,,,,,,,,,,,,,,,,,,,,,,,0,4.8369,0.1314,3,0.1503,,,,,,,3.18,,,,2,,,
racing,aware,5005,,15.78,,,,,,,,,,,,,,,,,,,,,,,,,2,2.6366,0.1816,0,0.2108,,,,,,,31.62,,,,2,,,
racing,blind,5006,,0,,,,,,,,,,,,,,,,,,,,,,,,,0,4.8952,0.1492,3,0.1591,,,,,,,3.24,,,,2,,,
racing,aware,5006,,15.66,,,,,,,,,,,,,,,,,,,,,,,,,2,2.8315,0.1791,0,0.2147,,,,,,,31.62,,,,2,,,
racing,blind,5007,,0,,,,,,,,,,,,,,,,,,,,,,,,,0,4.8733,0.1568,3,0.172,,,,,,,3.3,,,,2,,,
racing,aware,5007,,15.6,,,,,,,,,,,,,,,,,,,,,,,,,2,2.8315,0.1764,0,0.2092,,,,,,,31.8,,,,2,,,
racing,blind,5008,,0,,,,,,,,,,,,,,,,,,,,,,,,,0,4.6345,0.1658,3,0.1783,,,,,,,3.18,,,,2,,,
racing,aware,5008,,15.6,,,,,,,,,,,,,,,,,,,,,,,,,2,2.6441,0.1763,0,0.2135,,,,,,,31.62,,,,2,,,
racing,blind,5009,,0,,,,,,,,,,,,,,,,,,,,,,,,,0,5.0712,0.1636,4,0.2023,,,,,,,3.24,,,,2,,,
racing,aware,5009,,15.84,,,,,,,,,,,,,,,,,,,,,,,,,2,2.5424,0.1822,0,0.2144,,,,,,,32.1,,,,2,,,
fleet,serial,5000,59,,,,0,,,,,,,,,,,,,,,,,180,,,,,,,0.0994,,0.1249,,,,,,200,180,,,,,0.3278,,161.4007
fleet,platoon,5000,200,,,,0,,,,,,,,,,,,,,,,,180,,,,,,,0.0989,,0.1236,,,,,,200,99.8,,,,,1.1111,,59.4997
fleet,serial,5001,59,,,,0,,,,,,,,,,,,,,,,,180,,,,,,,0.1023,,0.1226,,,,,,200,180,,,,,0.3278,,161.4007
fleet,platoon,5001,200,,,,0,,,,,,,,,,,,,,,,,180,,,,,,,0.0924,,0.111,,,,,,200,99.8,,,,,1.1111,,59.4997
fleet,serial,5002,59,,,,0,,,,,,,,,,,,,,,,,180,,,,,,,0.1043,,0.1233,,,,,,200,180,,,,,0.3278,,161.4007
fleet,platoon,5002,200,,,,0,,,,,,,,,,,,,,,,,180,,,,,,,0.1,,0.1224,,,,,,200,99.8,,,,,1.1111,,59.4997
ndt,full,1,,,,,,-1.0,-1.0,-0.68823874,0.72370356,-0.05079599,-0.72389811,-0.6896764,-0.01784399,-0.04794661,0.02449016,0.99854952,0.062332,-0.081801,-0.017701,15.0,211.521,,1936.0,0.0995,1.0,0.371,,,,,,5279.0,5.859431,-8.654658,4.970391,0.442747,,,,,,,,0.0973,
ndt,full,1,,,,,,-1.0,-1.0,-0.68807018,0.72387832,-0.05059681,-0.72406495,-0.68949926,-0.01791301,-0.04785328,0.02430998,0.99855852,0.073943,-0.094891,-0.01477,45.0,212.258,,1936.0,0.1249,1.0,0.315,,,,,,5247.0,6.277157,3.579329,0.003715,-0.380133,,,,,,,,0.1208,
ndt,full,1,,,,,,-1.0,-1.0,-0.68841541,0.72355258,-0.05055413,-0.72373289,-0.68984532,-0.01802157,-0.04791405,0.02418138,0.99855882,0.075508,-0.091781,-0.013771,75.0,207.267,,1936.0,0.1144,1.0,0.342,,,,,,5287.0,2.49179,2.944909,3.872072,-0.812832,,,,,,,,0.1128,
ndt,full,1,,,,,,-1.0,-1.0,-0.68809193,0.72558159,-0.00780092,-0.72553903,-0.68780768,0.02267318,0.01108573,0.02126113,0.99971235,0.133741,-0.024419,0.016893,105.0,177.901,,1936.0,0.097,1.0,0.355,,,,,,4647.0,4.208138,2.519232,5.797919,-0.286601,,,,,,,,0.0957,
ndt,full,1,,,,,,-1.0,-1.0,-0.67938995,0.73349732,-0.02027458,-0.73367906,-0.67858911,0.03508456,0.01197636,0.03871118,0.99917895,-0.003727,-0.060424,0.026864,135.0,174.01,,1936.0,0.0234,1.0,0.236,,,,,,4636.0,5.317528,-7.724864,5.801884,0.102384,,,,,,,,0.0253,
ndt,full,1,,,,,,-1.0,-1.0,-0.2446681,0.96848929,-0.04654687,-0.96944249,-0.24346128,0.03012305,0.01784153,0.05249466,0.99846202,-2.00761,-5.37377,0.055541,165.0,217.74,,1936.0,0.1671,1.0,0.519,,,,,,5353.0,3.295833,-7.057024,-2.620081,0.468347,,,,,,,,0.1651,
ndt,full,1,,,,,,-1.0,-1.0,0.54536355,0.83788437,-0.02297488,-0.83815694,0.54540622,-0.00492475,0.00840428,0.02194233,0.99972403,1.064288,-14.070977,0.201337,195.0,270.894,,1936.0,0.0602,1.0,0.136,,,,,,5920.0,1.442476,2.886902,-7.664078,0.955904,,,,,,,,0.0581,
ndt,full,1,,,,,,-1.0,-1.0,0.85317212,0.52120715,0.02097,-0.52129537,0.85337538,-0.00147761,-0.01866535,-0.0096709,0.99977922,9.000768,-19.873259,0.187462,225.0,352.339,,1936.0,0.1545,1.0,0.638,,,,,,7315.0,5.742593,16.307819,-18.733963,0.544879,,,,,,,,0.1541,
ndt,full,1,,,,,,-1.0,-1.0,0.70949495,0.70344317,0.0422429,-0.70393181,0.71025378,-0.0044353,-0.03312314,-0.02658928,0.99909776,15.049692,-25.208189,0.233397,255.0,374.623,,1936.0,0.0548,1.0,0.112,,,,,,7746.0,2.706159,9.218683,-21.880983,0.325815,,,,,,,,0.0531,
ndt,full,1,,,,,,-1.0,-1.0,0.74530113,0.66607404,0.02950292,-0.66645932,0.74552608,0.00467226,-0.01888303,-0.02314474,0.99955463,22.557304,-32.117023,0.137216,285.0,395.636,,1936.0,0.222,1.0,0.605,,,,,,7770.0,4.890764,28.898352,-24.759132,-0.438592,,,,,,,,0.2165,
ndt,full,1,,,,,,-1.0,-1.0,0.68178797,0.73135644,0.01681227,-0.73150188,0.68182623,0.00423436,-0.00836622,-0.01518518,0.99984974,29.474817,-39.153984,0.262519,315.0,395.873,,1936.0,0.1396,1.0,0.341,,,,,,7500.0,5.043874,32.129349,-47.194672,1.059588,,,,,,,,0.1446,
ndt,full,1,,,,,,-1.0,-1.0,0.69404185,0.71990424,-0.00663624,-0.71991706,0.69405979,0.00063688,0.0050645,0.00433553,0.99997795,37.2155,-46.510124,-0.002823,345.0,293.605,,1936.0,0.0772,1.0,0.158,,,,,,5429.0,3.255648,36.029209,-43.775112,0.407705,,,,,,,,0.0753,
ndt,full,1,,,,,,-1.0,-1.0,0.76216185,0.64733183,0.00841454,-0.64717114,0.7621789,-0.01588861,-0.01669858,0.00666405,0.99983823,44.647118,-53.872684,0.005128,375.0,318.468,,1936.0,0.14,1.0,0.313,,,,,,5806.0,5.209683,51.321503,-60.525444,0.80014,,,,,,,,0.1383,
ndt,full,1,,,,,,-1.0,-1.0,0.70982033,0.70421499,0.01534807,-0.70435661,0.70981216,0.00693419,-0.00601107,-0.01573252,0.99985844,51.546898,-60.674232,-0.017445,405.0,239.499,,1936.0,0.0884,1.0,0.075,,,,,,4407.0,1.715623,59.388046,-56.123367,-0.929394,,,,,,,,0.0872,
ndt,full,1,,,,,,-1.0,-1.0,0.70258838,0.71151811,0.01054209,-0.71157146,0.70261061,0.00205743,-0.00594309,-0.00894701,0.99994242,58.022217,-66.820251,-0.007889,435.0,232.738,,1936.0,0.0747,1.0,0.392,,,,,,4421.0,4.213052,59.224369,-64.758072,0.744862,,,,,,,,0.0736,
ndt,full,1,,,,,,-1.0,-1.0,0.71674424,0.69728637,0.00833097,-0.69717896,0.71627784,0.02979397,0.01480769,-0.02716279,0.9995212,65.382683,-73.706146,0.068691,465.0,303.665,,1936.0,0.0172,1.0,0.407,,,,,,5796.0,4.220127,71.6661,-69.252625,-0.075376,,,,,,,,0.0187,
ndt,full,1,,,,,,-1.0,-1.0,0.58716559,0.80658948,-0.06818923,-0.80892521,0.58776826,-0.01298051,0.02960951,0.06278165,0.99758804,71.391472,-80.531715,0.873593,495.0,340.869,,1936.0,0.0917,1.0,0.4,,,,,,6670.0,1.241249,77.602966,-82.296379,0.96447,,,,,,,,0.0903,
ndt,full,1,,,,,,-1.0,-1.0,-0.21763295,0.97432053,-0.05775077,-0.97324204,-0.22110045,-0.06256496,-0.07372708,0.04258926,0.99636859,72.746758,-89.248932,0.602912,525.0,353.252,,1936.0,0.2813,1.0,1.163,,,,,,6754.0,0.892967,70.632957,-94.480713,0.215161,,,,,,,,0.2816,
ndt,full,1,,,,,,-1.0,-1.0,-0.69555318,0.71756953,-0.03604135,-0.71421176,-0.69601232,-0.07394548,-0.07814628,-0.02569188,0.99661088,66.165337,-98.018333,-0.306761,555.0,306.326,,1936.0,0.2838,1.0,0.197,,,,,,5845.0,2.592058,62.50811,-106.351784,0.392048,,,,,,,,0.2802,
ndt,full,1,,,,,,-1.0,-1.0,-0.70156097,0.71096885,-0.04832932,-0.70869207,-0.70319939,-0.05714691,-0.07461479,-0.00584143,0.99719536,57.433083,-107.265015,-1.238889,585.0,260.553,,1936.0,0.2969,1.0,0.174,,,,,,5151.0,3.920896,59.041004,-107.240898,-0.712666,,,,,,,,0.2951,
ndt,full,1,,,,,,-1.0,-1.0,-0.70862263,0.7044189,-0.04060098,-0.70154351,-0.70954502,-0.06619711,-0.07543868,-0.0184254,0.99698055,46.89856,-117.758003,-2.320189,615.0,259.32,,1936.0,0.243,1.0,0.141,,,,,,5401.0,1.875501,54.825554,-118.488373,-1.826467,,,,,,,,0.2387,
ndt,full,1,,,,,,-1.0,-1.0,-0.71252614,0.70066226,-0.03713055,-0.69867861,-0.71338052,-0.05418527,-0.06445384,-0.01266609,0.99784052,36.386791,-128.184479,-3.310578,645.0,288.591,,1936.0,0.1915,1.0,0.029,,,,,,5787.0,1.39565,34.989929,-121.768654,-2.709987,,,,,,,,0.1887,
ndt,full,1,,,,,,-1.0,-1.0,-0.69629318,0.71550882,-0.05676394,-0.71443403,-0.69850022,-0.04100441,-0.06898856,0.01200301,0.99754572,26.677357,-138.227051,-4.025613,675.0,332.937,,1936.0,0.2897,1.0,0.244,,,,,,6565.0,2.948313,28.604048,-136.762253,-4.157638,,,,,,,,0.2873,
ndt,full,1,,,,,,-1.0,-1.0,-0.70987105,0.70395559,-0.02299224,-0.70361745,-0.71024287,-0.02182795,-0.03169598,0.00068272,0.99949759,16.415878,-148.70253,-4.882696,705.0,339.648,,1936.0,0.3414,1.0,0.278,,,,,,6558.0,5.676042,18.760664,-150.609772,-5.297392,,,,,,,,0.3364,
ndt,full,1,,,,,,-1.0,-1.0,-0.7180723,0.69593656,0.00670045,-0.69556403,-0.71729267,-0.04100207,-0.02372863,-0.03410301,0.99913687,6.084987,-158.998169,-5.400035,735.0,327.384,,1936.0,0.2852,1.0,0.232,,,,,,6400.0,3.297412,5.044567,-155.807938,-6.112426,,,,,,,,0.2812,
ndt,full,1,,,,,,-1.0,-1.0,-0.80577695,0.59221828,0.00055054,-0.59208739,-0.80561876,0.02026801,0.01244663,0.01600554,0.99979478,-3.93025,-167.381622,-5.446608,765.0,297.942,,1936.0,0.2771,1.0,0.269,,,,,,5990.0,5.760809,-1.30409,-167.158386,-5.060431,,,,,,,,0.2706,
ndt,full,1,,,,,,-1.0,-1.0,-0.92420262,0.38166007,0.01361622,-0.38121691,-0.9240917,0.02698307,0.02288101,0.01974707,0.99954319,-17.598331,-174.552017,-5.242898,795.0,275.13,,1936.0,0.2315,1.0,0.057,,,,,,5629.0,1.878233,-15.534166,-165.355301,-5.656994,,,,,,,,0.2276,
ndt,full,1,,,,,,-1.0,-1.0,-0.9783954,0.20191003,0.04444006,-0.20069405,-0.97918355,0.03035318,0.04964359,0.02077857,0.99855077,-31.573839,-178.77037,-4.662293,825.0,311.643,,1936.0,0.1594,1.0,0.203,,,,,,6431.0,3.55573,-39.354099,-178.397324,-5.501183,,,,,,,,0.152,
ndt,full,1,,,,,,-1.0,-1.0,-0.99763221,-0.0310826,0.0613476,0.03190293,-0.99941325,0.01243755,0.06092502,0.01436522,0.99803925,-46.634312,-179.801193,-3.79329,855.0,336.484,,1936.0,0.2264,1.0,0.201,,,,,,6718.0,6.010091,-53.844917,-183.312454,-4.414369,,,,,,,,0.2231,
ndt,full,1,,,,,,-1.0,-1.0,-0.99278134,-0.10580907,0.05647384,0.10677877,-0.99417764,0.01442993,0.05461819,0.02035593,0.99830031,-57.581409,-179.052551,-3.072663,885.0,368.539,,1936.0,0.0944,1.0,0.012,,,,,,7382.0,1.451512,-61.980427,-181.748169,-2.618862,,,,,,,,0.0908,
ndt,full,1,,,,,,-1.0,-1.0,-0.98913258,-0.13105778,0.06663347,0.13201328,-0.99119627,0.01012473,0.06471992,0.01881117,0.99772626,-64.142448,-178.233597,-2.637031,915.0,372.081,,1936.0,0.1192,1.0,0.103,,,,,,7635.0,5.968637,-58.400963,-173.834885,-2.753617,,,,,,,,0.1158,
ndt,full,1,,,,,,-1.0,-1.0,-0.99644583,0.03007326,0.07868046,-0.02942709,-0.99952269,0.00935936,0.07892432,0.00701074,0.99685639,-69.538834,-178.114456,-2.266263,945.0,400.54,,1936.0,0.0658,1.0,0.681,,,,,,8105.0,3.396693,-71.931488,-184.703735,-2.373575,,,,,,,,0.0666,
ndt,full,1,,,,,,-1.0,-1.0,-0.99544382,0.07195877,0.06255163,-0.07130867,-0.99737453,0.01256631,0.06329165,0.00804857,0.99796265,-74.219635,-178.733963,-1.939893,975.0,405.156,,1936.0,0.0659,1.0,0.105,,,,,,8279.0,0.284916,-65.950699,-176.037262,-1.828927,,,,,,,,0.0648,
ndt,full,1,,,,,,-1.0,-1.0,-0.99334258,-0.0998981,0.05736791,0.10119554,-0.9946624,0.02016737,0.05504702,0.02583844,0.99814922,-77.489105,-178.456314,-1.736246,1005.0,426.881,,1936.0,0.0498,1.0,0.008,,,,,,8443.0,4.978819,-79.405792,-181.646149,-1.660836,,,,,,,,0.0495,
ndt,full,1,,,,,,-1.0,-1.0,-0.99280876,-0.10253967,0.06177493,0.10383622,-0.99442863,0.01814917,0.05956981,0.02443305,0.99792504,-77.542923,-178.439072,-1.724871,1035.0,482.002,,1936.0,0.0538,1.0,0.071,,,,,,9575.0,5.548841,-75.877998,-179.010773,-1.523068,,,,,,,,0.0524,
ndt,full,1,,,,,,-1.0,-1.0,-0.99278635,-0.10288391,0.06157088,0.10416806,-0.99439615,0.01801478,0.05937245,0.02429854,0.99794,-77.550209,-178.444046,-1.717856,1065.0,483.314,,1936.0,0.0633,1.0,0.093,,,,,,9758.0,2.814743,-71.451462,-182.626709,-2.421411,,,,,,,,0.0594,
ndt,full,1,,,,,,-1.0,-1.0,-0.98185253,-0.18025132,0.05894604,0.18161301,-0.98319447,0.01857967,0.05460645,0.02894784,0.99808848,-81.167427,-177.840378,-1.477562,1095.0,420.888,,1936.0,0.1882,1.0,0.281,,,,,,8370.0,2.372432,-75.289543,-170.532623,-0.828215,,,,,,,,0.1849,
ndt,full,1,,,,,,-1.0,-1.0,-0.99041867,0.11859301,0.07075275,-0.11622921,-0.99254531,0.03665278,0.07457212,0.02807805,0.99682015,-86.802246,-177.153549,-1.109624,1125.0,456.16,,1936.0,0.1088,1.0,1.594,,,,,,8584.0,4.098515,-92.590202,-172.822159,-1.771653,,,,,,,,0.1113,
ndt,full,1,,,,,,-1.0,-1.0,-0.73051906,-0.68075824,0.0539455,0.68273592,-0.72976053,0.03635412,0.01461891,0.06338789,0.99788195,-90.616737,-176.006058,-0.91017,1155.0,432.848,,1936.0,0.2151,1.0,1.433,,,,,,8393.0,3.587752,-85.34726,-178.477631,-1.205485,,,,,,,,0.2143,
ndt,full,1,,,,,,-1.0,-1.0,0.11313538,-0.99065894,0.0761243,0.99347669,0.11389297,0.00567145,-0.01428845,0.07498619,0.99708194,-90.427444,-173.596588,-0.989926,1185.0,402.103,,1936.0,0.1232,1.0,0.419,,,,,,7972.0,0.79366,-90.319313,-181.495789,-0.482806,,,,,,,,0.1221,
ndt,cascade,1,,,,,,-1.0,-1.0,-0.68823785,0.72370481,-0.0507953,-0.72389883,-0.68967509,-0.01784655,-0.04794784,0.02448795,0.99854964,0.062316,-0.081764,-0.017682,15.0,44.404,,1936.0,0.0995,1.0,0.371,,,,,,5279.0,5.859431,-8.654658,4.970391,0.442747,,,,,,,,0.0973,
ndt,cascade,1,,,,,,-1.0,-1.0,-0.68807316,0.72387505,-0.05059712,-0.72406203,-0.68950236,-0.01791295,-0.04785358,0.02431002,0.99855882,0.073961,-0.094867,-0.01477,45.0,46.915,,1936.0,0.1249,1.0,0.315,,,,,,5247.0,6.277157,3.579329,0.003715,-0.380133,,,,,,,,0.1208,
ndt,cascade,1,,,,,,-1.0,-1.0,-0.68841588,0.72355229,-0.05055413,-0.72373301,-0.68984574,-0.01802153,-0.04791401,0.02418138,0.99855864,0.075492,-0.091757,-0.013772,75.0,47.926,,1936.0,0.1144,1.0,0.342,,,,,,5287.0,2.49179,2.944909,3.872072,-0.812832,,,,,,,,0.1128,
ndt,cascade,1,,,,,,-1.0,-1.0,-0.68809247,0.72558117,-0.00780095,-0.72553843,-0.68780804,0.02267314,0.01108567,0.02126108,0.99971229,0.133762,-0.024433,0.016894,105.0,41.646,,1936.0,0.097,1.0,0.355,,,,,,4647.0,4.208138,2.519232,5.797919,-0.286601,,,,,,,,0.0957,
ndt,cascade,1,,,,,,-1.0,-1.0,-0.67939603,0.73349077,-0.02027455,-0.73367375,-0.67859483,0.03508487,0.01197615,0.03871144,0.99917901,-0.003667,-0.060359,0.026859,135.0,43.126,,1936.0,0.0234,1.0,0.236,,,,,,4636.0,5.317528,-7.724864,5.801884,0.102384,,,,,,,,0.0253,
ndt,cascade,1,,,,,,-1.0,-1.0,-0.24466835,0.96848887,-0.04654686,-0.96944255,-0.24346149,0.03012311,0.01784153,0.05249465,0.99846196,-2.007601,-5.37377,0.055541,165.0,49.833,,1936.0,0.1671,1.0,0.519,,,,,,5353.0,3.295833,-7.057024,-2.620081,0.468347,,,,,,,,0.1651,
ndt,cascade,1,,,,,,-1.0,-1.0,0.54536378,0.8378846,-0.02297488,-0.83815706,0.5454061,-0.00492476,0.00840427,0.02194231,0.99972391,1.064289,-14.070976,0.201337,195.0,56.436,,1936.0,0.0602,1.0,0.136,,,,,,5920.0,1.442476,2.886902,-7.664078,0.955904,,,,,,,,0.0581,
ndt,cascade,1,,,,,,-1.0,-1.0,0.8531723,0.52120703,0.02096998,-0.52129513,0.85337502,-0.00147755,-0.01866537,-0.00967091,0.99977928,9.000765,-19.873264,0.187462,225.0,74.658,,1936.0,0.1545,1.0,0.638,,,,,,7315.0,5.742593,16.307819,-18.733963,0.544879,,,,,,,,0.1541,
ndt,cascade,1,,,,,,-1.0,-1.0,0.70948571,0.70345259,0.04223765,-0.70394063,0.71024472,-0.00444084,-0.03312292,-0.02658206,0.99909776,15.050004,-25.20838,0.233442,255.0,74.693,,1936.0,0.0545,1.0,0.113,,,,,,7746.0,2.706159,9.218683,-21.880983,0.325815,,,,,,,,0.0531,
ndt,cascade,1,,,,,,-1.0,-1.0,0.74517906,0.66621113,0.02950937,-0.66659665,0.74540448,0.00463068,-0.0189114,-0.02312152,0.99955416,22.559441,-32.118301,0.136835,285.0,83.36,,1936.0,0.2196,1.0,0.594,,,,,,7770.0,4.890764,28.898352,-24.759132,-0.438592,,,,,,,,0.2165,
ndt,cascade,1,,,,,,-1.0,-1.0,0.68178332,0.73136044,0.01682406,-0.73150539,0.68182272,0.00417021,-0.0084211,-0.01515006,0.99984968,29.474501,-39.154018,0.263215,315.0,77.194,,1936.0,0.1403,1.0,0.341,,,,,,7500.0,5.043874,32.129349,-47.194672,1.059588,,,,,,,,0.1446,
ndt,cascade,1,,,,,,-1.0,-1.0,0.69404167,0.71990401,-0.00663626,-0.71991658,0.69405979,0.00063692,0.00506448,0.00433551,0.99997777,37.215492,-46.510113,-0.002823,345.0,61.393,,1936.0,0.0772,1.0,0.158,,,,,,5429.0,3.255648,36.029209,-43.775112,0.407705,,,,,,,,0.0753,
ndt,cascade,1,,,,,,-1.0,-1.0,0.76216274,0.6473313,0.00841507,-0.64717001,0.76217985,-0.01588824,-0.01669879,0.00666347,0.99983835,44.64716,-53.872799,0.005138,375.0,62.894,,1936.0,0.1399,1.0,0.313,,,,,,5806.0,5.209683,51.321503,-60.525444,0.80014,,,,,,,,0.1383,
ndt,cascade,1,,,,,,-1.0,-1.0,0.70980877,0.70422721,0.01534582,-0.70436865,0.70980012,0.00693289,-0.00601019,-0.01573014,0.99985844,51.547138,-60.674625,-0.017435,405.0,52.166,,1936.0,0.088,1.0,0.076,,,,,,4407.0,1.715623,59.388046,-56.123367,-0.929394,,,,,,,,0.0872,
ndt,cascade,1,,,,,,-1.0,-1.0,0.70258874,0.71151757,0.01054229,-0.71157098,0.70261139,0.00205764,-0.00594302,-0.00894723,0.9999423,58.022221,-66.820244,-0.007889,435.0,48.92,,1936.0,0.0748,1.0,0.392,,,,,,4421.0,4.213052,59.224369,-64.758072,0.744862,,,,,,,,0.0736,
ndt,cascade,1,,,,,,-1.0,-1.0,0.71674502,0.69728529,0.00833115,-0.69717836,0.71627808,0.0297943,0.01480769,-0.0271632,0.99952143,65.38269,-73.706123,0.068691,465.0,61.118,,1936.0,0.0172,1.0,0.407,,,,,,5796.0,4.220127,71.6661,-69.252625,-0.075376,,,,,,,,0.0187,
ndt,cascade,1,,,,,,-1.0,-1.0,0.58716565,0.80658954,-0.06818926,-0.80892527,0.58776832,-0.01298052,0.02960951,0.06278165,0.99758822,71.391472,-80.531715,0.873593,495.0,66.941,,1936.0,0.0917,1.0,0.4,,,,,,6670.0,1.241249,77.602966,-82.296379,0.96447,,,,,,,,0.0903,
ndt,cascade,1,,,,,,-1.0,-1.0,-0.21762401,0.97432286,-0.05775007,-0.97324431,-0.2210914,-0.06256435,-0.07372589,0.04258937,0.99636865,72.748077,-89.248161,0.602972,525.0,68.384,,1936.0,0.2828,1.0,1.164,,,,,,6754.0,0.892967,70.632957,-94.480713,0.215161,,,,,,,,0.2816,
ndt,cascade,1,,,,,,-1.0,-1.0,-0.69555336,0.71756935,-0.03604132,-0.714212,-0.69601232,-0.07394554,-0.0781463,-0.02569191,0.99661082,66.165329,-98.018341,-0.306761,555.0,63.113,,1936.0,0.2838,1.0,0.197,,,,,,5845.0,2.592058,62.50811,-106.351784,0.392048,,,,,,,,0.2802,
ndt,cascade,1,,,,,,-1.0,-1.0,-0.70156056,0.71096945,-0.04832916,-0.70869291,-0.70319879,-0.05714694,-0.07461476,-0.00584152,0.99719536,57.433064,-107.265022,-1.238891,585.0,54.358,,1936.0,0.2969,1.0,0.174,,,,,,5151.0,3.920896,59.041004,-107.240898,-0.712666,,,,,,,,0.2951,
ndt,cascade,1,,,,,,-1.0,-1.0,-0.70861179,0.70442909,-0.04059932,-0.70155454,-0.70953447,-0.0661974,-0.07543803,-0.01842562,0.99698013,46.899467,-117.756721,-2.320136,615.0,55.094,,1936.0,0.2445,1.0,0.141,,,,,,5401.0,1.875501,54.825554,-118.488373,-1.826467,,,,,,,,0.2387,
ndt,cascade,1,,,,,,-1.0,-1.0,-0.71252537,0.70066279,-0.03713093,-0.69867915,-0.71337944,-0.05418537,-0.06445406,-0.01266585,0.99784064,36.386906,-128.184265,-3.310581,645.0,60.332,,1936.0,0.1918,1.0,0.03,,,,,,5787.0,1.39565,34.989929,-121.768654,-2.709987,,,,,,,,0.1887,
ndt,cascade,1,,,,,,-1.0,-1.0,-0.69629288,0.71550876,-0.05676422,-0.71443409,-0.6984995,-0.04100444,-0.06898876,0.0120032,0.9975459,26.677416,-138.22702,-4.025608,675.0,68.877,,1936.0,0.2897,1.0,0.244,,,,,,6565.0,2.948313,28.604048,-136.762253,-4.157638,,,,,,,,0.2873,
ndt,cascade,1,,,,,,-1.0,-1.0,-0.70987105,0.70395643,-0.02299223,-0.70361823,-0.71024269,-0.02182792,-0.03169594,0.00068273,0.99949741,16.415865,-148.702576,-4.882697,705.0,71.132,,1936.0,0.3413,1.0,0.278,,,,,,6558.0,5.676042,18.760664,-150.609772,-5.297392,,,,,,,,0.3364,
ndt,cascade,1,,,,,,-1.0,-1.0,-0.71807235,0.6959368,0.00670049,-0.69556433,-0.71729314,-0.04100204,-0.02372866,-0.03410301,0.9991371,6.084994,-158.998184,-5.400034,735.0,68.14,,1936.0,0.2852,1.0,0.232,,,,,,6400.0,3.297412,5.044567,-155.807938,-6.112426,,,,,,,,0.2812,
ndt,cascade,1,,,,,,-1.0,-1.0,-0.80577731,0.59221822,0.00055061,-0.59208763,-0.80561835,0.02026811,0.01244674,0.01600558,0.99979472,-3.930291,-167.381622,-5.446608,765.0,61.534,,1936.0,0.2771,1.0,0.269,,,,,,5990.0,5.760809,-1.30409,-167.158386,-5.060431,,,,,,,,0.2706,
ndt,cascade,1,,,,,,-1.0,-1.0,-0.9242025,0.38166025,0.01361621,-0.38121712,-0.92409158,0.02698309,0.02288097,0.01974707,0.99954295,-17.598312,-174.552017,-5.242899,795.0,57.271,,1936.0,0.2316,1.0,0.057,,,,,,5629.0,1.878233,-15.534166,-165.355301,-5.656994,,,,,,,,0.2276,
ndt,cascade,1,,,,,,-1.0,-1.0,-0.97839534,0.2019098,0.04444011,-0.20069385,-0.97918409,0.03035313,0.04964362,0.02077851,0.99855065,-31.573856,-178.77037,-4.662293,825.0,64.025,,1936.0,0.1593,1.0,0.203,,,,,,6431.0,3.55573,-39.354099,-178.397324,-5.501183,,,,,,,,0.152,
ndt,cascade,1,,,,,,-1.0,-1.0,-0.99763161,-0.0310826,0.06134759,0.03190296,-0.99941343,0.0124375,0.06092499,0.01436519,0.99803925,-46.634312,-179.801193,-3.793291,855.0,67.973,,1936.0,0.2264,1.0,0.201,,,,,,6718.0,6.010091,-53.844917,-183.312454,-4.414369,,,,,,,,0.2231,
ndt,cascade,1,,,,,,-1.0,-1.0,-0.9927876,-0.10575567,0.05646328,0.10672447,-0.99418354,0.01441873,0.05461001,0.02034072,0.99830067,-57.58147,-179.052734,-3.07262,885.0,74.15,,1936.0,0.0944,1.0,0.009,,,,,,7382.0,1.451512,-61.980427,-181.748169,-2.618862,,,,,,,,0.0908,
ndt,cascade,1,,,,,,-1.0,-1.0,-0.98913306,-0.13105661,0.06663353,0.13201204,-0.99119627,0.01012469,0.06471997,0.01881108,0.99772644,-64.142494,-178.233627,-2.637028,915.0,75.044,,1936.0,0.1192,1.0,0.102,,,,,,7635.0,5.968637,-58.400963,-173.834885,-2.753617,,,,,,,,0.1158,
ndt,cascade,1,,,,,,-1.0,-1.0,-0.9964456,0.03007336,0.07868039,-0.02942719,-0.99952281,0.00935929,0.07892429,0.00701067,0.99685609,-69.538841,-178.114456,-2.266263,945.0,78.896,,1936.0,0.0658,1.0,0.681,,,,,,8105.0,3.396693,-71.931488,-184.703735,-2.373575,,,,,,,,0.0666,
ndt,cascade,1,,,,,,-1.0,-1.0,-0.99544364,0.07196024,0.06255123,-0.07131017,-0.99737453,0.0125663,0.0632913,0.00804851,0.99796271,-74.21962,-178.733994,-1.939896,975.0,79.684,,1936.0,0.0659,1.0,0.105,,,,,,8279.0,0.284916,-65.950699,-176.037262,-1.828927,,,,,,,,0.0648,
ndt,cascade,1,,,,,,-1.0,-1.0,-0.9933424,-0.09989909,0.05736799,0.10119661,-0.99466199,0.02016752,0.05504714,0.0258387,0.99814898,-77.48912,-178.456268,-1.736242,1005.0,84.783,,1936.0,0.0498,1.0,0.008,,,,,,8443.0,4.978819,-79.405792,-181.646149,-1.660836,,,,,,,,0.0495,
ndt,cascade,1,,,,,,-1.0,-1.0,-0.99280536,-0.10256662,0.06178502,0.10386375,-0.99442601,0.01815276,0.05957871,0.02443939,0.99792445,-77.54496,-178.439041,-1.724728,1035.0,93.469,,1936.0,0.0554,1.0,0.073,,,,,,9575.0,5.548841,-75.877998,-179.010773,-1.523068,,,,,,,,0.0524,
ndt,cascade,1,,,,,,-1.0,-1.0,-0.99278319,-0.10290687,0.0615752,0.10419113,-0.99439359,0.01801531,0.05937614,0.0243009,0.99793988,-77.550903,-178.44426,-1.71781,1065.0,94.31,,1936.0,0.0639,1.0,0.094,,,,,,9758.0,2.814743,-71.451462,-182.626709,-2.421411,,,,,,,,0.0594,
ndt,cascade,1,,,,,,-1.0,-1.0,-0.98185289,-0.18025111,0.05894606,0.18161291,-0.98319423,0.01857958,0.05460647,0.02894781,0.9980883,-81.167419,-177.840378,-1.477563,1095.0,82.337,,1936.0,0.1882,1.0,0.281,,,,,,8370.0,2.372432,-75.289543,-170.532623,-0.828215,,,,,,,,0.1849,
ndt,cascade,1,,,,,,-1.0,-1.0,-0.99041879,0.11859439,0.07075264,-0.11623063,-0.99254477,0.0366527,0.07457207,0.02807797,0.99682003,-86.802284,-177.153534,-1.109622,1125.0,92.724,,1936.0,0.1089,1.0,1.594,,,,,,8584.0,4.098515,-92.590202,-172.822159,-1.771653,,,,,,,,0.1113,
ndt,cascade,1,,,,,,-1.0,-1.0,-0.73051924,-0.68075854,0.05394548,0.68273598,-0.72976065,0.03635412,0.01461894,0.0633879,0.99788183,-90.616737,-176.006058,-0.91017,1155.0,82.973,,1936.0,0.2151,1.0,1.433,,,,,,8393.0,3.587752,-85.34726,-178.477631,-1.205485,,,,,,,,0.2143,
ndt,cascade,1,,,,,,-1.0,-1.0,0.11313438,-0.99065936,0.07612423,0.99347669,0.11389195,0.00567134,-0.01428831,0.07498606,0.99708235,-90.427467,-173.596588,-0.989925,1185.0,75.413,,1936.0,0.1232,1.0,0.42,,,,,,7972.0,0.79366,-90.319313,-181.495789,-0.482806,,,,,,,,0.1221,
ndt,full,41,,,,,,-1.0,-1.0,-0.68824005,0.72370267,-0.05079667,-0.72389716,-0.68967754,-0.01784219,-0.04794577,0.02449183,0.99854976,0.062452,-0.08192,-0.017715,15.0,192.952,,1936.0,0.0997,1.0,0.371,,,,,,5279.0,2.016735,-0.043349,8.246301,-0.90571,,,,,,,,0.0973,
ndt,full,41,,,,,,-1.0,-1.0,-0.68807685,0.72387141,-0.05059708,-0.72405827,-0.68950605,-0.01791496,-0.04785509,0.02430834,0.99855858,0.074247,-0.095098,-0.014726,45.0,221.029,,1936.0,0.1253,1.0,0.315,,,,,,5247.0,3.773475,-1.749356,-3.531008,-0.897859,,,,,,,,0.1208,
ndt,full,41,,,,,,-1.0,-1.0,-0.6884234,0.72354531,-0.0505548,-0.72372496,-0.68985355,-0.01802751,-0.04791904,0.02417719,0.99855864,0.076251,-0.092221,-0.013672,75.0,204.923,,1936.0,0.1152,1.0,0.342,,,,,,5287.0,4.950298,7.164066,6.422512,0.210222,,,,,,,,0.1128,
ndt,full,41,,,,,,-1.0,-1.0,-0.68808711,0.72558618,-0.00780097,-0.72554314,-0.68780321,0.02267325,0.01108588,0.02126112,0.99971241,0.133542,-0.024333,0.016891,105.0,173.503,,1936.0,0.0968,1.0,0.356,,,,,,4647.0,4.416916,3.260776,8.207189,0.359309,,,,,,,,0.0957,
ndt,full,41,,,,,,-1.0,-1.0,-0.67938918,0.73349851,-0.0202724,-0.73368055,-0.67858875,0.03508016,0.01197461,0.03870659,0.99917895,-0.003957,-0.060171,0.026915,135.0,202.845,,1936.0,0.0231,1.0,0.236,,,,,,4636.0,5.038976,7.914017,-4.568258,-0.13769,,,,,,,,0.0253,
ndt,full,41,,,,,,-1.0,-1.0,-0.24466714,0.96848923,-0.04654679,-0.96944296,-0.24346031,0.03012311,0.01784161,0.05249462,0.99846154,-2.007618,-5.373779,0.055541,165.0,221.38,,1936.0,0.1671,1.0,0.519,,,,,,5353.0,2.892339,-4.256798,-1.662792,-0.336025,,,,,,,,0.1651,
ndt,full,41,,,,,,-1.0,-1.0,0.54538691,0.83786911,-0.02297614,-0.8381424,0.54542947,-0.00492627,0.0084043,0.02194396,0.99972397,1.064238,-14.070841,0.201354,195.0,269.194,,1936.0,0.0601,1.0,0.138,,,,,,5920.0,5.489786,4.260569,-6.364653,-0.16611,,,,,,,,0.0581,
ndt,full,41,,,,,,-1.0,-1.0,0.85317254,0.52120721,0.02097026,-0.52129459,0.85337532,-0.00147726,-0.01866538,-0.00967133,0.99977911,9.000762,-19.873266,0.187461,225.0,343.366,,1936.0,0.1545,1.0,0.638,,,,,,7315.0,1.502754,1.991456,-19.140057,-0.657015,,,,,,,,0.1541,
ndt,full,41,,,,,,-1.0,-1.0,0.70958501,0.70334923,0.04229833,-0.70384151,0.71034366,-0.00436398,-0.03311575,-0.0266747,0.99909568,15.049318,-25.208559,0.232979,255.0,394.073,,1936.0,0.0546,1.0,0.105,,,,,,7746.0,0.834029,14.552266,-27.081535,-0.162211,,,,,,,,0.0531,
ndt,full,41,,,,,,-1.0,-1.0,0.74513948,0.66625553,0.02950622,-0.66663957,0.74536496,0.00461792,-0.01891619,-0.02311104,0.99955422,22.560423,-32.118679,0.136832,285.0,421.767,,1936.0,0.2186,1.0,0.591,,,,,,7770.0,4.548863,22.552889,-38.529175,-0.038369,,,,,,,,0.2165,
ndt,full,41,,,,,,-1.0,-1.0,0.68178242,0.73136085,0.01682696,-0.73150641,0.68182164,0.00416581,-0.00842629,-0.01514914,0.9998498,29.474518,-39.154007,0.263271,315.0,398.879,,1936.0,0.1403,1.0,0.341,,,,,,7500.0,4.295998,23.942202,-43.635448,0.579978,,,,,,,,0.1446,
ndt,full,41,,,,,,-1.0,-1.0,0.69403476,0.71991038,-0.00665789,-0.71992344,0.69405288,0.00060614,0.00505727,0.00437248,0.99997789,37.215446,-46.50993,-0.002634,345.0,296.34,,1936.0,0.0773,1.0,0.159,,,,,,5429.0,2.65563,30.567791,-43.025414,-0.189123,,,,,,,,0.0753,
ndt,full,41,,,,,,-1.0,-1.0,0.76216519,0.64732808,0.00841522,-0.64716738,0.76218295,-0.0158882,-0.0166988,0.00666338,0.99983841,44.647186,-53.872787,0.005139,375.0,319.878,,1936.0,0.1399,1.0,0.313,,,,,,5806.0,4.381523,45.240452,-49.079468,-0.105744,,,,,,,,0.1383,
ndt,full,41,,,,,,-1.0,-1.0,0.70980859,0.7042281,0.01534599,-0.70436978,0.7098,0.00693268,-0.0060104,-0.0157301,0.99985814,51.547104,-60.674591,-0.017436,405.0,242.438,,1936.0,0.088,1.0,0.076,,,,,,4407.0,4.394344,49.237198,-58.391529,0.159708,,,,,,,,0.0872,
ndt,full,41,,,,,,-1.0,-1.0,0.70258856,0.71151793,0.01054227,-0.71157104,0.70261127,0.0020579,-0.00594292,-0.00894745,0.99994224,58.022221,-66.820312,-0.007889,435.0,228.228,,1936.0,0.0747,1.0,0.392,,,,,,4421.0,3.915026,65.923721,-61.166435,0.47128,,,,,,,,0.0736,
ndt,full,41,,,,,,-1.0,-1.0,0.71674925,0.69728124,0.00833197,-0.69717366,0.7162829,0.02979577,0.014808,-0.02716492,0.99952114,65.382614,-73.706131,0.068684,465.0,306.839,,1936.0,0.0172,1.0,0.407,,,,,,5796.0,0.488149,70.332191,-70.865959,-0.665143,,,,,,,,0.0187,
ndt,full,41,,,,,,-1.0,-1.0,0.5871653,0.80658996,-0.06818948,-0.80892456,0.5877682,-0.01298063,0.02960956,0.06278191,0.9975881,71.391525,-80.531685,0.873598,495.0,358.937,,1936.0,0.0917,1.0,0.4,,,,,,6670.0,2.931333,68.139465,-73.985207,1.183994,,,,,,,,0.0903,
ndt,full,41,,,,,,-1.0,-1.0,-0.21763293,0.97432089,-0.05775077,-0.97324228,-0.22110048,-0.06256498,-0.07372709,0.04258928,0.99636847,72.746758,-89.248932,0.602912,525.0,342.197,,1936.0,0.2813,1.0,1.163,,,,,,6754.0,1.218705,81.290466,-89.482887,0.146133,,,,,,,,0.2816,
ndt,full,41,,,,,,-1.0,-1.0,-0.69555646,0.71756697,-0.03603514,-0.71420878,-0.69601518,-0.0739506,-0.07814551,-0.02570017,0.99661076,66.165718,-98.018005,-0.306732,555.0,309.438,,1936.0,0.2843,1.0,0.197,,,,,,5845.0,4.853522,59.978348,-101.5868,0.467999,,,,,,,,0.2802,
ndt,full,41,,,,,,-1.0,-1.0,-0.70156056,0.71096885,-0.04832929,-0.70869237,-0.70319933,-0.05714694,-0.07461477,-0.00584142,0.99719542,57.433098,-107.264992,-1.238887,585.0,256.001,,1936.0,0.2969,1.0,0.174,,,,,,5151.0,4.827185,59.086597,-114.910965,-1.776779,,,,,,,,0.2951,
ndt,full,41,,,,,,-1.0,-1.0,-0.70861137,0.70442927,-0.04059929,-0.70155424,-0.70953441,-0.06619742,-0.07543799,-0.01842567,0.99698037,46.899456,-117.756737,-2.320138,615.0,265.394,,1936.0,0.2445,1.0,0.141,,,,,,5401.0,5.489502,41.275864,-110.085815,-1.879797,,,,,,,,0.2387,
ndt,full,41,,,,,,-1.0,-1.0,-0.71252835,0.70065981,-0.0371349,-0.69867516,-0.71338302,-0.05419657,-0.0644648,-0.01267131,0.99783939,36.385979,-128.185135,-3.310707,645.0,281.984,,1936.0,0.1905,1.0,0.029,,,,,,5787.0,4.353675,34.341171,-125.81765,-3.367177,,,,,,,,0.1887,
ndt,full,41,,,,,,-1.0,-1.0,-0.69629842,0.71550387,-0.05676492,-0.71442848,-0.69850552,-0.04100542,-0.06899012,0.01200249,0.99754506,26.677794,-138.226669,-4.025571,675.0,324.183,,1936.0,0.2902,1.0,0.244,,,,,,6565.0,2.328351,26.706207,-130.994522,-4.488098,,,,,,,,0.2873,
ndt,full,41,,,,,,-1.0,-1.0,-0.70987034,0.70395678,-0.02299132,-0.70361882,-0.71024179,-0.0218278,-0.03169529,0.00068227,0.99949735,16.415701,-148.702744,-4.882707,705.0,339.239,,1936.0,0.3411,1.0,0.278,,,,,,6558.0,5.039668,17.238319,-151.005615,-4.135877,,,,,,,,0.3364,
ndt,full,41,,,,,,-1.0,-1.0,-0.7180981,0.69590944,0.00671037,-0.69553787,-0.71731901,-0.04100592,-0.02372292,-0.0341136,0.99913651,6.083721,-158.998672,-5.400114,735.0,330.62,,1936.0,0.2839,1.0,0.23,,,,,,6400.0,2.605487,7.688312,-156.874405,-5.812339,,,,,,,,0.2812,
ndt,full,41,,,,,,-1.0,-1.0,-0.80577558,0.59222096,0.00055117,-0.59209031,-0.80561668,0.02026756,0.01244689,0.01600475,0.99979478,-3.930384,-167.382034,-5.446617,765.0,294.966,,1936.0,0.2768,1.0,0.27,,,,,,5990.0,1.544213,-12.076794,-168.769608,-4.616386,,,,,,,,0.2706,
ndt,full,41,,,,,,-1.0,-1.0,-0.92420262,0.38166025,0.0136162,-0.38121682,-0.92409199,0.02698311,0.02288101,0.01974708,0.99954337,-17.598328,-174.552017,-5.242898,795.0,272.25,,1936.0,0.2315,1.0,0.057,,,,,,5629.0,4.794088,-22.685797,-178.27803,-4.804496,,,,,,,,0.2276,
ndt,full,41,,,,,,-1.0,-1.0,-0.97839528,0.20191003,0.04444008,-0.20069404,-0.9791835,0.03035316,0.04964359,0.02077857,0.99855071,-31.573839,-178.77037,-4.662293,825.0,316.698,,1936.0,0.1594,1.0,0.203,,,,,,6431.0,3.900878,-32.54858,-174.814133,-5.054893,,,,,,,,0.152,
ndt,full,41,,,,,,-1.0,-1.0,-0.99763161,-0.0311001,0.06134832,0.03192058,-0.99941224,0.01243799,0.06092549,0.01436685,0.99803942,-46.633915,-179.801208,-3.79331,855.0,340.13,,1936.0,0.2268,1.0,0.2,,,,,,6718.0,1.065604,-43.054028,-174.119217,-3.380249,,,,,,,,0.2231,
ndt,full,41,,,,,,-1.0,-1.0,-0.99279046,-0.1057282,0.05645933,0.10669672,-0.9941867,0.01441501,0.05460698,0.02033509,0.99830127,-57.581432,-179.052765,-3.072647,885.0,364.158,,1936.0,0.0944,1.0,0.007,,,,,,7382.0,4.934648,-50.831829,-181.592926,-2.655736,,,,,,,,0.0908,
ndt,full,41,,,,,,-1.0,-1.0,-0.98913145,-0.13106893,0.06663499,0.13202435,-0.99119419,0.01012431,0.06472129,0.01881175,0.99772567,-64.142654,-178.23349,-2.637022,915.0,373.105,,1936.0,0.119,1.0,0.103,,,,,,7635.0,4.039725,-60.980587,-182.014297,-1.758716,,,,,,,,0.1158,
ndt,full,41,,,,,,-1.0,-1.0,-0.99644578,0.03007803,0.07867967,-0.02943201,-0.99952275,0.00935757,0.07892361,0.00700858,0.99685633,-69.538857,-178.114487,-2.266237,945.0,404.783,,1936.0,0.0657,1.0,0.681,,,,,,8105.0,0.886684,-68.414261,-180.66481,-1.542438,,,,,,,,0.0666,
ndt,full,41,,,,,,-1.0,-1.0,-0.99544442,0.07195382,0.06255163,-0.07130376,-0.99737471,0.01256555,0.0632915,0.00804808,0.99796313,-74.21949,-178.733963,-1.93989,975.0,414.181,,1936.0,0.066,1.0,0.105,,,,,,8279.0,2.972774,-67.457962,-177.566925,-2.418824,,,,,,,,0.0648,
ndt,full,41,,,,,,-1.0,-1.0,-0.99334323,-0.09989189,0.05736586,0.10118914,-0.9946627,0.02016586,0.05504529,0.02583642,0.99814928,-77.488998,-178.45639,-1.736284,1005.0,430.877,,1936.0,0.0498,1.0,0.007,,,,,,8443.0,3.620628,-78.072159,-172.659424,-1.930191,,,,,,,,0.0495,
ndt,full,41,,,,,,-1.0,-1.0,-0.99280548,-0.10256636,0.06178496,0.10386352,-0.99442571,0.01815284,0.05957873,0.02443936,0.99792427,-77.544968,-178.439041,-1.724728,1035.0,502.947,,1936.0,0.0554,1.0,0.073,,,,,,9575.0,4.847091,-86.492744,-177.24295,-2.05334,,,,,,,,0.0524,
ndt,full,41,,,,,,-1.0,-1.0,-0.99278533,-0.10288974,0.06157199,0.10417392,-0.99439585,0.01801463,0.0593734,0.02429888,0.99793983,-77.550331,-178.444046,-1.717847,1065.0,500.379,,1936.0,0.0634,1.0,0.093,,,,,,9758.0,0.830333,-80.801956,-177.050476,-1.579822,,,,,,,,0.0594,
ndt,full,41,,,,,,-1.0,-1.0,-0.98185235,-0.18025349,0.05894642,0.18161523,-0.98319405,0.01857977,0.05460676,0.02894813,0.99808824,-81.167328,-177.840378,-1.477571,1095.0,438.471,,1936.0,0.1883,1.0,0.281,,,,,,8370.0,4.66482,-86.936623,-173.367752,-1.286472,,,,,,,,0.1849,
ndt,full,41,,,,,,-1.0,-1.0,-0.99041826,0.1185964,0.07075256,-0.11623276,-0.99254537,0.03665266,0.07457194,0.02807771,0.99682039,-86.8022,-177.153534,-1.109625,1125.0,445.578,,1936.0,0.1088,1.0,1.594,,,,,,8584.0,4.263813,-93.81192,-170.399658,-1.694968,,,,,,,,0.1113,
ndt,full,41,,,,,,-1.0,-1.0,-0.73048311,-0.68079585,0.05395369,0.68277413,-0.72972411,0.03635882,0.01461842,0.06339769,0.99788123,-90.617188,-176.006653,-0.910062,1155.0,445.651,,1936.0,0.2153,1.0,1.43,,,,,,8393.0,4.668337,-96.549118,-169.184875,-0.494971,,,,,,,,0.2143,
ndt,full,41,,,,,,-1.0,-1.0,0.11314836,-0.99065721,0.07612403,0.99347538,0.11390629,0.0056722,-0.01429018,0.07498554,0.99708283,-90.427246,-173.59671,-0.989954,1185.0,412.928,,1936.0,0.1232,1.0,0.419,,,,,,7972.0,1.378345,-91.060883,-182.250702,-0.569629,,,,,,,,0.1221,
ndt,cascade,41,,,,,,-1.0,-1.0,-0.68822247,0.723719,-0.05079674,-0.72391397,-0.6896596,-0.01784203,-0.04794511,0.02449322,0.99854934,0.062013,-0.081637,-0.017757,15.0,44.548,,1936.0,0.0992,1.0,0.372,,,,,,5279.0,2.016735,-0.043349,8.246301,-0.90571,,,,,,,,0.0973,
ndt,cascade,41,,,,,,-1.0,-1.0,-0.68807691,0.72387201,-0.05059713,-0.72405815,-0.68950659,-0.01791498,-0.04785512,0.02430835,0.99855888,0.074239,-0.095091,-0.014726,45.0,49.266,,1936.0,0.1252,1.0,0.315,,,,,,5247.0,3.773475,-1.749356,-3.531008,-0.897859,,,,,,,,0.1208,
ndt,cascade,41,,,,,,-1.0,-1.0,-0.68842322,0.72354531,-0.05055487,-0.72372442,-0.68985367,-0.01802754,-0.04791915,0.02417718,0.9985587,0.076235,-0.092212,-0.013672,75.0,48.553,,1936.0,0.1152,1.0,0.342,,,,,,5287.0,4.950298,7.164066,6.422512,0.210222,,,,,,,,0.1128,
ndt,cascade,41,,,,,,-1.0,-1.0,-0.68808711,0.7255863,-0.00780091,-0.7255432,-0.68780303,0.02267324,0.0110859,0.02126107,0.99971235,0.133549,-0.024341,0.016892,105.0,41.173,,1936.0,0.0969,1.0,0.356,,,,,,4647.0,4.416916,3.260776,8.207189,0.359309,,,,,,,,0.0957,
ndt,cascade,41,,,,,,-1.0,-1.0,-0.67938852,0.73349905,-0.02027417,-0.73368108,-0.67858791,0.03508148,0.01197437,0.03870868,0.99917871,-0.003945,-0.060189,0.026904,135.0,44.494,,1936.0,0.0231,1.0,0.236,,,,,,4636.0,5.038976,7.914017,-4.568258,-0.13769,,,,,,,,0.0253,
ndt,cascade,41,,,,,,-1.0,-1.0,-0.24466813,0.96848923,-0.04654681,-0.96944278,-0.2434614,0.03012316,0.01784158,0.05249463,0.9984619,-2.007603,-5.373767,0.055541,165.0,50.639,,1936.0,0.1671,1.0,0.519,,,,,,5353.0,2.892339,-4.256798,-1.662792,-0.336025,,,,,,,,0.1651,
ndt,cascade,41,,,,,,-1.0,-1.0,0.54536736,0.83788198,-0.02297499,-0.83815461,0.54541004,-0.00492461,0.00840461,0.02194226,0.99972403,1.064279,-14.07096,0.201339,195.0,56.221,,1936.0,0.0602,1.0,0.137,,,,,,5920.0,5.489786,4.260569,-6.364653,-0.16611,,,,,,,,0.0581,
ndt,cascade,41,,,,,,-1.0,-1.0,0.853172,0.52120763,0.0209701,-0.52129495,0.8533749,-0.00147759,-0.0186654,-0.00967089,0.99977934,9.00077,-19.873264,0.187462,225.0,71.933,,1936.0,0.1545,1.0,0.638,,,,,,7315.0,1.502754,1.991456,-19.140057,-0.657015,,,,,,,,0.1541,
ndt,cascade,41,,,,,,-1.0,-1.0,0.70958644,0.70334852,0.04228046,-0.70383948,0.71034527,-0.00438898,-0.03312072,-0.02664427,0.99909633,15.049376,-25.208424,0.233172,255.0,77.038,,1936.0,0.0547,1.0,0.105,,,,,,7746.0,0.834029,14.552266,-27.081535,-0.162211,,,,,,,,0.0531,
ndt,cascade,41,,,,,,-1.0,-1.0,0.74514747,0.66624647,0.02950714,-0.6666317,0.74537295,0.00461928,-0.01891617,-0.02311241,0.99955446,22.560211,-32.118652,0.136831,285.0,87.943,,1936.0,0.2188,1.0,0.591,,,,,,7770.0,4.548863,22.552889,-38.529175,-0.038369,,,,,,,,0.2165,
ndt,cascade,41,,,,,,-1.0,-1.0,0.68178177,0.73136234,0.01681784,-0.73150718,0.68182057,0.00419395,-0.00839944,-0.01516168,0.9998498,29.474735,-39.154236,0.263029,315.0,78.604,,1936.0,0.1401,1.0,0.341,,,,,,7500.0,4.295998,23.942202,-43.635448,0.579978,,,,,,,,0.1446,
ndt,cascade,41,,,,,,-1.0,-1.0,0.69403476,0.71991062,-0.00665841,-0.71992379,0.69405264,0.00060531,0.00505707,0.00437345,0.99997789,37.215446,-46.509903,-0.002629,345.0,62.456,,1936.0,0.0773,1.0,0.159,,,,,,5429.0,2.65563,30.567791,-43.025414,-0.189123,,,,,,,,0.0753,
ndt,cascade,41,,,,,,-1.0,-1.0,0.76216739,0.64732516,0.00841498,-0.647165,0.76218474,-0.01588754,-0.01669817,0.0066631,0.99983859,44.647354,-53.872955,0.005142,375.0,64.162,,1936.0,0.1397,1.0,0.314,,,,,,5806.0,4.381523,45.240452,-49.079468,-0.105744,,,,,,,,0.1383,
ndt,cascade,41,,,,,,-1.0,-1.0,0.70980799,0.70422775,0.01534601,-0.70436937,0.70979995,0.00693264,-0.00601044,-0.01573008,0.99985814,51.547108,-60.674595,-0.017436,405.0,51.108,,1936.0,0.088,1.0,0.076,,,,,,4407.0,4.394344,49.237198,-58.391529,0.159708,,,,,,,,0.0872,
ndt,cascade,41,,,,,,-1.0,-1.0,0.70259166,0.71151525,0.01054251,-0.71156836,0.70261377,0.00205826,-0.0059428,-0.00894783,0.99994218,58.022205,-66.820229,-0.007887,435.0,47.97,,1936.0,0.0748,1.0,0.392,,,,,,4421.0,3.915026,65.923721,-61.166435,0.47128,,,,,,,,0.0736,
ndt,cascade,41,,,,,,-1.0,-1.0,0.71674889,0.6972816,0.00833224,-0.69717431,0.71628231,0.02979516,0.01480742,-0.02716466,0.99952108,65.382629,-73.706024,0.068686,465.0,61.512,,1936.0,0.0173,1.0,0.407,,,,,,5796.0,0.488149,70.332191,-70.865959,-0.665143,,,,,,,,0.0187,
ndt,cascade,41,,,,,,-1.0,-1.0,0.58716536,0.80658954,-0.06818927,-0.80892515,0.5877682,-0.01298053,0.02960951,0.06278166,0.99758822,71.391472,-80.531715,0.873593,495.0,72.213,,1936.0,0.0917,1.0,0.4,,,,,,6670.0,2.931333,68.139465,-73.985207,1.183994,,,,,,,,0.0903,
ndt,cascade,41,,,,,,-1.0,-1.0,-0.21761844,0.97432381,-0.05774688,-0.9732455,-0.22108562,-0.062566,-0.07372669,0.04258635,0.99636877,72.747253,-89.248749,0.602925,525.0,67.302,,1936.0,0.2818,1.0,1.164,,,,,,6754.0,1.218705,81.290466,-89.482887,0.146133,,,,,,,,0.2816,
ndt,cascade,41,,,,,,-1.0,-1.0,-0.69555295,0.7175703,-0.03604137,-0.71421188,-0.69601262,-0.07394548,-0.07814627,-0.02569181,0.99661118,66.165329,-98.018349,-0.30676,555.0,63.07,,1936.0,0.2838,1.0,0.197,,,,,,5845.0,4.853522,59.978348,-101.5868,0.467999,,,,,,,,0.2802,
ndt,cascade,41,,,,,,-1.0,-1.0,-0.7015608,0.71096838,-0.04832923,-0.70869231,-0.70319909,-0.05714696,-0.07461478,-0.00584155,0.99719536,57.433067,-107.265015,-1.238891,585.0,54.65,,1936.0,0.2969,1.0,0.174,,,,,,5151.0,4.827185,59.086597,-114.910965,-1.776779,,,,,,,,0.2951,
ndt,cascade,41,,,,,,-1.0,-1.0,-0.70861059,0.70443058,-0.04059939,-0.70155507,-0.70953357,-0.06619747,-0.07543821,-0.01842546,0.99698007,46.899582,-117.756561,-2.320124,615.0,56.31,,1936.0,0.2447,1.0,0.141,,,,,,5401.0,5.489502,41.275864,-110.085815,-1.879797,,,,,,,,0.2387,
ndt,cascade,41,,,,,,-1.0,-1.0,-0.71252596,0.70066226,-0.03713064,-0.69867843,-0.71338046,-0.05418529,-0.06445383,-0.01266609,0.99784046,36.386791,-128.184479,-3.310578,645.0,58.507,,1936.0,0.1915,1.0,0.029,,,,,,5787.0,4.353675,34.341171,-125.81765,-3.367177,,,,,,,,0.1887,
ndt,cascade,41,,,,,,-1.0,-1.0,-0.69629848,0.71550357,-0.05676474,-0.7144286,-0.69850552,-0.04100539,-0.06899003,0.01200239,0.99754512,26.677767,-138.226669,-4.025573,675.0,64.802,,1936.0,0.2902,1.0,0.244,,,,,,6565.0,2.328351,26.706207,-130.994522,-4.488098,,,,,,,,0.2873,
ndt,cascade,41,,,,,,-1.0,-1.0,-0.70987147,0.70395583,-0.02299226,-0.70361775,-0.71024323,-0.02182801,-0.03169602,0.00068271,0.99949735,16.415878,-148.70253,-4.882696,705.0,68.172,,1936.0,0.3414,1.0,0.278,,,,,,6558.0,5.039668,17.238319,-151.005615,-4.135877,,,,,,,,0.3364,
ndt,cascade,41,,,,,,-1.0,-1.0,-0.71809095,0.69591653,0.00671351,-0.69554496,-0.7173112,-0.04100712,-0.02372183,-0.03411635,0.99913651,6.083216,-158.999298,-5.400131,735.0,68.599,,1936.0,0.2831,1.0,0.231,,,,,,6400.0,2.605487,7.688312,-156.874405,-5.812339,,,,,,,,0.2812,
ndt,cascade,41,,,,,,-1.0,-1.0,-0.80577606,0.59222096,0.00055119,-0.59209001,-0.80561715,0.02026752,0.01244687,0.01600475,0.99979484,-3.930384,-167.382004,-5.446617,765.0,59.146,,1936.0,0.2768,1.0,0.269,,,,,,5990.0,1.544213,-12.076794,-168.769608,-4.616386,,,,,,,,0.2706,
ndt,cascade,41,,,,,,-1.0,-1.0,-0.92420179,0.38165975,0.01361628,-0.38121656,-0.92409188,0.02698301,0.02288103,0.01974703,0.99954301,-17.598343,-174.552017,-5.242899,795.0,57.461,,1936.0,0.2315,1.0,0.057,,,,,,5629.0,4.794088,-22.685797,-178.27803,-4.804496,,,,,,,,0.2276,
ndt,cascade,41,,,,,,-1.0,-1.0,-0.9783954,0.20190999,0.04444008,-0.20069407,-0.97918326,0.03035323,0.04964359,0.0207786,0.99855083,-31.573837,-178.77037,-4.662293,825.0,65.366,,1936.0,0.1594,1.0,0.203,,,,,,6431.0,3.900878,-32.54858,-174.814133,-5.054893,,,,,,,,0.152,
ndt,cascade,41,,,,,,-1.0,-1.0,-0.99763089,-0.03111162,0.06134966,0.03193196,-0.99941188,0.01243729,0.06092659,0.01436683,0.99803919,-46.633888,-179.801315,-3.793308,855.0,67.66,,1936.0,0.2269,1.0,0.199,,,,,,6718.0,1.065604,-43.054028,-174.119217,-3.380249,,,,,,,,0.2231,
ndt,cascade,41,,,,,,-1.0,-1.0,-0.99279094,-0.10572815,0.05645925,0.10669669,-0.99418634,0.01441504,0.05460699,0.0203351,0.99830115,-57.581421,-179.052765,-3.072648,885.0,76.399,,1936.0,0.0944,1.0,0.007,,,,,,7382.0,4.934648,-50.831829,-181.592926,-2.655736,,,,,,,,0.0908,
ndt,cascade,41,,,,,,-1.0,-1.0,-0.98913109,-0.13107066,0.06663599,0.13202608,-0.99119407,0.01012379,0.06472228,0.01881149,0.99772608,-64.143036,-178.233459,-2.637,915.0,75.801,,1936.0,0.1186,1.0,0.103,,,,,,7635.0,4.039725,-60.980587,-182.014297,-1.758716,,,,,,,,0.1158,
ndt,cascade,41,,,,,,-1.0,-1.0,-0.99644613,0.03007817,0.07867966,-0.02943215,-0.99952298,0.0093575,0.07892362,0.00700854,0.99685621,-69.538857,-178.114487,-2.266237,945.0,80.965,,1936.0,0.0657,1.0,0.681,,,,,,8105.0,0.886684,-68.414261,-180.66481,-1.542438,,,,,,,,0.0666,
ndt,cascade,41,,,,,,-1.0,-1.0,-0.99544472,0.07195903,0.06255151,-0.07130894,-0.99737483,0.01256632,0.06329165,0.00804854,0.99796218,-74.21962,-178.733963,-1.939895,975.0,84.669,,1936.0,0.0659,1.0,0.105,,,,,,8279.0,2.972774,-67.457962,-177.566925,-2.418824,,,,,,,,0.0648,
ndt,cascade,41,,,,,,-1.0,-1.0,-0.99334252,-0.0998939,0.05736709,0.10119129,-0.99466205,0.02016688,0.05504634,0.02583766,0.99814957,-77.489113,-178.456406,-1.736257,1005.0,83.522,,1936.0,0.0498,1.0,0.008,,,,,,8443.0,3.620628,-78.072159,-172.659424,-1.930191,,,,,,,,0.0495,
ndt,cascade,41,,,,,,-1.0,-1.0,-0.99280542,-0.10256634,0.06178498,0.10386344,-0.99442542,0.01815278,0.05957872,0.02443941,0.99792445,-77.544968,-178.439041,-1.724728,1035.0,97.556,,1936.0,0.0554,1.0,0.073,,,,,,9575.0,4.847091,-86.492744,-177.24295,-2.05334,,,,,,,,0.0524,
ndt,cascade,41,,,,,,-1.0,-1.0,-0.99278539,-0.10289018,0.06157209,0.10417428,-0.99439538,0.01801472,0.05937349,0.02429904,0.99794018,-77.550339,-178.444046,-1.717845,1065.0,96.443,,1936.0,0.0634,1.0,0.093,,,,,,9758.0,0.830333,-80.801956,-177.050476,-1.579822,,,,,,,,0.0594,
ndt,cascade,41,,,,,,-1.0,-1.0,-0.98185217,-0.1802534,0.05894646,0.18161526,-0.98319328,0.01857978,0.05460675,0.02894818,0.99808818,-81.16732,-177.840378,-1.477571,1095.0,85.464,,1936.0,0.1883,1.0,0.281,,,,,,8370.0,4.66482,-86.936623,-173.367752,-1.286472,,,,,,,,0.1849,
ndt,cascade,41,,,,,,-1.0,-1.0,-0.99041796,0.11860263,0.07075223,-0.11623901,-0.99254447,0.03665263,0.07457182,0.02807723,0.99682045,-86.802345,-177.153381,-1.109612,1125.0,84.23,,1936.0,0.109,1.0,1.593,,,,,,8584.0,4.263813,-93.81192,-170.399658,-1.694968,,,,,,,,0.1113,
ndt,cascade,41,,,,,,-1.0,-1.0,-0.73048264,-0.68079621,0.05395383,0.68277484,-0.72972375,0.03635889,0.01461837,0.06339782,0.99788135,-90.617195,-176.006653,-0.91006,1155.0,84.908,,1936.0,0.2153,1.0,1.43,,,,,,8393.0,4.668337,-96.549118,-169.184875,-0.494971,,,,,,,,0.2143,
ndt,cascade,41,,,,,,-1.0,-1.0,0.11315028,-0.99065733,0.07612353,0.9934749,0.11390795,0.00567232,-0.01429039,0.074985,0.99708289,-90.427185,-173.596725,-0.989969,1185.0,82.4,,1936.0,0.1232,1.0,0.419,,,,,,7972.0,1.378345,-91.060883,-182.250702,-0.569629,,,,,,,,0.1221,
