scenario,planner,seed,k_samples,t_horizon,grad_steps,alpha,reached_goal,collision_free,success,steps,final_distance,min_goal_distance,cumulative_cost,collisions,mean_control_delta,control_roughness,avg_control_ms,total_control_ms,episode_ms,sample_budget
box_turn,diff_mppi_1,6256,256,16,1,0.02,0,1,0,260,0.393557,0.124587,4.21986,0,0.318628,0.149387,1.42067,369.375,375.272,1064960
box_turn,diff_mppi_1,6263,256,16,1,0.02,0,1,0,260,0.372838,0.114555,4.00965,0,0.293034,0.131635,1.32722,345.078,350.528,1064960
box_turn,diff_mppi_1,6270,256,16,1,0.02,0,1,0,260,0.41819,0.127378,4.56175,0,0.323043,0.158641,1.47128,382.533,388.525,1064960
box_turn,diff_mppi_1,6277,256,16,1,0.02,0,1,0,260,0.389302,0.118051,4.17376,0,0.302832,0.137852,1.49478,388.644,394.235,1064960
box_turn,diff_mppi_3,6256,256,16,3,0.01,0,1,0,260,0.408689,0.120249,4.38401,0,0.319616,0.156859,2.78106,723.076,729.605,1064960
box_turn,diff_mppi_3,6263,256,16,3,0.01,0,1,0,260,0.373964,0.103996,3.96685,0,0.314769,0.174469,2.74941,714.847,721.422,1064960
box_turn,diff_mppi_3,6270,256,16,3,0.01,0,1,0,260,0.416274,0.121194,4.53616,0,0.334412,0.182772,2.8165,732.291,739.642,1064960
box_turn,diff_mppi_3,6277,256,16,3,0.01,0,1,0,260,0.354983,0.109412,3.70102,0,0.324328,0.182004,2.76159,718.014,725.087,1064960
box_turn,mppi,6256,256,16,0,0,0,1,0,260,0.401023,0.141268,4.46975,0,0.323152,0.162452,0.0846369,22.0056,26.0012,1064960
box_turn,mppi,6263,256,16,0,0,0,1,0,260,0.403459,0.123229,4.5233,0,0.297437,0.129413,0.454063,118.056,122.863,1064960
box_turn,mppi,6270,256,16,0,0,0,1,0,260,0.409706,0.140012,4.50258,0,0.316923,0.140041,0.455978,118.554,124.38,1064960
box_turn,mppi,6277,256,16,0,0,0,1,0,260,0.428648,0.129929,4.89635,0,0.298403,0.122856,0.0786549,20.4503,24.2681,1064960
box_turn,soppi,6256,256,16,0,0,0,1,0,260,0.401005,0.139901,4.57908,0,0.318282,0.158139,0.960703,249.783,257.553,1064960
box_turn,soppi,6263,256,16,0,0,0,1,0,260,0.383178,0.132706,4.2873,0,0.303382,0.145838,0.97401,253.242,262.299,1064960
box_turn,soppi,6270,256,16,0,0,0,1,0,260,0.405534,0.145033,4.56195,0,0.325136,0.159639,0.930481,241.925,250.321,1064960
box_turn,soppi,6277,256,16,0,0,0,1,0,260,0.411004,0.139766,4.6557,0,0.316392,0.153533,0.704394,183.142,190.589,1064960
box_turn,soppi_fast,6256,256,16,0,0,0,1,0,260,0.391027,0.146579,4.36652,0,0.336134,0.179472,0.804572,209.189,216.579,1064960
box_turn,soppi_fast,6263,256,16,0,0,0,1,0,260,0.380585,0.135783,4.26527,0,0.31584,0.159772,0.523742,136.173,142.301,1064960
box_turn,soppi_fast,6270,256,16,0,0,0,1,0,260,0.412774,0.142158,4.64835,0,0.332468,0.168274,0.533034,138.589,144.799,1064960
box_turn,soppi_fast,6277,256,16,0,0,0,1,0,260,0.423117,0.13618,4.85186,0,0.300955,0.124872,0.734776,191.042,198.102,1064960
box_align,diff_mppi_1,6356,256,16,1,0.02,0,1,0,240,0.235049,0.020349,3.01749,0,0.328671,0.168671,1.35714,325.713,330.843,983040
box_align,diff_mppi_1,6363,256,16,1,0.02,1,1,1,84,0.218137,0.0380521,3.64874,0,0.491001,0.45383,1.4631,122.9,124.675,344064
box_align,diff_mppi_1,6370,256,16,1,0.02,0,1,0,240,0.226227,0.0321675,3.60841,0,0.313456,0.145164,1.23997,297.594,301.951,983040
box_align,diff_mppi_1,6377,256,16,1,0.02,0,1,0,240,0.921955,0.7,19.0762,0,0.253681,0.0845201,1.59842,383.621,388.642,983040
box_align,diff_mppi_3,6356,256,16,3,0.01,1,1,1,52,0.217269,0.0324348,2.08454,0,0.496367,0.357139,2.79037,145.099,146.498,212992
box_align,diff_mppi_3,6363,256,16,3,0.01,1,1,1,67,0.218231,0.0439146,3.51339,0,0.47488,0.411001,3.04095,203.744,205.616,274432
box_align,diff_mppi_3,6370,256,16,3,0.01,0,1,0,240,0.229185,0.0331101,3.61927,0,0.341404,0.203826,2.80641,673.539,679.847,983040
box_align,diff_mppi_3,6377,256,16,3,0.01,0,1,0,240,0.921955,0.7,19.0752,0,0.253678,0.0845159,2.86727,688.144,694.109,983040
box_align,mppi,6356,256,16,0,0,0,1,0,240,0.282537,0.0148982,3.41422,0,0.328108,0.165642,0.0786801,18.8832,22.4328,983040
box_align,mppi,6363,256,16,0,0,0,1,0,240,0.256781,0.0313449,4.66142,0,0.312296,0.157989,0.49906,119.774,125.148,983040
box_align,mppi,6370,256,16,0,0,0,1,0,240,0.269193,0.0464512,4.01278,0,0.316733,0.146689,0.481116,115.468,119.946,983040
box_align,mppi,6377,256,16,0,0,0,1,0,240,0.921955,0.7,19.0781,0,0.253691,0.0845295,0.357313,85.7551,90.1917,983040
box_align,soppi,6356,256,16,0,0,0,1,0,240,0.282382,0.0194,3.43806,0,0.323044,0.153863,0.729258,175.022,181.954,983040
box_align,soppi,6363,256,16,0,0,0,1,0,240,0.270428,0.0337957,4.47749,0,0.286961,0.118618,1.0311,247.465,254.997,983040
box_align,soppi,6370,256,16,0,0,0,1,0,240,0.281348,0.0464264,3.82845,0,0.285716,0.107393,1.00087,240.21,247.237,983040
box_align,soppi,6377,256,16,0,0,0,1,0,240,0.267617,0.0432701,5.07376,0,0.312685,0.165987,0.639482,153.476,159.534,983040
box_align,soppi_fast,6356,256,16,0,0,0,1,0,240,0.286724,0.017981,3.477,0,0.315841,0.146223,0.797924,191.502,197.619,983040
box_align,soppi_fast,6363,256,16,0,0,0,1,0,240,0.271191,0.0340855,4.49053,0,0.294158,0.130235,0.69917,167.801,174.229,983040
box_align,soppi_fast,6370,256,16,0,0,0,1,0,240,0.271738,0.0458496,3.79526,0,0.324135,0.152686,0.553136,132.753,138.185,983040
box_align,soppi_fast,6377,256,16,0,0,0,1,0,240,0.272859,0.0447436,5.15306,0,0.311333,0.160863,0.562382,134.972,140.458,983040
box_pivot,diff_mppi_1,6456,256,16,1,0.02,0,1,0,240,0.113991,0.138908,0.877837,0,0.285674,0.109857,1.57889,378.934,383.818,983040
box_pivot,diff_mppi_1,6463,256,16,1,0.02,0,1,0,240,0.111819,0.138882,1.37725,0,0.278869,0.10278,1.38466,332.319,337.394,983040
box_pivot,diff_mppi_1,6470,256,16,1,0.02,0,1,0,240,0.111122,0.158159,0.963696,0,0.277205,0.0991516,1.36591,327.819,332.687,983040
box_pivot,diff_mppi_1,6477,256,16,1,0.02,0,1,0,240,0.115334,0.136735,1.07254,0,0.284796,0.109901,1.58673,380.815,385.494,983040
box_pivot,diff_mppi_3,6456,256,16,3,0.01,0,1,0,240,0.117489,0.121253,0.862252,0,0.291325,0.118595,2.76821,664.371,670.237,983040
box_pivot,diff_mppi_3,6463,256,16,3,0.01,0,1,0,240,0.113216,0.12776,1.36173,0,0.279279,0.104331,2.7634,663.217,668.934,983040
box_pivot,diff_mppi_3,6470,256,16,3,0.01,0,1,0,240,0.113383,0.123888,0.917681,0,0.281905,0.104439,2.66498,639.596,646.184,983040
box_pivot,diff_mppi_3,6477,256,16,3,0.01,0,1,0,240,0.11718,0.126081,1.05363,0,0.288802,0.113929,2.78995,669.589,675.821,983040
box_pivot,mppi,6456,256,16,0,0,0,1,0,240,0.10756,0.199127,0.982468,0,0.290117,0.112054,0.350022,84.0053,88.2561,983040
box_pivot,mppi,6463,256,16,0,0,0,1,0,240,0.110801,0.190415,1.48337,0,0.273423,0.0941281,0.416375,99.9299,104.501,983040
box_pivot,mppi,6470,256,16,0,0,0,1,0,240,0.107679,0.175232,1.01618,0,0.277319,0.097553,0.103874,24.9297,28.5173,983040
box_pivot,mppi,6477,256,16,0,0,0,1,0,240,0.107542,0.18482,1.15155,0,0.280879,0.106653,0.474659,113.918,118.594,983040
box_pivot,soppi,6456,256,16,0,0,0,1,0,240,0.105429,0.205152,0.993096,0,0.295429,0.121148,0.878395,210.815,217.991,983040
box_pivot,soppi,6463,256,16,0,0,0,1,0,240,0.105273,0.19519,1.30796,0,0.284784,0.104223,0.740133,177.632,184.215,983040
box_pivot,soppi,6470,256,16,0,0,0,1,0,240,0.108296,0.183778,1.00771,0,0.275321,0.097421,1.029,246.961,255.149,983040
box_pivot,soppi,6477,256,16,0,0,0,1,0,240,0.108796,0.187711,1.12431,0,0.275369,0.0956013,1.01212,242.909,250.034,983040
box_pivot,soppi_fast,6456,256,16,0,0,0,1,0,240,0.106787,0.198088,0.98174,0,0.293559,0.118556,0.563489,135.237,140.885,983040
box_pivot,soppi_fast,6463,256,16,0,0,0,1,0,240,0.104247,0.197596,1.36893,0,0.278643,0.0993443,0.555496,133.319,138.727,983040
box_pivot,soppi_fast,6470,256,16,0,0,0,1,0,240,0.108878,0.183831,1.01583,0,0.279534,0.100351,0.56564,135.754,141.836,983040
box_pivot,soppi_fast,6477,256,16,0,0,0,1,0,240,0.109327,0.188988,1.12558,0,0.27544,0.0968124,0.756489,181.557,188.296,983040
box_swivel,diff_mppi_1,6556,256,16,1,0.02,1,1,1,40,0.215879,0.0277856,0.628329,0,0.248393,0.0883044,1.39093,55.6371,56.4366,163840
box_swivel,diff_mppi_1,6563,256,16,1,0.02,0,1,0,240,0.452769,0.3,4.57794,0,0.254657,0.0846275,1.60563,385.352,390.278,983040
box_swivel,diff_mppi_1,6570,256,16,1,0.02,1,1,1,71,0.214324,0.0198129,1.21536,0,0.279569,0.0959763,1.6059,114.019,115.542,290816
box_swivel,diff_mppi_1,6577,256,16,1,0.02,1,1,1,51,0.20887,0.0248858,0.826648,0,0.251907,0.0821987,0.536832,27.3784,28.2149,208896
box_swivel,diff_mppi_3,6556,256,16,3,0.01,1,1,1,40,0.206408,0.0343653,0.622846,0,0.242689,0.0856643,2.98976,119.59,120.625,163840
box_swivel,diff_mppi_3,6563,256,16,3,0.01,0,1,0,240,0.452769,0.3,4.57658,0,0.254603,0.0846026,2.87445,689.868,695.473,983040
box_swivel,diff_mppi_3,6570,256,16,3,0.01,1,1,1,70,0.211753,0.0297111,1.20022,0,0.283664,0.1002,2.75007,192.505,194.213,286720
box_swivel,diff_mppi_3,6577,256,16,3,0.01,1,1,1,50,0.213409,0.0373505,0.817517,0,0.258868,0.0871722,2.85385,142.693,143.874,204800
box_swivel,mppi,6556,256,16,0,0,1,1,1,44,0.214498,0.00771788,0.663732,0,0.238314,0.0766229,1.66125,73.0951,75.1888,180224
box_swivel,mppi,6563,256,16,0,0,0,1,0,240,0.452769,0.3,4.58057,0,0.254754,0.0846738,0.0690192,16.5646,19.3589,983040
box_swivel,mppi,6570,256,16,0,0,1,1,1,74,0.215667,0.000343055,1.24823,0,0.280672,0.098203,0.382135,28.278,30.606,303104
box_swivel,mppi,6577,256,16,0,0,1,1,1,54,0.215528,0.0181293,0.856446,0,0.2514,0.0794752,1.3146,70.9885,73.1076,221184
box_swivel,soppi,6556,256,16,0,0,1,1,1,44,0.218579,0.00549895,0.67011,0,0.245328,0.0807128,0.23741,10.446,10.9399,180224
box_swivel,soppi,6563,256,16,0,0,1,1,1,228,0.215341,0.00177196,4.16319,0,0.261019,0.0876105,1.00003,228.007,235.909,933888
box_swivel,soppi,6570,256,16,0,0,1,1,1,70,0.214895,0.00477484,1.16302,0,0.263578,0.0881921,0.387655,27.1358,28.4722,286720
box_swivel,soppi,6577,256,16,0,0,1,1,1,50,0.210687,0.0127382,0.772025,0,0.259468,0.0826748,1.1509,57.5448,60.2988,204800
box_swivel,soppi_fast,6556,256,16,0,0,1,1,1,43,0.218933,0.00595945,0.656539,0,0.23863,0.0766715,1.0873,46.754,48.2397,176128
box_swivel,soppi_fast,6563,256,16,0,0,0,1,0,240,0.295435,0.0498379,4.48941,0,0.257909,0.0863782,0.542253,130.141,135.837,983040
box_swivel,soppi_fast,6570,256,16,0,0,1,1,1,70,0.21723,0.00484487,1.1688,0,0.266554,0.089623,0.165286,11.5701,13.3441,286720
box_swivel,soppi_fast,6577,256,16,0,0,1,1,1,50,0.214051,0.0160915,0.776312,0,0.259406,0.0824995,1.10556,55.2781,56.8418,204800
box_align_strict,diff_mppi_1,6656,256,16,1,0.02,1,1,1,77,0.267547,0.068114,4.48338,0,0.442774,0.326867,1.13441,87.3496,88.8763,315392
box_align_strict,diff_mppi_1,6663,256,16,1,0.02,1,1,1,95,0.275146,0.0458737,5.74621,0,0.430064,0.352247,1.43585,136.406,138.434,389120
box_align_strict,diff_mppi_1,6670,256,16,1,0.02,1,1,1,64,0.278222,0.0478933,3.21622,0,0.387011,0.285232,1.3581,86.9185,88.0367,262144
box_align_strict,diff_mppi_1,6677,256,16,1,0.02,1,1,1,56,0.275182,0.0591994,2.78881,0,0.463058,0.408825,2.01408,112.788,114.02,229376
box_align_strict,diff_mppi_3,6656,256,16,3,0.01,1,1,1,77,0.252502,0.0738754,4.47342,0,0.404244,0.254766,2.46777,190.018,192.203,315392
box_align_strict,diff_mppi_3,6663,256,16,3,0.01,1,1,1,94,0.275051,0.0489125,5.67671,0,0.43408,0.374595,2.65712,249.769,252.164,385024
box_align_strict,diff_mppi_3,6670,256,16,3,0.01,1,1,1,58,0.274825,0.0635675,3.08172,0,0.410027,0.273972,2.88319,167.225,168.66,237568
box_align_strict,diff_mppi_3,6677,256,16,3,0.01,1,1,1,55,0.272247,0.0672213,2.79569,0,0.45314,0.328832,2.95728,162.65,164.148,225280
box_align_strict,mppi,6656,256,16,0,0,1,1,1,82,0.279685,0.0202052,4.59363,0,0.35822,0.194506,0.0833792,6.83709,7.79274,335872
box_align_strict,mppi,6663,256,16,0,0,1,1,1,98,0.27904,0.0408378,5.83319,0,0.363195,0.245733,0.0773767,7.58292,8.6691,401408
box_align_strict,mppi,6670,256,16,0,0,0,1,0,240,0.293706,0.0291684,4.55918,0,0.303526,0.146006,0.480571,115.337,120.787,983040
box_align_strict,mppi,6677,256,16,0,0,1,1,1,64,0.279613,0.0392783,3.01352,0,0.363638,0.199715,0.0634661,4.06183,4.83293,262144
box_align_strict,soppi,6656,256,16,0,0,1,1,1,92,0.279379,0.00607079,4.53398,0,0.33525,0.149234,1.25277,115.254,118.074,376832
box_align_strict,soppi,6663,256,16,0,0,0,1,0,240,0.280708,0.0305442,5.7625,0,0.32437,0.151194,0.757272,181.745,188.565,983040
box_align_strict,soppi,6670,256,16,0,0,0,1,0,240,0.294957,0.0361869,4.34913,0,0.309828,0.162406,0.857153,205.717,212.702,983040
box_align_strict,soppi,6677,256,16,0,0,1,1,1,64,0.278836,0.0416864,2.88943,0,0.365394,0.205098,1.11281,71.2198,73.5561,262144
box_align_strict,soppi_fast,6656,256,16,0,0,1,1,1,83,0.278407,0.01021,4.43191,0,0.389234,0.239346,0.518755,43.0567,45.0334,339968
box_align_strict,soppi_fast,6663,256,16,0,0,1,1,1,88,0.277141,0.0280756,4.79286,0,0.342504,0.171233,0.430836,37.9136,39.7794,360448
box_align_strict,soppi_fast,6670,256,16,0,0,0,1,0,240,0.28394,0.0317549,4.29681,0,0.293951,0.131651,0.816682,196.004,203.063,983040
box_align_strict,soppi_fast,6677,256,16,0,0,1,1,1,65,0.277326,0.0363038,2.89562,0,0.375844,0.238852,0.167379,10.8796,12.5443,266240
box_align_detour,diff_mppi_1,6756,256,16,1,0.02,0,1,0,280,0.267624,0.0404962,2.48727,0,0.277693,0.100211,1.68771,472.559,478.46,1146880
box_align_detour,diff_mppi_1,6763,256,16,1,0.02,0,1,0,280,0.263401,0.0151616,2.43731,0,0.282056,0.10742,1.53693,430.341,436.048,1146880
box_align_detour,diff_mppi_1,6770,256,16,1,0.02,0,1,0,280,0.261954,0.0300165,2.45827,0,0.293823,0.114414,1.77422,496.782,502.635,1146880
box_align_detour,diff_mppi_1,6777,256,16,1,0.02,0,1,0,280,0.281844,0.0400527,2.66975,0,0.294026,0.128809,1.57536,441.1,447.053,1146880
box_align_detour,diff_mppi_3,6756,256,16,3,0.01,0,1,0,280,0.267941,0.0444316,2.4554,0,0.288056,0.114417,3.1232,874.497,881.743,1146880
box_align_detour,diff_mppi_3,6763,256,16,3,0.01,0,1,0,280,0.263837,0.0171948,2.38555,0,0.280574,0.105396,3.00329,840.922,847.814,1146880
box_align_detour,diff_mppi_3,6770,256,16,3,0.01,1,1,1,38,0.218607,0.0298269,1.01215,0,0.448201,0.271515,2.9682,112.792,113.673,155648
box_align_detour,diff_mppi_3,6777,256,16,3,0.01,0,1,0,280,0.273767,0.0407399,2.59481,0,0.300578,0.1362,3.13958,879.081,886.009,1146880
box_align_detour,mppi,6756,256,16,0,0,0,1,0,280,0.295517,0.0182574,2.89357,0,0.29151,0.118681,0.382184,107.012,112.876,1146880
box_align_detour,mppi,6763,256,16,0,0,0,1,0,280,0.289295,0.018877,2.76034,0,0.288168,0.111327,0.432032,120.969,125.975,1146880
box_align_detour,mppi,6770,256,16,0,0,0,1,0,280,0.284812,0.0174319,2.81726,0,0.28687,0.107322,0.429433,120.241,126.155,1146880
box_align_detour,mppi,6777,256,16,0,0,0,1,0,280,0.306418,0.0414924,3.07454,0,0.289549,0.122732,0.430642,120.58,126.647,1146880
box_align_detour,soppi,6756,256,16,0,0,0,1,0,280,0.301531,0.0209493,2.95124,0,0.284313,0.111463,0.92917,260.168,269.1,1146880
box_align_detour,soppi,6763,256,16,0,0,0,1,0,280,0.295551,0.0212089,2.84694,0,0.292171,0.117861,0.902333,252.653,259.566,1146880
box_align_detour,soppi,6770,256,16,0,0,0,1,0,280,0.273169,0.0171361,2.68738,0,0.301945,0.122195,0.569882,159.567,164.31,1146880
box_align_detour,soppi,6777,256,16,0,0,0,1,0,280,0.307239,0.0432145,3.10615,0,0.293582,0.127194,1.00216,280.605,289.737,1146880
box_align_detour,soppi_fast,6756,256,16,0,0,0,1,0,280,0.302309,0.01999,2.96873,0,0.289218,0.115053,0.676615,189.452,196.505,1146880
box_align_detour,soppi_fast,6763,256,16,0,0,0,1,0,280,0.293153,0.0258491,2.81257,0,0.285377,0.11062,0.872539,244.311,253.628,1146880
box_align_detour,soppi_fast,6770,256,16,0,0,0,1,0,280,0.28213,0.0141857,2.81554,0,0.299474,0.119429,0.529259,148.192,154.667,1146880
box_align_detour,soppi_fast,6777,256,16,0,0,0,1,0,280,0.307818,0.0428973,3.09494,0,0.292938,0.126143,0.875202,245.057,253.491,1146880
